USE [QLPHONGKHAM]
GO
INSERT [dbo].[TaiKhoan] ([SDT], [MatKhau], [LoaiTK]) VALUES (N'0057697104', N'SOL7', N'QTV')
GO
INSERT [dbo].[TaiKhoan] ([SDT], [MatKhau], [LoaiTK]) VALUES (N'0059165243', N'RET67', N'QTV')
GO
INSERT [dbo].[TaiKhoan] ([SDT], [MatKhau], [LoaiTK]) VALUES (N'0227261460', N'SID8386', N'QTV')
GO
INSERT [dbo].[TaiKhoan] ([SDT], [MatKhau], [LoaiTK]) VALUES (N'0320565833', N'NIZ99018', N'NV')
GO
INSERT [dbo].[TaiKhoan] ([SDT], [MatKhau], [LoaiTK]) VALUES (N'0346397217', N'CER', N'NV')
GO
INSERT [dbo].[TaiKhoan] ([SDT], [MatKhau], [LoaiTK]) VALUES (N'0594865615', N'ZAD3', N'NS')
GO
INSERT [dbo].[TaiKhoan] ([SDT], [MatKhau], [LoaiTK]) VALUES (N'0711519479', N'DON722', N'QTV')
GO
INSERT [dbo].[TaiKhoan] ([SDT], [MatKhau], [LoaiTK]) VALUES (N'0780105243', N'DUB07', N'KH')
GO
INSERT [dbo].[TaiKhoan] ([SDT], [MatKhau], [LoaiTK]) VALUES (N'0962955498', N'XOS', N'NV')
GO
INSERT [dbo].[TaiKhoan] ([SDT], [MatKhau], [LoaiTK]) VALUES (N'1076082927', N'QEZ5766', N'KH')
GO
INSERT [dbo].[TaiKhoan] ([SDT], [MatKhau], [LoaiTK]) VALUES (N'1185785988', N'PEQ7', N'QTV')
GO
INSERT [dbo].[TaiKhoan] ([SDT], [MatKhau], [LoaiTK]) VALUES (N'1281984130', N'WUW1', N'NV')
GO
INSERT [dbo].[TaiKhoan] ([SDT], [MatKhau], [LoaiTK]) VALUES (N'1296725308', N'YOM959', N'NS')
GO
INSERT [dbo].[TaiKhoan] ([SDT], [MatKhau], [LoaiTK]) VALUES (N'1402077433', N'FUV37072', N'NV')
GO
INSERT [dbo].[TaiKhoan] ([SDT], [MatKhau], [LoaiTK]) VALUES (N'1408598037', N'SUK47102', N'KH')
GO
INSERT [dbo].[TaiKhoan] ([SDT], [MatKhau], [LoaiTK]) VALUES (N'1478671790', N'GIB89096', N'KH')
GO
INSERT [dbo].[TaiKhoan] ([SDT], [MatKhau], [LoaiTK]) VALUES (N'1505435913', N'VIP16378', N'NS')
GO
INSERT [dbo].[TaiKhoan] ([SDT], [MatKhau], [LoaiTK]) VALUES (N'1827779200', N'QAW941', N'QTV')
GO
INSERT [dbo].[TaiKhoan] ([SDT], [MatKhau], [LoaiTK]) VALUES (N'1857724913', N'MEB1', N'KH')
GO
INSERT [dbo].[TaiKhoan] ([SDT], [MatKhau], [LoaiTK]) VALUES (N'1970188152', N'MUM14', N'QTV')
GO
INSERT [dbo].[TaiKhoan] ([SDT], [MatKhau], [LoaiTK]) VALUES (N'2030887396', N'XIN4', N'NV')
GO
INSERT [dbo].[TaiKhoan] ([SDT], [MatKhau], [LoaiTK]) VALUES (N'2163904868', N'RID', N'QTV')
GO
INSERT [dbo].[TaiKhoan] ([SDT], [MatKhau], [LoaiTK]) VALUES (N'2442500819', N'HOY47551', N'KH')
GO
INSERT [dbo].[TaiKhoan] ([SDT], [MatKhau], [LoaiTK]) VALUES (N'2555451597', N'BUG44807', N'NV')
GO
INSERT [dbo].[TaiKhoan] ([SDT], [MatKhau], [LoaiTK]) VALUES (N'2631190791', N'GUL60168', N'NS')
GO
INSERT [dbo].[TaiKhoan] ([SDT], [MatKhau], [LoaiTK]) VALUES (N'2694783304', N'LAJ067', N'QTV')
GO
INSERT [dbo].[TaiKhoan] ([SDT], [MatKhau], [LoaiTK]) VALUES (N'2947504103', N'JIP983', N'NS')
GO
INSERT [dbo].[TaiKhoan] ([SDT], [MatKhau], [LoaiTK]) VALUES (N'2988105709', N'YOR49', N'NV')
GO
INSERT [dbo].[TaiKhoan] ([SDT], [MatKhau], [LoaiTK]) VALUES (N'3095216148', N'FAQ322', N'KH')
GO
INSERT [dbo].[TaiKhoan] ([SDT], [MatKhau], [LoaiTK]) VALUES (N'3122229629', N'WOK73786', N'NV')
GO
INSERT [dbo].[TaiKhoan] ([SDT], [MatKhau], [LoaiTK]) VALUES (N'3252993855', N'NUR8867', N'QTV')
GO
INSERT [dbo].[TaiKhoan] ([SDT], [MatKhau], [LoaiTK]) VALUES (N'3261806290', N'KOK204', N'NV')
GO
INSERT [dbo].[TaiKhoan] ([SDT], [MatKhau], [LoaiTK]) VALUES (N'3323641709', N'DEF43471', N'NV')
GO
INSERT [dbo].[TaiKhoan] ([SDT], [MatKhau], [LoaiTK]) VALUES (N'3360220812', N'HEC59750', N'QTV')
GO
INSERT [dbo].[TaiKhoan] ([SDT], [MatKhau], [LoaiTK]) VALUES (N'3466549699', N'GOH55', N'QTV')
GO
INSERT [dbo].[TaiKhoan] ([SDT], [MatKhau], [LoaiTK]) VALUES (N'3513762029', N'HIF40810', N'KH')
GO
INSERT [dbo].[TaiKhoan] ([SDT], [MatKhau], [LoaiTK]) VALUES (N'3701696125', N'BOC81311', N'NV')
GO
INSERT [dbo].[TaiKhoan] ([SDT], [MatKhau], [LoaiTK]) VALUES (N'3821986845', N'TAJ88512', N'QTV')
GO
INSERT [dbo].[TaiKhoan] ([SDT], [MatKhau], [LoaiTK]) VALUES (N'3860620780', N'ROG387', N'NS')
GO
INSERT [dbo].[TaiKhoan] ([SDT], [MatKhau], [LoaiTK]) VALUES (N'4012044790', N'HIR', N'QTV')
GO
INSERT [dbo].[TaiKhoan] ([SDT], [MatKhau], [LoaiTK]) VALUES (N'4127575592', N'KOS370', N'NS')
GO
INSERT [dbo].[TaiKhoan] ([SDT], [MatKhau], [LoaiTK]) VALUES (N'4170746129', N'HAF', N'QTV')
GO
INSERT [dbo].[TaiKhoan] ([SDT], [MatKhau], [LoaiTK]) VALUES (N'4287028968', N'VAF47', N'NV')
GO
INSERT [dbo].[TaiKhoan] ([SDT], [MatKhau], [LoaiTK]) VALUES (N'4313617166', N'SUW606', N'NV')
GO
INSERT [dbo].[TaiKhoan] ([SDT], [MatKhau], [LoaiTK]) VALUES (N'4366239362', N'XUW9525', N'NS')
GO
INSERT [dbo].[TaiKhoan] ([SDT], [MatKhau], [LoaiTK]) VALUES (N'4400638477', N'HOM', N'NS')
GO
INSERT [dbo].[TaiKhoan] ([SDT], [MatKhau], [LoaiTK]) VALUES (N'4482242221', N'PUL53391', N'QTV')
GO
INSERT [dbo].[TaiKhoan] ([SDT], [MatKhau], [LoaiTK]) VALUES (N'4595344030', N'KUL3', N'NV')
GO
INSERT [dbo].[TaiKhoan] ([SDT], [MatKhau], [LoaiTK]) VALUES (N'4596968469', N'JOQ0', N'QTV')
GO
INSERT [dbo].[TaiKhoan] ([SDT], [MatKhau], [LoaiTK]) VALUES (N'4616772613', N'TOB67981', N'QTV')
GO
INSERT [dbo].[TaiKhoan] ([SDT], [MatKhau], [LoaiTK]) VALUES (N'4732022823', N'CER63016', N'QTV')
GO
INSERT [dbo].[TaiKhoan] ([SDT], [MatKhau], [LoaiTK]) VALUES (N'4816810590', N'CEC58442', N'KH')
GO
INSERT [dbo].[TaiKhoan] ([SDT], [MatKhau], [LoaiTK]) VALUES (N'5015385228', N'WEF80', N'NS')
GO
INSERT [dbo].[TaiKhoan] ([SDT], [MatKhau], [LoaiTK]) VALUES (N'5054288103', N'LIM47', N'NS')
GO
INSERT [dbo].[TaiKhoan] ([SDT], [MatKhau], [LoaiTK]) VALUES (N'5075760420', N'XEG95', N'NS')
GO
INSERT [dbo].[TaiKhoan] ([SDT], [MatKhau], [LoaiTK]) VALUES (N'5248452291', N'TIY5', N'NV')
GO
INSERT [dbo].[TaiKhoan] ([SDT], [MatKhau], [LoaiTK]) VALUES (N'5368129600', N'BIQ25213', N'NS')
GO
INSERT [dbo].[TaiKhoan] ([SDT], [MatKhau], [LoaiTK]) VALUES (N'5495708834', N'QEY8', N'NS')
GO
INSERT [dbo].[TaiKhoan] ([SDT], [MatKhau], [LoaiTK]) VALUES (N'5656420043', N'WIY28830', N'NS')
GO
INSERT [dbo].[TaiKhoan] ([SDT], [MatKhau], [LoaiTK]) VALUES (N'5728134324', N'SAM2137', N'KH')
GO
INSERT [dbo].[TaiKhoan] ([SDT], [MatKhau], [LoaiTK]) VALUES (N'5795714293', N'RIH', N'QTV')
GO
INSERT [dbo].[TaiKhoan] ([SDT], [MatKhau], [LoaiTK]) VALUES (N'5950166375', N'JUQ4821', N'NV')
GO
INSERT [dbo].[TaiKhoan] ([SDT], [MatKhau], [LoaiTK]) VALUES (N'6377939306', N'FIL3', N'NV')
GO
INSERT [dbo].[TaiKhoan] ([SDT], [MatKhau], [LoaiTK]) VALUES (N'6466738821', N'LOM95', N'QTV')
GO
INSERT [dbo].[TaiKhoan] ([SDT], [MatKhau], [LoaiTK]) VALUES (N'6673673611', N'XIR737', N'KH')
GO
INSERT [dbo].[TaiKhoan] ([SDT], [MatKhau], [LoaiTK]) VALUES (N'6696569451', N'VOW3030', N'QTV')
GO
INSERT [dbo].[TaiKhoan] ([SDT], [MatKhau], [LoaiTK]) VALUES (N'6770556377', N'HER1150', N'QTV')
GO
INSERT [dbo].[TaiKhoan] ([SDT], [MatKhau], [LoaiTK]) VALUES (N'6891112859', N'VEL', N'NS')
GO
INSERT [dbo].[TaiKhoan] ([SDT], [MatKhau], [LoaiTK]) VALUES (N'7103264009', N'JIP', N'NV')
GO
INSERT [dbo].[TaiKhoan] ([SDT], [MatKhau], [LoaiTK]) VALUES (N'7234291006', N'XUW2', N'NV')
GO
INSERT [dbo].[TaiKhoan] ([SDT], [MatKhau], [LoaiTK]) VALUES (N'7436028045', N'FES2', N'KH')
GO
INSERT [dbo].[TaiKhoan] ([SDT], [MatKhau], [LoaiTK]) VALUES (N'7437933380', N'LOL010', N'NS')
GO
INSERT [dbo].[TaiKhoan] ([SDT], [MatKhau], [LoaiTK]) VALUES (N'7451885908', N'SOR7', N'NS')
GO
INSERT [dbo].[TaiKhoan] ([SDT], [MatKhau], [LoaiTK]) VALUES (N'7820801853', N'LOQ028', N'KH')
GO
INSERT [dbo].[TaiKhoan] ([SDT], [MatKhau], [LoaiTK]) VALUES (N'7870983689', N'COS36469', N'NS')
GO
INSERT [dbo].[TaiKhoan] ([SDT], [MatKhau], [LoaiTK]) VALUES (N'7894642782', N'YUV3066', N'QTV')
GO
INSERT [dbo].[TaiKhoan] ([SDT], [MatKhau], [LoaiTK]) VALUES (N'7969781487', N'QUW8894', N'NS')
GO
INSERT [dbo].[TaiKhoan] ([SDT], [MatKhau], [LoaiTK]) VALUES (N'7984355262', N'SAK', N'NS')
GO
INSERT [dbo].[TaiKhoan] ([SDT], [MatKhau], [LoaiTK]) VALUES (N'8087869465', N'KEF430', N'NS')
GO
INSERT [dbo].[TaiKhoan] ([SDT], [MatKhau], [LoaiTK]) VALUES (N'8214697652', N'MIP65', N'NS')
GO
INSERT [dbo].[TaiKhoan] ([SDT], [MatKhau], [LoaiTK]) VALUES (N'8299787015', N'YIJ', N'QTV')
GO
INSERT [dbo].[TaiKhoan] ([SDT], [MatKhau], [LoaiTK]) VALUES (N'8436755176', N'LEH34', N'QTV')
GO
INSERT [dbo].[TaiKhoan] ([SDT], [MatKhau], [LoaiTK]) VALUES (N'8471101445', N'YOL88', N'QTV')
GO
INSERT [dbo].[TaiKhoan] ([SDT], [MatKhau], [LoaiTK]) VALUES (N'8520230427', N'LUR86590', N'NV')
GO
INSERT [dbo].[TaiKhoan] ([SDT], [MatKhau], [LoaiTK]) VALUES (N'8597800136', N'JAJ334', N'NS')
GO
INSERT [dbo].[TaiKhoan] ([SDT], [MatKhau], [LoaiTK]) VALUES (N'8608996246', N'NEC', N'NS')
GO
INSERT [dbo].[TaiKhoan] ([SDT], [MatKhau], [LoaiTK]) VALUES (N'8943106445', N'MOJ40', N'NV')
GO
INSERT [dbo].[TaiKhoan] ([SDT], [MatKhau], [LoaiTK]) VALUES (N'9159556342', N'HAJ8', N'KH')
GO
INSERT [dbo].[TaiKhoan] ([SDT], [MatKhau], [LoaiTK]) VALUES (N'9184342228', N'TAV85660', N'NV')
GO
INSERT [dbo].[TaiKhoan] ([SDT], [MatKhau], [LoaiTK]) VALUES (N'9248213884', N'FAS81', N'NS')
GO
INSERT [dbo].[TaiKhoan] ([SDT], [MatKhau], [LoaiTK]) VALUES (N'9335024867', N'XOD814', N'KH')
GO
INSERT [dbo].[TaiKhoan] ([SDT], [MatKhau], [LoaiTK]) VALUES (N'9442774095', N'MOY45964', N'NS')
GO
INSERT [dbo].[TaiKhoan] ([SDT], [MatKhau], [LoaiTK]) VALUES (N'9477190529', N'TOW', N'QTV')
GO
INSERT [dbo].[TaiKhoan] ([SDT], [MatKhau], [LoaiTK]) VALUES (N'9508219543', N'QAH58927', N'KH')
GO
INSERT [dbo].[TaiKhoan] ([SDT], [MatKhau], [LoaiTK]) VALUES (N'9723663973', N'NUX7114', N'QTV')
GO
INSERT [dbo].[TaiKhoan] ([SDT], [MatKhau], [LoaiTK]) VALUES (N'9746949602', N'GUR78437', N'QTV')
GO
INSERT [dbo].[TaiKhoan] ([SDT], [MatKhau], [LoaiTK]) VALUES (N'9765360203', N'BEN36', N'NV')
GO
INSERT [dbo].[TaiKhoan] ([SDT], [MatKhau], [LoaiTK]) VALUES (N'9769115605', N'SOG4', N'KH')
GO
INSERT [dbo].[TaiKhoan] ([SDT], [MatKhau], [LoaiTK]) VALUES (N'9798325318', N'XOL6', N'KH')
GO
INSERT [dbo].[TaiKhoan] ([SDT], [MatKhau], [LoaiTK]) VALUES (N'9985500652', N'ZAR5', N'NV')
GO
INSERT [dbo].[KhachHang] ([MaKH], [HoTen], [NgSinh], [DiaChiKH], [SDT]) VALUES (N'KH00 ', N'Perry Mcintosh', CAST(N'2006-12-27' AS Date), N'152 Rocky Nobel Street', N'1076082927')
GO
INSERT [dbo].[KhachHang] ([MaKH], [HoTen], [NgSinh], [DiaChiKH], [SDT]) VALUES (N'KH01 ', N'Kerrie Scott', CAST(N'1970-02-20' AS Date), N'32 South Rocky Nobel Avenue', N'9335024867')
GO
INSERT [dbo].[KhachHang] ([MaKH], [HoTen], [NgSinh], [DiaChiKH], [SDT]) VALUES (N'KH02 ', N'Daphne Woodard', CAST(N'1997-03-26' AS Date), N'546 Milton Avenue', N'7969781487')
GO
INSERT [dbo].[KhachHang] ([MaKH], [HoTen], [NgSinh], [DiaChiKH], [SDT]) VALUES (N'KH03 ', N'Dwayne Arias', CAST(N'1985-05-20' AS Date), N'57 Green Milton Boulevard', N'2988105709')
GO
INSERT [dbo].[KhachHang] ([MaKH], [HoTen], [NgSinh], [DiaChiKH], [SDT]) VALUES (N'KH04 ', N'Gloria Tate', CAST(N'2006-03-12' AS Date), N'565 Hague Freeway', N'3095216148')
GO
INSERT [dbo].[KhachHang] ([MaKH], [HoTen], [NgSinh], [DiaChiKH], [SDT]) VALUES (N'KH05 ', N'Dallas Durham', CAST(N'1977-12-20' AS Date), N'52 White Second Road', N'3095216148')
GO
INSERT [dbo].[KhachHang] ([MaKH], [HoTen], [NgSinh], [DiaChiKH], [SDT]) VALUES (N'KH06 ', N'Sonny Stephenson', CAST(N'1958-09-12' AS Date), N'525 White New Freeway', N'8597800136')
GO
INSERT [dbo].[KhachHang] ([MaKH], [HoTen], [NgSinh], [DiaChiKH], [SDT]) VALUES (N'KH07 ', N'Jayson Little', CAST(N'1961-10-29' AS Date), N'924 New Boulevard', N'1185785988')
GO
INSERT [dbo].[KhachHang] ([MaKH], [HoTen], [NgSinh], [DiaChiKH], [SDT]) VALUES (N'KH08 ', N'Kate Ellison', CAST(N'2016-09-04' AS Date), N'68 Green Milton St.', N'7437933380')
GO
INSERT [dbo].[KhachHang] ([MaKH], [HoTen], [NgSinh], [DiaChiKH], [SDT]) VALUES (N'KH09 ', N'Billy Estes', CAST(N'1990-05-19' AS Date), N'183 Oak Avenue', N'2442500819')
GO
INSERT [dbo].[KhachHang] ([MaKH], [HoTen], [NgSinh], [DiaChiKH], [SDT]) VALUES (N'KH10 ', N'Laura Kidd', CAST(N'1974-09-28' AS Date), N'277 New Street', N'5054288103')
GO
INSERT [dbo].[KhachHang] ([MaKH], [HoTen], [NgSinh], [DiaChiKH], [SDT]) VALUES (N'KH11 ', N'Isaac Nolan', CAST(N'2020-02-13' AS Date), N'382 First Freeway', N'9769115605')
GO
INSERT [dbo].[KhachHang] ([MaKH], [HoTen], [NgSinh], [DiaChiKH], [SDT]) VALUES (N'KH12 ', N'Tanya Lewis', CAST(N'2022-11-14' AS Date), N'65 Cowley St.', N'4287028968')
GO
INSERT [dbo].[KhachHang] ([MaKH], [HoTen], [NgSinh], [DiaChiKH], [SDT]) VALUES (N'KH13 ', N'Jane Mc Guire', CAST(N'1962-07-22' AS Date), N'39 Rocky Clarendon Drive', N'5950166375')
GO
INSERT [dbo].[KhachHang] ([MaKH], [HoTen], [NgSinh], [DiaChiKH], [SDT]) VALUES (N'KH14 ', N'Jenny Beasley', CAST(N'1987-09-06' AS Date), N'63 Cowley Road', N'7437933380')
GO
INSERT [dbo].[KhachHang] ([MaKH], [HoTen], [NgSinh], [DiaChiKH], [SDT]) VALUES (N'KH15 ', N'Adrian Gay', CAST(N'1990-04-20' AS Date), N'67 South Oak St.', N'8608996246')
GO
INSERT [dbo].[KhachHang] ([MaKH], [HoTen], [NgSinh], [DiaChiKH], [SDT]) VALUES (N'KH16 ', N'Nichole Graham', CAST(N'1998-01-24' AS Date), N'47 West Milton Way', N'4595344030')
GO
INSERT [dbo].[KhachHang] ([MaKH], [HoTen], [NgSinh], [DiaChiKH], [SDT]) VALUES (N'KH17 ', N'Mandy Ortega', CAST(N'2022-05-12' AS Date), N'45 Clarendon St.', N'4127575592')
GO
INSERT [dbo].[KhachHang] ([MaKH], [HoTen], [NgSinh], [DiaChiKH], [SDT]) VALUES (N'KH18 ', N'Gilberto Woodard', CAST(N'2012-09-02' AS Date), N'37 Clarendon Drive', N'4482242221')
GO
INSERT [dbo].[KhachHang] ([MaKH], [HoTen], [NgSinh], [DiaChiKH], [SDT]) VALUES (N'KH19 ', N'Carla Schmidt', CAST(N'2001-11-08' AS Date), N'252 Rocky First Drive', N'3095216148')
GO
INSERT [dbo].[KhachHang] ([MaKH], [HoTen], [NgSinh], [DiaChiKH], [SDT]) VALUES (N'KH20 ', N'Andrea Eaton', CAST(N'1993-06-17' AS Date), N'25 Milton St.', N'9746949602')
GO
INSERT [dbo].[KhachHang] ([MaKH], [HoTen], [NgSinh], [DiaChiKH], [SDT]) VALUES (N'KH21 ', N'Lee Sanchez', CAST(N'1973-01-26' AS Date), N'328 East White Second Way', N'0320565833')
GO
INSERT [dbo].[KhachHang] ([MaKH], [HoTen], [NgSinh], [DiaChiKH], [SDT]) VALUES (N'KH22 ', N'Jeanne Dudley', CAST(N'2009-06-11' AS Date), N'131 Rocky Milton Blvd.', N'5950166375')
GO
INSERT [dbo].[KhachHang] ([MaKH], [HoTen], [NgSinh], [DiaChiKH], [SDT]) VALUES (N'KH23 ', N'Alisha Key', CAST(N'1962-04-22' AS Date), N'36 Green New St.', N'6891112859')
GO
INSERT [dbo].[KhachHang] ([MaKH], [HoTen], [NgSinh], [DiaChiKH], [SDT]) VALUES (N'KH24 ', N'Jennie Noble', CAST(N'1987-11-05' AS Date), N'708 Rocky Milton St.', N'1185785988')
GO
INSERT [dbo].[KhachHang] ([MaKH], [HoTen], [NgSinh], [DiaChiKH], [SDT]) VALUES (N'KH25 ', N'Yvonne Reeves', CAST(N'2010-11-06' AS Date), N'730 Nobel Parkway', N'4400638477')
GO
INSERT [dbo].[KhachHang] ([MaKH], [HoTen], [NgSinh], [DiaChiKH], [SDT]) VALUES (N'KH26 ', N'Karen Levy', CAST(N'1995-02-28' AS Date), N'177 Rocky Fabien Drive', N'1408598037')
GO
INSERT [dbo].[KhachHang] ([MaKH], [HoTen], [NgSinh], [DiaChiKH], [SDT]) VALUES (N'KH27 ', N'Randal Anderson', CAST(N'1998-10-25' AS Date), N'49 Clarendon Way', N'9985500652')
GO
INSERT [dbo].[KhachHang] ([MaKH], [HoTen], [NgSinh], [DiaChiKH], [SDT]) VALUES (N'KH28 ', N'Elisabeth Duncan', CAST(N'1996-08-13' AS Date), N'66 First Parkway', N'9248213884')
GO
INSERT [dbo].[KhachHang] ([MaKH], [HoTen], [NgSinh], [DiaChiKH], [SDT]) VALUES (N'KH29 ', N'Donna Norris', CAST(N'1969-08-31' AS Date), N'906 Second Street', N'0962955498')
GO
INSERT [dbo].[KhachHang] ([MaKH], [HoTen], [NgSinh], [DiaChiKH], [SDT]) VALUES (N'KH30 ', N'Damion Villa', CAST(N'1954-04-04' AS Date), N'87 East Second Blvd.', N'1185785988')
GO
INSERT [dbo].[KhachHang] ([MaKH], [HoTen], [NgSinh], [DiaChiKH], [SDT]) VALUES (N'KH31 ', N'Alma Kelley', CAST(N'2004-10-26' AS Date), N'46 Cowley Freeway', N'4596968469')
GO
INSERT [dbo].[KhachHang] ([MaKH], [HoTen], [NgSinh], [DiaChiKH], [SDT]) VALUES (N'KH32 ', N'Joey Becker', CAST(N'2019-08-28' AS Date), N'38 Second Parkway', N'4816810590')
GO
INSERT [dbo].[KhachHang] ([MaKH], [HoTen], [NgSinh], [DiaChiKH], [SDT]) VALUES (N'KH33 ', N'Hope Webster', CAST(N'2022-12-04' AS Date), N'77 Rocky Nobel St.', N'2163904868')
GO
INSERT [dbo].[KhachHang] ([MaKH], [HoTen], [NgSinh], [DiaChiKH], [SDT]) VALUES (N'KH34 ', N'Nora Osborne', CAST(N'1991-08-01' AS Date), N'582 Green Old Parkway', N'4482242221')
GO
INSERT [dbo].[KhachHang] ([MaKH], [HoTen], [NgSinh], [DiaChiKH], [SDT]) VALUES (N'KH35 ', N'Kellie Weaver', CAST(N'1958-01-13' AS Date), N'430 Second Avenue', N'9477190529')
GO
INSERT [dbo].[KhachHang] ([MaKH], [HoTen], [NgSinh], [DiaChiKH], [SDT]) VALUES (N'KH36 ', N'Ty Krueger', CAST(N'1997-01-12' AS Date), N'86 First Avenue', N'2555451597')
GO
INSERT [dbo].[KhachHang] ([MaKH], [HoTen], [NgSinh], [DiaChiKH], [SDT]) VALUES (N'KH37 ', N'Bridgette Hardy', CAST(N'2018-11-28' AS Date), N'555 East White First Drive', N'9798325318')
GO
INSERT [dbo].[KhachHang] ([MaKH], [HoTen], [NgSinh], [DiaChiKH], [SDT]) VALUES (N'KH38 ', N'Karen Perez', CAST(N'2017-08-26' AS Date), N'969 Rocky Nobel Blvd.', N'1402077433')
GO
INSERT [dbo].[KhachHang] ([MaKH], [HoTen], [NgSinh], [DiaChiKH], [SDT]) VALUES (N'KH39 ', N'Erica Villegas', CAST(N'1986-08-28' AS Date), N'231 Old Way', N'7234291006')
GO
INSERT [dbo].[KhachHang] ([MaKH], [HoTen], [NgSinh], [DiaChiKH], [SDT]) VALUES (N'KH40 ', N'Kelly Gay', CAST(N'2004-01-29' AS Date), N'33 Hague Avenue', N'3323641709')
GO
INSERT [dbo].[KhachHang] ([MaKH], [HoTen], [NgSinh], [DiaChiKH], [SDT]) VALUES (N'KH41 ', N'Bryce Rosales', CAST(N'1967-06-15' AS Date), N'995 Green Hague Blvd.', N'9477190529')
GO
INSERT [dbo].[KhachHang] ([MaKH], [HoTen], [NgSinh], [DiaChiKH], [SDT]) VALUES (N'KH42 ', N'George Burton', CAST(N'1967-03-08' AS Date), N'395 Rocky Oak Drive', N'3095216148')
GO
INSERT [dbo].[KhachHang] ([MaKH], [HoTen], [NgSinh], [DiaChiKH], [SDT]) VALUES (N'KH43 ', N'Mandi Zavala', CAST(N'1981-09-07' AS Date), N'96 West Second Blvd.', N'7969781487')
GO
INSERT [dbo].[KhachHang] ([MaKH], [HoTen], [NgSinh], [DiaChiKH], [SDT]) VALUES (N'KH44 ', N'Doris Jordan', CAST(N'1961-03-09' AS Date), N'12 Nobel Blvd.', N'5495708834')
GO
INSERT [dbo].[KhachHang] ([MaKH], [HoTen], [NgSinh], [DiaChiKH], [SDT]) VALUES (N'KH45 ', N'Valerie Huynh', CAST(N'2021-11-30' AS Date), N'533 Clarendon Boulevard', N'5248452291')
GO
INSERT [dbo].[KhachHang] ([MaKH], [HoTen], [NgSinh], [DiaChiKH], [SDT]) VALUES (N'KH46 ', N'Brooke Willis', CAST(N'1962-04-19' AS Date), N'714 Rocky Clarendon Way', N'7984355262')
GO
INSERT [dbo].[KhachHang] ([MaKH], [HoTen], [NgSinh], [DiaChiKH], [SDT]) VALUES (N'KH47 ', N'Gerard Drake', CAST(N'1999-06-11' AS Date), N'780 South Green Milton Avenue', N'4482242221')
GO
INSERT [dbo].[KhachHang] ([MaKH], [HoTen], [NgSinh], [DiaChiKH], [SDT]) VALUES (N'KH48 ', N'Roderick Little', CAST(N'2005-12-27' AS Date), N'670 Green Nobel Avenue', N'5015385228')
GO
INSERT [dbo].[KhachHang] ([MaKH], [HoTen], [NgSinh], [DiaChiKH], [SDT]) VALUES (N'KH49 ', N'Eli Dickerson', CAST(N'1998-08-26' AS Date), N'943 First Street', N'6891112859')
GO
INSERT [dbo].[KhachHang] ([MaKH], [HoTen], [NgSinh], [DiaChiKH], [SDT]) VALUES (N'KH50 ', N'Scot Briggs', CAST(N'2015-04-28' AS Date), N'790 Hague Avenue', N'9442774095')
GO
INSERT [dbo].[KhachHang] ([MaKH], [HoTen], [NgSinh], [DiaChiKH], [SDT]) VALUES (N'KH51 ', N'Jeanine Walton', CAST(N'1994-03-18' AS Date), N'20 North White First Avenue', N'8436755176')
GO
INSERT [dbo].[KhachHang] ([MaKH], [HoTen], [NgSinh], [DiaChiKH], [SDT]) VALUES (N'KH52 ', N'Eugene Holder', CAST(N'1958-01-13' AS Date), N'600 South New Road', N'9746949602')
GO
INSERT [dbo].[KhachHang] ([MaKH], [HoTen], [NgSinh], [DiaChiKH], [SDT]) VALUES (N'KH53 ', N'Wendi Dawson', CAST(N'1998-07-06' AS Date), N'18 North Rocky Milton St.', N'5795714293')
GO
INSERT [dbo].[KhachHang] ([MaKH], [HoTen], [NgSinh], [DiaChiKH], [SDT]) VALUES (N'KH54 ', N'Paul Walls', CAST(N'2021-01-26' AS Date), N'636 White Nobel Drive', N'8597800136')
GO
INSERT [dbo].[KhachHang] ([MaKH], [HoTen], [NgSinh], [DiaChiKH], [SDT]) VALUES (N'KH55 ', N'Glen Greer', CAST(N'1997-06-28' AS Date), N'76 Hague Way', N'8214697652')
GO
INSERT [dbo].[KhachHang] ([MaKH], [HoTen], [NgSinh], [DiaChiKH], [SDT]) VALUES (N'KH56 ', N'Sonya Davenport', CAST(N'1961-12-08' AS Date), N'68 East Milton Freeway', N'5368129600')
GO
INSERT [dbo].[KhachHang] ([MaKH], [HoTen], [NgSinh], [DiaChiKH], [SDT]) VALUES (N'KH57 ', N'Ismael Schaefer', CAST(N'2016-08-20' AS Date), N'18 Rocky Fabien St.', N'3252993855')
GO
INSERT [dbo].[KhachHang] ([MaKH], [HoTen], [NgSinh], [DiaChiKH], [SDT]) VALUES (N'KH58 ', N'Nikki Patrick', CAST(N'1999-10-15' AS Date), N'668 Old Boulevard', N'0059165243')
GO
INSERT [dbo].[KhachHang] ([MaKH], [HoTen], [NgSinh], [DiaChiKH], [SDT]) VALUES (N'KH59 ', N'Emma Kerr', CAST(N'2021-04-30' AS Date), N'789 Fabien Drive', N'8520230427')
GO
INSERT [dbo].[KhachHang] ([MaKH], [HoTen], [NgSinh], [DiaChiKH], [SDT]) VALUES (N'KH60 ', N'Lewis Rowe', CAST(N'1979-08-03' AS Date), N'80 East Oak Blvd.', N'7437933380')
GO
INSERT [dbo].[KhachHang] ([MaKH], [HoTen], [NgSinh], [DiaChiKH], [SDT]) VALUES (N'KH61 ', N'Camille Livingston', CAST(N'1967-07-03' AS Date), N'73 Cowley Drive', N'9184342228')
GO
INSERT [dbo].[KhachHang] ([MaKH], [HoTen], [NgSinh], [DiaChiKH], [SDT]) VALUES (N'KH62 ', N'Tasha Vasquez', CAST(N'2016-02-03' AS Date), N'10 Second Road', N'3860620780')
GO
INSERT [dbo].[KhachHang] ([MaKH], [HoTen], [NgSinh], [DiaChiKH], [SDT]) VALUES (N'KH63 ', N'Anna Frost', CAST(N'1998-07-06' AS Date), N'724 North Rocky First Blvd.', N'4596968469')
GO
INSERT [dbo].[KhachHang] ([MaKH], [HoTen], [NgSinh], [DiaChiKH], [SDT]) VALUES (N'KH64 ', N'Mitchell Glenn', CAST(N'2011-06-28' AS Date), N'447 Hague Street', N'7437933380')
GO
INSERT [dbo].[KhachHang] ([MaKH], [HoTen], [NgSinh], [DiaChiKH], [SDT]) VALUES (N'KH65 ', N'Megan Malone', CAST(N'1970-09-09' AS Date), N'489 Fabien St.', N'6673673611')
GO
INSERT [dbo].[KhachHang] ([MaKH], [HoTen], [NgSinh], [DiaChiKH], [SDT]) VALUES (N'KH66 ', N'Christine Cisneros', CAST(N'1975-05-16' AS Date), N'73 Rocky New Drive', N'9159556342')
GO
INSERT [dbo].[KhachHang] ([MaKH], [HoTen], [NgSinh], [DiaChiKH], [SDT]) VALUES (N'KH67 ', N'David Meyer', CAST(N'1969-04-30' AS Date), N'61 East Second Freeway', N'8436755176')
GO
INSERT [dbo].[KhachHang] ([MaKH], [HoTen], [NgSinh], [DiaChiKH], [SDT]) VALUES (N'KH68 ', N'Rebecca Gay', CAST(N'2009-07-31' AS Date), N'347 East Old Street', N'9985500652')
GO
INSERT [dbo].[KhachHang] ([MaKH], [HoTen], [NgSinh], [DiaChiKH], [SDT]) VALUES (N'KH69 ', N'Ty Mosley', CAST(N'1968-03-11' AS Date), N'22 First Parkway', N'7103264009')
GO
INSERT [dbo].[KhachHang] ([MaKH], [HoTen], [NgSinh], [DiaChiKH], [SDT]) VALUES (N'KH70 ', N'Andrea Barker', CAST(N'2019-07-24' AS Date), N'140 Nobel Drive', N'6770556377')
GO
INSERT [dbo].[KhachHang] ([MaKH], [HoTen], [NgSinh], [DiaChiKH], [SDT]) VALUES (N'KH71 ', N'Stephen Bush', CAST(N'1959-01-31' AS Date), N'750 Hague Freeway', N'7103264009')
GO
INSERT [dbo].[KhachHang] ([MaKH], [HoTen], [NgSinh], [DiaChiKH], [SDT]) VALUES (N'KH72 ', N'Caroline Mathews', CAST(N'1953-09-01' AS Date), N'51 Nobel Avenue', N'4366239362')
GO
INSERT [dbo].[KhachHang] ([MaKH], [HoTen], [NgSinh], [DiaChiKH], [SDT]) VALUES (N'KH73 ', N'Janette Shannon', CAST(N'1981-01-07' AS Date), N'435 North Hague Drive', N'6673673611')
GO
INSERT [dbo].[KhachHang] ([MaKH], [HoTen], [NgSinh], [DiaChiKH], [SDT]) VALUES (N'KH74 ', N'Marisol Villanueva', CAST(N'1961-02-01' AS Date), N'187 Green Second Road', N'2163904868')
GO
INSERT [dbo].[KhachHang] ([MaKH], [HoTen], [NgSinh], [DiaChiKH], [SDT]) VALUES (N'KH75 ', N'Roberta Carroll', CAST(N'1957-11-17' AS Date), N'291 White Cowley Way', N'0320565833')
GO
INSERT [dbo].[KhachHang] ([MaKH], [HoTen], [NgSinh], [DiaChiKH], [SDT]) VALUES (N'KH76 ', N'Neal Arias', CAST(N'2018-05-25' AS Date), N'18 White Milton St.', N'1827779200')
GO
INSERT [dbo].[KhachHang] ([MaKH], [HoTen], [NgSinh], [DiaChiKH], [SDT]) VALUES (N'KH77 ', N'Joel Boyle', CAST(N'2015-12-18' AS Date), N'206 North Hague Blvd.', N'8299787015')
GO
INSERT [dbo].[KhachHang] ([MaKH], [HoTen], [NgSinh], [DiaChiKH], [SDT]) VALUES (N'KH78 ', N'Terrance Wells', CAST(N'1953-12-06' AS Date), N'428 Hague St.', NULL)
GO
INSERT [dbo].[KhachHang] ([MaKH], [HoTen], [NgSinh], [DiaChiKH], [SDT]) VALUES (N'KH79 ', N'Roy Massey', CAST(N'2009-11-25' AS Date), N'77 Cowley Blvd.', N'4366239362')
GO
INSERT [dbo].[KhachHang] ([MaKH], [HoTen], [NgSinh], [DiaChiKH], [SDT]) VALUES (N'KH80 ', N'Kimberly Hogan', CAST(N'2004-07-11' AS Date), N'36 Second Blvd.', N'0711519479')
GO
INSERT [dbo].[KhachHang] ([MaKH], [HoTen], [NgSinh], [DiaChiKH], [SDT]) VALUES (N'KH81 ', N'Jayson Carson', CAST(N'1960-10-06' AS Date), N'953 North Second Avenue', N'6696569451')
GO
INSERT [dbo].[KhachHang] ([MaKH], [HoTen], [NgSinh], [DiaChiKH], [SDT]) VALUES (N'KH82 ', N'Damian Horton', CAST(N'1976-03-21' AS Date), N'877 Milton Street', N'3860620780')
GO
INSERT [dbo].[KhachHang] ([MaKH], [HoTen], [NgSinh], [DiaChiKH], [SDT]) VALUES (N'KH83 ', N'Trent Weber', CAST(N'1974-09-08' AS Date), N'922 Hague Drive', N'7820801853')
GO
INSERT [dbo].[KhachHang] ([MaKH], [HoTen], [NgSinh], [DiaChiKH], [SDT]) VALUES (N'KH84 ', N'Chadwick O''Neal', CAST(N'2020-11-18' AS Date), N'75 Milton Road', N'9765360203')
GO
INSERT [dbo].[KhachHang] ([MaKH], [HoTen], [NgSinh], [DiaChiKH], [SDT]) VALUES (N'KH85 ', N'Cecilia Espinoza', CAST(N'1989-07-05' AS Date), N'863 Green Oak Street', N'9746949602')
GO
INSERT [dbo].[KhachHang] ([MaKH], [HoTen], [NgSinh], [DiaChiKH], [SDT]) VALUES (N'KH86 ', N'Max Peters', CAST(N'1954-03-07' AS Date), N'31 Cowley Parkway', N'3261806290')
GO
INSERT [dbo].[KhachHang] ([MaKH], [HoTen], [NgSinh], [DiaChiKH], [SDT]) VALUES (N'KH87 ', N'Cedric Acevedo', CAST(N'2001-03-27' AS Date), N'12 West Rocky Old Avenue', N'4732022823')
GO
INSERT [dbo].[KhachHang] ([MaKH], [HoTen], [NgSinh], [DiaChiKH], [SDT]) VALUES (N'KH88 ', N'Deanna Dodson', CAST(N'1962-06-30' AS Date), N'41 South First Parkway', N'2163904868')
GO
INSERT [dbo].[KhachHang] ([MaKH], [HoTen], [NgSinh], [DiaChiKH], [SDT]) VALUES (N'KH89 ', N'Claire Farrell', CAST(N'2002-07-11' AS Date), N'675 East New Blvd.', N'5248452291')
GO
INSERT [dbo].[KhachHang] ([MaKH], [HoTen], [NgSinh], [DiaChiKH], [SDT]) VALUES (N'KH90 ', N'Caroline Sellers', CAST(N'1983-04-12' AS Date), N'394 White Nobel Freeway', N'3122229629')
GO
INSERT [dbo].[KhachHang] ([MaKH], [HoTen], [NgSinh], [DiaChiKH], [SDT]) VALUES (N'KH91 ', N'Lakeisha Mckee', CAST(N'2021-05-28' AS Date), N'294 White Hague Parkway', N'9335024867')
GO
INSERT [dbo].[KhachHang] ([MaKH], [HoTen], [NgSinh], [DiaChiKH], [SDT]) VALUES (N'KH92 ', N'Rolando Matthews', CAST(N'2010-10-18' AS Date), N'54 Hague Drive', N'8597800136')
GO
INSERT [dbo].[KhachHang] ([MaKH], [HoTen], [NgSinh], [DiaChiKH], [SDT]) VALUES (N'KH93 ', N'Nathaniel Hunter', CAST(N'1966-07-02' AS Date), N'988 First Drive', N'0711519479')
GO
INSERT [dbo].[KhachHang] ([MaKH], [HoTen], [NgSinh], [DiaChiKH], [SDT]) VALUES (N'KH94 ', N'Bridgett Maxwell', CAST(N'2007-12-29' AS Date), N'181 Clarendon Way', N'8436755176')
GO
INSERT [dbo].[KhachHang] ([MaKH], [HoTen], [NgSinh], [DiaChiKH], [SDT]) VALUES (N'KH95 ', N'Garrett Preston', CAST(N'1979-10-04' AS Date), N'13 Nobel Avenue', N'4400638477')
GO
INSERT [dbo].[KhachHang] ([MaKH], [HoTen], [NgSinh], [DiaChiKH], [SDT]) VALUES (N'KH96 ', N'Marco Rogers', CAST(N'2000-12-18' AS Date), N'55 South Hague St.', N'2442500819')
GO
INSERT [dbo].[KhachHang] ([MaKH], [HoTen], [NgSinh], [DiaChiKH], [SDT]) VALUES (N'KH97 ', N'Maria Spence', CAST(N'1969-03-17' AS Date), N'32 West Green Nobel St.', N'9985500652')
GO
INSERT [dbo].[KhachHang] ([MaKH], [HoTen], [NgSinh], [DiaChiKH], [SDT]) VALUES (N'KH98 ', N'Forrest Baxter', CAST(N'2003-02-13' AS Date), N'584 Clarendon Freeway', N'2988105709')
GO
INSERT [dbo].[KhachHang] ([MaKH], [HoTen], [NgSinh], [DiaChiKH], [SDT]) VALUES (N'KH99 ', N'Candy Osborn', CAST(N'1998-10-21' AS Date), N'83 Green Second Way', N'4482242221')
GO
INSERT [dbo].[NhaSi] ([MaNS], [SDTNS], [NgSinhNS], [HoTen], [DiaChi], [ChiPhiKham]) VALUES (N'NS00 ', N'9798325318', CAST(N'2004-04-05' AS Date), N'Johnny West', N'31 Milton Drive', CAST(7401761.96 AS Decimal(10, 2)))
GO
INSERT [dbo].[NhaSi] ([MaNS], [SDTNS], [NgSinhNS], [HoTen], [DiaChi], [ChiPhiKham]) VALUES (N'NS01 ', N'8436755176', CAST(N'1954-04-04' AS Date), N'Neil Hunt', N'12 Second Blvd.', CAST(5113953.13 AS Decimal(10, 2)))
GO
INSERT [dbo].[NhaSi] ([MaNS], [SDTNS], [NgSinhNS], [HoTen], [DiaChi], [ChiPhiKham]) VALUES (N'NS02 ', N'8214697652', CAST(N'2014-08-10' AS Date), N'Vanessa Goodwin', N'72 First Boulevard', CAST(1067625.02 AS Decimal(10, 2)))
GO
INSERT [dbo].[NhaSi] ([MaNS], [SDTNS], [NgSinhNS], [HoTen], [DiaChi], [ChiPhiKham]) VALUES (N'NS03 ', N'6673673611', CAST(N'1993-10-21' AS Date), N'Steve Hardy', N'884 West Rocky Fabien St.', CAST(6321164.33 AS Decimal(10, 2)))
GO
INSERT [dbo].[NhaSi] ([MaNS], [SDTNS], [NgSinhNS], [HoTen], [DiaChi], [ChiPhiKham]) VALUES (N'NS04 ', N'0962955498', CAST(N'1975-08-07' AS Date), N'Cindy Orozco', N'281 West Fabien Avenue', CAST(7459162.22 AS Decimal(10, 2)))
GO
INSERT [dbo].[NhaSi] ([MaNS], [SDTNS], [NgSinhNS], [HoTen], [DiaChi], [ChiPhiKham]) VALUES (N'NS05 ', N'7820801853', CAST(N'2000-06-22' AS Date), N'Vicky Long', N'868 Clarendon Street', CAST(1016904.80 AS Decimal(10, 2)))
GO
INSERT [dbo].[NhaSi] ([MaNS], [SDTNS], [NgSinhNS], [HoTen], [DiaChi], [ChiPhiKham]) VALUES (N'NS06 ', N'9985500652', CAST(N'1980-11-13' AS Date), N'Colby Glass', N'95 West White Old Drive', CAST(4793156.67 AS Decimal(10, 2)))
GO
INSERT [dbo].[NhaSi] ([MaNS], [SDTNS], [NgSinhNS], [HoTen], [DiaChi], [ChiPhiKham]) VALUES (N'NS07 ', N'5015385228', CAST(N'1991-12-16' AS Date), N'Joe Young', N'44 Green Fabien Street', CAST(4408615.65 AS Decimal(10, 2)))
GO
INSERT [dbo].[NhaSi] ([MaNS], [SDTNS], [NgSinhNS], [HoTen], [DiaChi], [ChiPhiKham]) VALUES (N'NS08 ', N'3095216148', CAST(N'2018-07-22' AS Date), N'Tonia Travis', N'92 Rocky Cowley Street', CAST(4726749.19 AS Decimal(10, 2)))
GO
INSERT [dbo].[NhaSi] ([MaNS], [SDTNS], [NgSinhNS], [HoTen], [DiaChi], [ChiPhiKham]) VALUES (N'NS09 ', N'0059165243', CAST(N'1993-10-17' AS Date), N'Lorraine Chapman', N'32 First Parkway', CAST(6556056.31 AS Decimal(10, 2)))
GO
INSERT [dbo].[NhaSi] ([MaNS], [SDTNS], [NgSinhNS], [HoTen], [DiaChi], [ChiPhiKham]) VALUES (N'NS10 ', N'4366239362', CAST(N'1973-04-25' AS Date), N'Monte Johnson', N'927 Rocky Fabien Boulevard', CAST(2361582.79 AS Decimal(10, 2)))
GO
INSERT [dbo].[NhaSi] ([MaNS], [SDTNS], [NgSinhNS], [HoTen], [DiaChi], [ChiPhiKham]) VALUES (N'NS11 ', N'8608996246', CAST(N'2013-02-13' AS Date), N'Abraham Huffman', N'565 Clarendon Blvd.', CAST(488237.39 AS Decimal(10, 2)))
GO
INSERT [dbo].[NhaSi] ([MaNS], [SDTNS], [NgSinhNS], [HoTen], [DiaChi], [ChiPhiKham]) VALUES (N'NS12 ', N'4482242221', CAST(N'1959-06-28' AS Date), N'Jean Hurst', N'31 Cowley Street', CAST(7728546.13 AS Decimal(10, 2)))
GO
INSERT [dbo].[NhaSi] ([MaNS], [SDTNS], [NgSinhNS], [HoTen], [DiaChi], [ChiPhiKham]) VALUES (N'NS13 ', N'7437933380', CAST(N'2005-10-20' AS Date), N'Rickey Roach', N'68 South Second Drive', CAST(3889867.57 AS Decimal(10, 2)))
GO
INSERT [dbo].[NhaSi] ([MaNS], [SDTNS], [NgSinhNS], [HoTen], [DiaChi], [ChiPhiKham]) VALUES (N'NS14 ', N'4595344030', CAST(N'1961-11-05' AS Date), N'Victoria Carlson', N'67 Cowley Street', CAST(6729464.66 AS Decimal(10, 2)))
GO
INSERT [dbo].[NhaSi] ([MaNS], [SDTNS], [NgSinhNS], [HoTen], [DiaChi], [ChiPhiKham]) VALUES (N'NS15 ', N'3261806290', CAST(N'1982-06-29' AS Date), N'Marilyn Benitez', N'817 Green Fabien Freeway', CAST(7715518.29 AS Decimal(10, 2)))
GO
INSERT [dbo].[NhaSi] ([MaNS], [SDTNS], [NgSinhNS], [HoTen], [DiaChi], [ChiPhiKham]) VALUES (N'NS16 ', N'1185785988', CAST(N'1957-11-25' AS Date), N'Johnny Huynh', N'73 Hague Parkway', CAST(4595685.30 AS Decimal(10, 2)))
GO
INSERT [dbo].[NhaSi] ([MaNS], [SDTNS], [NgSinhNS], [HoTen], [DiaChi], [ChiPhiKham]) VALUES (N'NS17 ', N'3095216148', CAST(N'1973-05-10' AS Date), N'Carolyn Goodman', N'574 South Oak Parkway', CAST(9443723.55 AS Decimal(10, 2)))
GO
INSERT [dbo].[NhaSi] ([MaNS], [SDTNS], [NgSinhNS], [HoTen], [DiaChi], [ChiPhiKham]) VALUES (N'NS18 ', N'8597800136', CAST(N'1976-06-03' AS Date), N'Terri Banks', N'717 Hague Street', CAST(2219333.34 AS Decimal(10, 2)))
GO
INSERT [dbo].[NhaSi] ([MaNS], [SDTNS], [NgSinhNS], [HoTen], [DiaChi], [ChiPhiKham]) VALUES (N'NS19 ', N'5950166375', CAST(N'1967-06-01' AS Date), N'Angelina Wheeler', N'77 Second Avenue', CAST(5032231.90 AS Decimal(10, 2)))
GO
INSERT [dbo].[NhaSi] ([MaNS], [SDTNS], [NgSinhNS], [HoTen], [DiaChi], [ChiPhiKham]) VALUES (N'NS20 ', N'6891112859', CAST(N'2015-01-03' AS Date), N'Courtney Todd', N'923 White Oak Drive', CAST(5117830.40 AS Decimal(10, 2)))
GO
INSERT [dbo].[NhaSi] ([MaNS], [SDTNS], [NgSinhNS], [HoTen], [DiaChi], [ChiPhiKham]) VALUES (N'NS21 ', N'5795714293', CAST(N'2017-07-01' AS Date), N'Noel Berry', N'682 East First Street', CAST(6273350.61 AS Decimal(10, 2)))
GO
INSERT [dbo].[NhaSi] ([MaNS], [SDTNS], [NgSinhNS], [HoTen], [DiaChi], [ChiPhiKham]) VALUES (N'NS22 ', N'3323641709', CAST(N'2001-09-23' AS Date), N'Marisa Reid', N'457 Clarendon Blvd.', CAST(4351489.66 AS Decimal(10, 2)))
GO
INSERT [dbo].[NhaSi] ([MaNS], [SDTNS], [NgSinhNS], [HoTen], [DiaChi], [ChiPhiKham]) VALUES (N'NS23 ', N'4127575592', CAST(N'1960-09-05' AS Date), N'Jorge Rhodes', N'69 Fabien Parkway', CAST(3313186.57 AS Decimal(10, 2)))
GO
INSERT [dbo].[NhaSi] ([MaNS], [SDTNS], [NgSinhNS], [HoTen], [DiaChi], [ChiPhiKham]) VALUES (N'NS24 ', N'2988105709', CAST(N'1978-04-28' AS Date), N'Jonathon Hoover', N'156 North White Cowley Parkway', CAST(259794.45 AS Decimal(10, 2)))
GO
INSERT [dbo].[NhaSi] ([MaNS], [SDTNS], [NgSinhNS], [HoTen], [DiaChi], [ChiPhiKham]) VALUES (N'NS25 ', N'6696569451', CAST(N'1971-09-22' AS Date), N'Troy Turner', N'467 Nobel Avenue', CAST(4236006.43 AS Decimal(10, 2)))
GO
INSERT [dbo].[NhaSi] ([MaNS], [SDTNS], [NgSinhNS], [HoTen], [DiaChi], [ChiPhiKham]) VALUES (N'NS26 ', N'4816810590', CAST(N'1979-09-29' AS Date), N'Nelson Odonnell', N'99 Green Hague Blvd.', CAST(2426580.65 AS Decimal(10, 2)))
GO
INSERT [dbo].[NhaSi] ([MaNS], [SDTNS], [NgSinhNS], [HoTen], [DiaChi], [ChiPhiKham]) VALUES (N'NS27 ', N'9765360203', CAST(N'1981-05-16' AS Date), N'Ginger Simmons', N'399 North Old Street', CAST(7285741.11 AS Decimal(10, 2)))
GO
INSERT [dbo].[NhaSi] ([MaNS], [SDTNS], [NgSinhNS], [HoTen], [DiaChi], [ChiPhiKham]) VALUES (N'NS28 ', N'9477190529', CAST(N'2013-12-13' AS Date), N'Sylvia Duran', N'55 Nobel Drive', CAST(6313384.79 AS Decimal(10, 2)))
GO
INSERT [dbo].[NhaSi] ([MaNS], [SDTNS], [NgSinhNS], [HoTen], [DiaChi], [ChiPhiKham]) VALUES (N'NS29 ', N'7103264009', CAST(N'1970-03-16' AS Date), N'Jeremy Buckley', N'844 North Milton Blvd.', CAST(5166335.96 AS Decimal(10, 2)))
GO
INSERT [dbo].[NhaSi] ([MaNS], [SDTNS], [NgSinhNS], [HoTen], [DiaChi], [ChiPhiKham]) VALUES (N'NS30 ', N'4596968469', CAST(N'1970-09-12' AS Date), N'Chris Wright', N'197 White Second Boulevard', CAST(4245975.64 AS Decimal(10, 2)))
GO
INSERT [dbo].[NhaSi] ([MaNS], [SDTNS], [NgSinhNS], [HoTen], [DiaChi], [ChiPhiKham]) VALUES (N'NS31 ', N'7437933380', CAST(N'1996-03-24' AS Date), N'Alfonso Riddle', N'329 West New Road', CAST(7335043.11 AS Decimal(10, 2)))
GO
INSERT [dbo].[NhaSi] ([MaNS], [SDTNS], [NgSinhNS], [HoTen], [DiaChi], [ChiPhiKham]) VALUES (N'NS32 ', N'1185785988', CAST(N'1958-09-04' AS Date), N'Deborah Wong', N'46 Hague Parkway', CAST(632854.79 AS Decimal(10, 2)))
GO
INSERT [dbo].[NhaSi] ([MaNS], [SDTNS], [NgSinhNS], [HoTen], [DiaChi], [ChiPhiKham]) VALUES (N'NS33 ', N'7103264009', CAST(N'1965-10-13' AS Date), N'Jennie Best', N'511 Rocky New Road', CAST(6226840.30 AS Decimal(10, 2)))
GO
INSERT [dbo].[NhaSi] ([MaNS], [SDTNS], [NgSinhNS], [HoTen], [DiaChi], [ChiPhiKham]) VALUES (N'NS34 ', N'2988105709', CAST(N'1953-02-10' AS Date), N'Randal Frederick', N'10 West Green Oak Road', CAST(7182698.79 AS Decimal(10, 2)))
GO
INSERT [dbo].[NhaSi] ([MaNS], [SDTNS], [NgSinhNS], [HoTen], [DiaChi], [ChiPhiKham]) VALUES (N'NS35 ', N'6673673611', CAST(N'1959-04-09' AS Date), N'Jaime Ruiz', N'16 Second Blvd.', CAST(2894437.59 AS Decimal(10, 2)))
GO
INSERT [dbo].[NhaSi] ([MaNS], [SDTNS], [NgSinhNS], [HoTen], [DiaChi], [ChiPhiKham]) VALUES (N'NS36 ', N'7437933380', CAST(N'1980-02-10' AS Date), N'Darla Solomon', N'59 Oak Parkway', CAST(4165196.77 AS Decimal(10, 2)))
GO
INSERT [dbo].[NhaSi] ([MaNS], [SDTNS], [NgSinhNS], [HoTen], [DiaChi], [ChiPhiKham]) VALUES (N'NS37 ', N'4400638477', CAST(N'1974-03-17' AS Date), N'Leo Richmond', N'11 New Avenue', CAST(3932316.39 AS Decimal(10, 2)))
GO
INSERT [dbo].[NhaSi] ([MaNS], [SDTNS], [NgSinhNS], [HoTen], [DiaChi], [ChiPhiKham]) VALUES (N'NS38 ', N'9985500652', CAST(N'1957-07-16' AS Date), N'Larry Norris', N'77 Rocky Nobel Boulevard', CAST(1850385.84 AS Decimal(10, 2)))
GO
INSERT [dbo].[NhaSi] ([MaNS], [SDTNS], [NgSinhNS], [HoTen], [DiaChi], [ChiPhiKham]) VALUES (N'NS39 ', N'2163904868', CAST(N'1997-04-30' AS Date), N'Roy Donaldson', N'496 Second Boulevard', CAST(7499909.21 AS Decimal(10, 2)))
GO
INSERT [dbo].[NhaSi] ([MaNS], [SDTNS], [NgSinhNS], [HoTen], [DiaChi], [ChiPhiKham]) VALUES (N'NS40 ', N'9769115605', CAST(N'2015-04-16' AS Date), N'Alexis Kim', N'39 Fabien Avenue', CAST(8029217.82 AS Decimal(10, 2)))
GO
INSERT [dbo].[NhaSi] ([MaNS], [SDTNS], [NgSinhNS], [HoTen], [DiaChi], [ChiPhiKham]) VALUES (N'NS41 ', N'2163904868', CAST(N'1971-09-24' AS Date), N'Latisha Vance', N'992 West Old Street', CAST(3088769.09 AS Decimal(10, 2)))
GO
INSERT [dbo].[NhaSi] ([MaNS], [SDTNS], [NgSinhNS], [HoTen], [DiaChi], [ChiPhiKham]) VALUES (N'NS42 ', N'0320565833', CAST(N'2020-10-30' AS Date), N'Lonnie Robles', N'386 Hague St.', CAST(4424671.74 AS Decimal(10, 2)))
GO
INSERT [dbo].[NhaSi] ([MaNS], [SDTNS], [NgSinhNS], [HoTen], [DiaChi], [ChiPhiKham]) VALUES (N'NS43 ', N'7984355262', CAST(N'1998-11-06' AS Date), N'Anna Stout', N'94 Milton Blvd.', CAST(943722.73 AS Decimal(10, 2)))
GO
INSERT [dbo].[NhaSi] ([MaNS], [SDTNS], [NgSinhNS], [HoTen], [DiaChi], [ChiPhiKham]) VALUES (N'NS44 ', N'9985500652', CAST(N'1966-08-13' AS Date), N'Salvatore Olson', N'95 First Parkway', CAST(3083553.44 AS Decimal(10, 2)))
GO
INSERT [dbo].[NhaSi] ([MaNS], [SDTNS], [NgSinhNS], [HoTen], [DiaChi], [ChiPhiKham]) VALUES (N'NS45 ', N'4596968469', CAST(N'1970-04-28' AS Date), N'Bryan Sawyer', N'94 White Cowley Freeway', CAST(3236553.96 AS Decimal(10, 2)))
GO
INSERT [dbo].[NhaSi] ([MaNS], [SDTNS], [NgSinhNS], [HoTen], [DiaChi], [ChiPhiKham]) VALUES (N'NS46 ', N'3095216148', CAST(N'1985-09-08' AS Date), N'Gordon Norton', N'671 Green Oak Blvd.', CAST(3629058.21 AS Decimal(10, 2)))
GO
INSERT [dbo].[NhaSi] ([MaNS], [SDTNS], [NgSinhNS], [HoTen], [DiaChi], [ChiPhiKham]) VALUES (N'NS47 ', N'9159556342', CAST(N'1969-05-14' AS Date), N'Christian Marquez', N'89 Second Street', CAST(8284822.58 AS Decimal(10, 2)))
GO
INSERT [dbo].[NhaSi] ([MaNS], [SDTNS], [NgSinhNS], [HoTen], [DiaChi], [ChiPhiKham]) VALUES (N'NS48 ', N'9442774095', CAST(N'1986-07-03' AS Date), N'Amy Griffin', N'42 Cowley Road', CAST(3461242.20 AS Decimal(10, 2)))
GO
INSERT [dbo].[NhaSi] ([MaNS], [SDTNS], [NgSinhNS], [HoTen], [DiaChi], [ChiPhiKham]) VALUES (N'NS49 ', N'9477190529', CAST(N'1972-04-15' AS Date), N'Bridgett Rivera', N'84 Rocky Fabien Road', CAST(7030130.29 AS Decimal(10, 2)))
GO
INSERT [dbo].[NhaSi] ([MaNS], [SDTNS], [NgSinhNS], [HoTen], [DiaChi], [ChiPhiKham]) VALUES (N'NS50 ', N'5495708834', CAST(N'1961-05-17' AS Date), N'Gretchen Blanchard', N'95 New Boulevard', CAST(9151813.36 AS Decimal(10, 2)))
GO
INSERT [dbo].[NhaSi] ([MaNS], [SDTNS], [NgSinhNS], [HoTen], [DiaChi], [ChiPhiKham]) VALUES (N'NS51 ', N'3860620780', CAST(N'1963-10-07' AS Date), N'Alejandro Friedman', N'50 North New St.', CAST(9675326.28 AS Decimal(10, 2)))
GO
INSERT [dbo].[NhaSi] ([MaNS], [SDTNS], [NgSinhNS], [HoTen], [DiaChi], [ChiPhiKham]) VALUES (N'NS52 ', N'8436755176', CAST(N'1991-03-31' AS Date), N'Blanca Weiss', N'427 Green Clarendon Drive', CAST(8007513.38 AS Decimal(10, 2)))
GO
INSERT [dbo].[NhaSi] ([MaNS], [SDTNS], [NgSinhNS], [HoTen], [DiaChi], [ChiPhiKham]) VALUES (N'NS53 ', N'4482242221', CAST(N'1999-09-02' AS Date), N'Morgan Mc Mahon', N'92 Old Street', CAST(6058638.81 AS Decimal(10, 2)))
GO
INSERT [dbo].[NhaSi] ([MaNS], [SDTNS], [NgSinhNS], [HoTen], [DiaChi], [ChiPhiKham]) VALUES (N'NS54 ', N'7234291006', CAST(N'1977-08-09' AS Date), N'Rochelle Yoder', N'30 White Oak Freeway', CAST(9555344.93 AS Decimal(10, 2)))
GO
INSERT [dbo].[NhaSi] ([MaNS], [SDTNS], [NgSinhNS], [HoTen], [DiaChi], [ChiPhiKham]) VALUES (N'NS55 ', N'6770556377', CAST(N'1987-10-27' AS Date), N'Terra Barry', N'624 Rocky Fabien Avenue', CAST(1838616.11 AS Decimal(10, 2)))
GO
INSERT [dbo].[NhaSi] ([MaNS], [SDTNS], [NgSinhNS], [HoTen], [DiaChi], [ChiPhiKham]) VALUES (N'NS56 ', N'8299787015', CAST(N'1982-05-06' AS Date), N'Adriana Arroyo', N'24 Milton St.', CAST(8848291.69 AS Decimal(10, 2)))
GO
INSERT [dbo].[NhaSi] ([MaNS], [SDTNS], [NgSinhNS], [HoTen], [DiaChi], [ChiPhiKham]) VALUES (N'NS57 ', N'9184342228', CAST(N'1955-03-26' AS Date), N'Roberto Lyons', N'739 Hague Parkway', CAST(4221542.49 AS Decimal(10, 2)))
GO
INSERT [dbo].[NhaSi] ([MaNS], [SDTNS], [NgSinhNS], [HoTen], [DiaChi], [ChiPhiKham]) VALUES (N'NS58 ', N'2163904868', CAST(N'1978-12-27' AS Date), N'Shelia Velez', N'994 East New Parkway', CAST(1731155.00 AS Decimal(10, 2)))
GO
INSERT [dbo].[NhaSi] ([MaNS], [SDTNS], [NgSinhNS], [HoTen], [DiaChi], [ChiPhiKham]) VALUES (N'NS59 ', N'3860620780', CAST(N'1967-11-04' AS Date), N'Rex Gibson', N'843 East Rocky Fabien Drive', CAST(190504.29 AS Decimal(10, 2)))
GO
INSERT [dbo].[NhaSi] ([MaNS], [SDTNS], [NgSinhNS], [HoTen], [DiaChi], [ChiPhiKham]) VALUES (N'NS60 ', N'2555451597', CAST(N'1965-06-07' AS Date), N'Calvin De Leon', N'11 West Fabien Avenue', CAST(2838660.90 AS Decimal(10, 2)))
GO
INSERT [dbo].[NhaSi] ([MaNS], [SDTNS], [NgSinhNS], [HoTen], [DiaChi], [ChiPhiKham]) VALUES (N'NS61 ', N'5054288103', CAST(N'1954-03-16' AS Date), N'Lloyd Ward', N'72 Old Parkway', CAST(1609706.59 AS Decimal(10, 2)))
GO
INSERT [dbo].[NhaSi] ([MaNS], [SDTNS], [NgSinhNS], [HoTen], [DiaChi], [ChiPhiKham]) VALUES (N'NS62 ', N'1402077433', CAST(N'1973-08-30' AS Date), N'Rolando Andrade', N'136 Rocky Cowley Blvd.', CAST(495110.75 AS Decimal(10, 2)))
GO
INSERT [dbo].[NhaSi] ([MaNS], [SDTNS], [NgSinhNS], [HoTen], [DiaChi], [ChiPhiKham]) VALUES (N'NS63 ', N'9746949602', CAST(N'1988-11-10' AS Date), N'Johnnie Zhang', N'540 Green Nobel St.', CAST(3507766.93 AS Decimal(10, 2)))
GO
INSERT [dbo].[NhaSi] ([MaNS], [SDTNS], [NgSinhNS], [HoTen], [DiaChi], [ChiPhiKham]) VALUES (N'NS64 ', N'9746949602', CAST(N'1999-11-27' AS Date), N'Carey Newman', N'62 Hague Freeway', CAST(5175098.69 AS Decimal(10, 2)))
GO
INSERT [dbo].[NhaSi] ([MaNS], [SDTNS], [NgSinhNS], [HoTen], [DiaChi], [ChiPhiKham]) VALUES (N'NS65 ', N'5248452291', CAST(N'1991-07-06' AS Date), N'Alison Barrett', N'61 Hague Drive', CAST(4360941.76 AS Decimal(10, 2)))
GO
INSERT [dbo].[NhaSi] ([MaNS], [SDTNS], [NgSinhNS], [HoTen], [DiaChi], [ChiPhiKham]) VALUES (N'NS66 ', N'9248213884', CAST(N'1990-08-15' AS Date), N'Rodney Potts', N'62 East Rocky Milton Way', CAST(3813293.99 AS Decimal(10, 2)))
GO
INSERT [dbo].[NhaSi] ([MaNS], [SDTNS], [NgSinhNS], [HoTen], [DiaChi], [ChiPhiKham]) VALUES (N'NS67 ', N'1076082927', CAST(N'2016-11-01' AS Date), N'Isabel Horton', N'242 North New Parkway', CAST(604914.78 AS Decimal(10, 2)))
GO
INSERT [dbo].[NhaSi] ([MaNS], [SDTNS], [NgSinhNS], [HoTen], [DiaChi], [ChiPhiKham]) VALUES (N'NS68 ', N'6891112859', CAST(N'1990-05-28' AS Date), N'Becky Herman', N'130 Cowley Avenue', CAST(1209777.50 AS Decimal(10, 2)))
GO
INSERT [dbo].[NhaSi] ([MaNS], [SDTNS], [NgSinhNS], [HoTen], [DiaChi], [ChiPhiKham]) VALUES (N'NS69 ', N'4482242221', CAST(N'1963-06-04' AS Date), N'Sally Woodward', N'826 South Rocky Clarendon Way', CAST(3624791.36 AS Decimal(10, 2)))
GO
INSERT [dbo].[NhaSi] ([MaNS], [SDTNS], [NgSinhNS], [HoTen], [DiaChi], [ChiPhiKham]) VALUES (N'NS70 ', N'9746949602', CAST(N'1992-11-04' AS Date), N'Brent Nicholson', N'683 East Second Avenue', CAST(3002815.26 AS Decimal(10, 2)))
GO
INSERT [dbo].[NhaSi] ([MaNS], [SDTNS], [NgSinhNS], [HoTen], [DiaChi], [ChiPhiKham]) VALUES (N'NS71 ', N'1827779200', CAST(N'1984-01-01' AS Date), N'Irma Irwin', N'401 Green Old Parkway', CAST(5566260.48 AS Decimal(10, 2)))
GO
INSERT [dbo].[NhaSi] ([MaNS], [SDTNS], [NgSinhNS], [HoTen], [DiaChi], [ChiPhiKham]) VALUES (N'NS72 ', N'3252993855', CAST(N'2022-06-11' AS Date), N'Joy Mathews', N'86 New Way', CAST(5562485.48 AS Decimal(10, 2)))
GO
INSERT [dbo].[NhaSi] ([MaNS], [SDTNS], [NgSinhNS], [HoTen], [DiaChi], [ChiPhiKham]) VALUES (N'NS73 ', N'8597800136', CAST(N'1986-03-05' AS Date), N'Micheal Gates', N'65 Green First Way', CAST(5323000.59 AS Decimal(10, 2)))
GO
INSERT [dbo].[NhaSi] ([MaNS], [SDTNS], [NgSinhNS], [HoTen], [DiaChi], [ChiPhiKham]) VALUES (N'NS74 ', N'0711519479', CAST(N'1992-02-07' AS Date), N'James Long', N'276 Rocky Fabien Street', CAST(9807127.31 AS Decimal(10, 2)))
GO
INSERT [dbo].[NhaSi] ([MaNS], [SDTNS], [NgSinhNS], [HoTen], [DiaChi], [ChiPhiKham]) VALUES (N'NS75 ', N'8520230427', CAST(N'1958-04-25' AS Date), N'Molly Goodman', N'99 Rocky Second Boulevard', CAST(3343575.68 AS Decimal(10, 2)))
GO
INSERT [dbo].[NhaSi] ([MaNS], [SDTNS], [NgSinhNS], [HoTen], [DiaChi], [ChiPhiKham]) VALUES (N'NS76 ', N'4366239362', CAST(N'1958-04-04' AS Date), N'Kristin Buchanan', N'13 Hague Road', NULL)
GO
INSERT [dbo].[NhaSi] ([MaNS], [SDTNS], [NgSinhNS], [HoTen], [DiaChi], [ChiPhiKham]) VALUES (N'NS77 ', N'2442500819', CAST(N'2001-02-13' AS Date), N'Sidney Compton', N'719 South Milton Parkway', CAST(9133009.23 AS Decimal(10, 2)))
GO
INSERT [dbo].[NhaSi] ([MaNS], [SDTNS], [NgSinhNS], [HoTen], [DiaChi], [ChiPhiKham]) VALUES (N'NS78 ', N'9335024867', CAST(N'2020-08-20' AS Date), N'Kimberley Boyle', N'228 Cowley Street', CAST(4624243.82 AS Decimal(10, 2)))
GO
INSERT [dbo].[NhaSi] ([MaNS], [SDTNS], [NgSinhNS], [HoTen], [DiaChi], [ChiPhiKham]) VALUES (N'NS79 ', NULL, CAST(N'2016-02-06' AS Date), N'Chad Huff', N'54 White Clarendon Freeway', CAST(3117502.02 AS Decimal(10, 2)))
GO
INSERT [dbo].[NhaSi] ([MaNS], [SDTNS], [NgSinhNS], [HoTen], [DiaChi], [ChiPhiKham]) VALUES (N'NS80 ', N'4400638477', CAST(N'2013-06-24' AS Date), N'Tamiko Boyle', N'51 Oak St.', CAST(4284978.33 AS Decimal(10, 2)))
GO
INSERT [dbo].[NhaSi] ([MaNS], [SDTNS], [NgSinhNS], [HoTen], [DiaChi], [ChiPhiKham]) VALUES (N'NS81 ', N'3122229629', CAST(N'1990-05-12' AS Date), N'Veronica Solis', N'16 South Hague Way', CAST(5545469.00 AS Decimal(10, 2)))
GO
INSERT [dbo].[NhaSi] ([MaNS], [SDTNS], [NgSinhNS], [HoTen], [DiaChi], [ChiPhiKham]) VALUES (N'NS82 ', N'1185785988', CAST(N'1983-08-07' AS Date), N'Charlene Mcintosh', N'601 Second Road', CAST(2469530.05 AS Decimal(10, 2)))
GO
INSERT [dbo].[NhaSi] ([MaNS], [SDTNS], [NgSinhNS], [HoTen], [DiaChi], [ChiPhiKham]) VALUES (N'NS83 ', N'9335024867', CAST(N'1983-12-27' AS Date), N'Francis Rasmussen', N'38 Oak Freeway', NULL)
GO
INSERT [dbo].[NhaSi] ([MaNS], [SDTNS], [NgSinhNS], [HoTen], [DiaChi], [ChiPhiKham]) VALUES (N'NS84 ', N'4482242221', CAST(N'1964-09-15' AS Date), N'Jane Kaufman', N'97 Rocky Nobel Parkway', CAST(5342832.62 AS Decimal(10, 2)))
GO
INSERT [dbo].[NhaSi] ([MaNS], [SDTNS], [NgSinhNS], [HoTen], [DiaChi], [ChiPhiKham]) VALUES (N'NS85 ', N'2442500819', CAST(N'1961-03-01' AS Date), N'Sylvia Orozco', N'82 Oak Blvd.', CAST(3574686.81 AS Decimal(10, 2)))
GO
INSERT [dbo].[NhaSi] ([MaNS], [SDTNS], [NgSinhNS], [HoTen], [DiaChi], [ChiPhiKham]) VALUES (N'NS86 ', N'5248452291', CAST(N'1955-10-03' AS Date), N'Kari Gonzalez', N'252 Old St.', CAST(1449200.54 AS Decimal(10, 2)))
GO
INSERT [dbo].[NhaSi] ([MaNS], [SDTNS], [NgSinhNS], [HoTen], [DiaChi], [ChiPhiKham]) VALUES (N'NS87 ', N'8597800136', CAST(N'2009-10-17' AS Date), N'Albert Wilson', N'736 West Green Oak St.', CAST(1614178.06 AS Decimal(10, 2)))
GO
INSERT [dbo].[NhaSi] ([MaNS], [SDTNS], [NgSinhNS], [HoTen], [DiaChi], [ChiPhiKham]) VALUES (N'NS88 ', N'8436755176', CAST(N'1983-12-30' AS Date), N'Elijah Tapia', N'515 Milton Blvd.', CAST(199647.53 AS Decimal(10, 2)))
GO
INSERT [dbo].[NhaSi] ([MaNS], [SDTNS], [NgSinhNS], [HoTen], [DiaChi], [ChiPhiKham]) VALUES (N'NS89 ', N'3095216148', CAST(N'2013-07-31' AS Date), N'Miriam Andrews', N'610 White Second Street', CAST(5229040.59 AS Decimal(10, 2)))
GO
INSERT [dbo].[NhaSi] ([MaNS], [SDTNS], [NgSinhNS], [HoTen], [DiaChi], [ChiPhiKham]) VALUES (N'NS90 ', N'4287028968', CAST(N'1971-08-01' AS Date), N'Jeff Li', N'118 Milton Street', CAST(5667506.35 AS Decimal(10, 2)))
GO
INSERT [dbo].[NhaSi] ([MaNS], [SDTNS], [NgSinhNS], [HoTen], [DiaChi], [ChiPhiKham]) VALUES (N'NS91 ', N'1408598037', CAST(N'2004-07-18' AS Date), N'Matthew Mcclain', N'14 East Rocky Nobel Street', CAST(9132022.51 AS Decimal(10, 2)))
GO
INSERT [dbo].[NhaSi] ([MaNS], [SDTNS], [NgSinhNS], [HoTen], [DiaChi], [ChiPhiKham]) VALUES (N'NS92 ', N'5950166375', CAST(N'1996-01-02' AS Date), N'Leigh Mendez', N'326 Green Milton Freeway', CAST(7874513.73 AS Decimal(10, 2)))
GO
INSERT [dbo].[NhaSi] ([MaNS], [SDTNS], [NgSinhNS], [HoTen], [DiaChi], [ChiPhiKham]) VALUES (N'NS93 ', N'0320565833', CAST(N'1959-07-08' AS Date), N'Rick Mc Dowell', N'64 Nobel Boulevard', CAST(6872633.89 AS Decimal(10, 2)))
GO
INSERT [dbo].[NhaSi] ([MaNS], [SDTNS], [NgSinhNS], [HoTen], [DiaChi], [ChiPhiKham]) VALUES (N'NS94 ', N'4732022823', CAST(N'1976-01-10' AS Date), N'Mark Johnson', N'32 Hague Freeway', CAST(4595016.32 AS Decimal(10, 2)))
GO
INSERT [dbo].[NhaSi] ([MaNS], [SDTNS], [NgSinhNS], [HoTen], [DiaChi], [ChiPhiKham]) VALUES (N'NS95 ', N'7437933380', CAST(N'2019-01-10' AS Date), N'Kendrick Burnett', N'247 South Rocky Cowley Street', CAST(4867887.86 AS Decimal(10, 2)))
GO
INSERT [dbo].[NhaSi] ([MaNS], [SDTNS], [NgSinhNS], [HoTen], [DiaChi], [ChiPhiKham]) VALUES (N'NS96 ', N'0711519479', CAST(N'1985-04-06' AS Date), N'Allan Waters', N'711 Rocky Oak Way', CAST(4916961.83 AS Decimal(10, 2)))
GO
INSERT [dbo].[NhaSi] ([MaNS], [SDTNS], [NgSinhNS], [HoTen], [DiaChi], [ChiPhiKham]) VALUES (N'NS97 ', N'5368129600', CAST(N'2020-02-04' AS Date), N'Miriam Weber', N'940 Nobel St.', CAST(528625.37 AS Decimal(10, 2)))
GO
INSERT [dbo].[NhaSi] ([MaNS], [SDTNS], [NgSinhNS], [HoTen], [DiaChi], [ChiPhiKham]) VALUES (N'NS98 ', N'7969781487', CAST(N'2020-10-13' AS Date), N'Jay Baldwin', N'694 South Fabien Boulevard', CAST(7611152.07 AS Decimal(10, 2)))
GO
INSERT [dbo].[NhaSi] ([MaNS], [SDTNS], [NgSinhNS], [HoTen], [DiaChi], [ChiPhiKham]) VALUES (N'NS99 ', N'7969781487', CAST(N'1963-06-11' AS Date), N'Bryon Beck', N'20 Green Second Way', CAST(9934223.83 AS Decimal(10, 2)))
GO
INSERT [dbo].[NhanVien] ([MaNV], [SDTNV], [NgSinhNV], [HoTen], [DiaChi], [LoaiNV]) VALUES (N'NV00 ', N'6891112859', CAST(N'2009-12-19' AS Date), N'Melody Contreras', N'46 East White Second Freeway', N'Thng')
GO
INSERT [dbo].[NhanVien] ([MaNV], [SDTNV], [NgSinhNV], [HoTen], [DiaChi], [LoaiNV]) VALUES (N'NV01 ', N'2163904868', CAST(N'2009-11-12' AS Date), N'Diane Benson', N'984 West White Cowley Street', N'QTV')
GO
INSERT [dbo].[NhanVien] ([MaNV], [SDTNV], [NgSinhNV], [HoTen], [DiaChi], [LoaiNV]) VALUES (N'NV02 ', N'1185785988', CAST(N'1993-10-06' AS Date), N'Todd Ray', N'556 Rocky Second Way', N'QTV')
GO
INSERT [dbo].[NhanVien] ([MaNV], [SDTNV], [NgSinhNV], [HoTen], [DiaChi], [LoaiNV]) VALUES (N'NV03 ', N'9765360203', CAST(N'2008-10-01' AS Date), N'Carrie Chang', N'15 White New Drive', N'Thng')
GO
INSERT [dbo].[NhanVien] ([MaNV], [SDTNV], [NgSinhNV], [HoTen], [DiaChi], [LoaiNV]) VALUES (N'NV04 ', N'4482242221', CAST(N'1972-10-13' AS Date), N'Leroy Hinton', N'25 First Freeway', N'Thng')
GO
INSERT [dbo].[NhanVien] ([MaNV], [SDTNV], [NgSinhNV], [HoTen], [DiaChi], [LoaiNV]) VALUES (N'NV05 ', N'7437933380', CAST(N'1993-09-09' AS Date), N'Damien Dominguez', N'17 White Hague Way', N'Thng')
GO
INSERT [dbo].[NhanVien] ([MaNV], [SDTNV], [NgSinhNV], [HoTen], [DiaChi], [LoaiNV]) VALUES (N'NV06 ', N'5015385228', CAST(N'1995-06-19' AS Date), N'Meghan Curry', N'47 White Oak Blvd.', N'Thng')
GO
INSERT [dbo].[NhanVien] ([MaNV], [SDTNV], [NgSinhNV], [HoTen], [DiaChi], [LoaiNV]) VALUES (N'NV07 ', N'3095216148', CAST(N'2010-08-25' AS Date), N'Russell Webster', N'98 West White Oak Road', N'QTV')
GO
INSERT [dbo].[NhanVien] ([MaNV], [SDTNV], [NgSinhNV], [HoTen], [DiaChi], [LoaiNV]) VALUES (N'NV08 ', N'9184342228', CAST(N'2010-10-19' AS Date), N'Jamal Erickson', N'48 Cowley Road', N'Thng')
GO
INSERT [dbo].[NhanVien] ([MaNV], [SDTNV], [NgSinhNV], [HoTen], [DiaChi], [LoaiNV]) VALUES (N'NV09 ', N'0320565833', CAST(N'1997-11-26' AS Date), N'Hope Bray', N'293 South Hague Freeway', N'Thng')
GO
INSERT [dbo].[NhanVien] ([MaNV], [SDTNV], [NgSinhNV], [HoTen], [DiaChi], [LoaiNV]) VALUES (N'NV10 ', N'4596968469', CAST(N'2014-03-24' AS Date), N'Elias Mack', N'72 New Avenue', N'Thng')
GO
INSERT [dbo].[NhanVien] ([MaNV], [SDTNV], [NgSinhNV], [HoTen], [DiaChi], [LoaiNV]) VALUES (N'NV11 ', N'0320565833', CAST(N'1970-02-03' AS Date), N'Arturo Mc Knight', N'612 Second Blvd.', N'Thng')
GO
INSERT [dbo].[NhanVien] ([MaNV], [SDTNV], [NgSinhNV], [HoTen], [DiaChi], [LoaiNV]) VALUES (N'NV12 ', N'9335024867', CAST(N'2010-11-03' AS Date), N'Francis Cooley', N'327 First Freeway', N'Thng')
GO
INSERT [dbo].[NhanVien] ([MaNV], [SDTNV], [NgSinhNV], [HoTen], [DiaChi], [LoaiNV]) VALUES (N'NV13 ', N'5795714293', CAST(N'1977-10-02' AS Date), N'Darin Chaney', N'16 Rocky Nobel Road', NULL)
GO
INSERT [dbo].[NhanVien] ([MaNV], [SDTNV], [NgSinhNV], [HoTen], [DiaChi], [LoaiNV]) VALUES (N'NV14 ', N'9746949602', CAST(N'1971-12-09' AS Date), N'Frances Golden', N'36 New Way', N'QTV')
GO
INSERT [dbo].[NhanVien] ([MaNV], [SDTNV], [NgSinhNV], [HoTen], [DiaChi], [LoaiNV]) VALUES (N'NV15 ', N'4732022823', CAST(N'1999-10-30' AS Date), N'Manuel Henson', N'86 North Rocky Nobel Way', N'QTV')
GO
INSERT [dbo].[NhanVien] ([MaNV], [SDTNV], [NgSinhNV], [HoTen], [DiaChi], [LoaiNV]) VALUES (N'NV16 ', N'8597800136', CAST(N'1957-05-01' AS Date), N'Earnest Daniel', N'303 West Hague Drive', N'QTV')
GO
INSERT [dbo].[NhanVien] ([MaNV], [SDTNV], [NgSinhNV], [HoTen], [DiaChi], [LoaiNV]) VALUES (N'NV17 ', N'8597800136', CAST(N'1987-08-02' AS Date), N'Clayton Woodward', N'64 Second Boulevard', N'Thng')
GO
INSERT [dbo].[NhanVien] ([MaNV], [SDTNV], [NgSinhNV], [HoTen], [DiaChi], [LoaiNV]) VALUES (N'NV18 ', N'7437933380', CAST(N'1992-01-25' AS Date), N'Morgan Mc Guire', N'93 White Milton Parkway', N'Thng')
GO
INSERT [dbo].[NhanVien] ([MaNV], [SDTNV], [NgSinhNV], [HoTen], [DiaChi], [LoaiNV]) VALUES (N'NV19 ', N'9985500652', CAST(N'2002-11-08' AS Date), N'Orlando Burch', N'548 West Hague Way', N'QTV')
GO
INSERT [dbo].[NhanVien] ([MaNV], [SDTNV], [NgSinhNV], [HoTen], [DiaChi], [LoaiNV]) VALUES (N'NV20 ', NULL, CAST(N'1983-01-21' AS Date), N'Lori Carter', N'29 Green Milton Drive', N'QTV')
GO
INSERT [dbo].[NhanVien] ([MaNV], [SDTNV], [NgSinhNV], [HoTen], [DiaChi], [LoaiNV]) VALUES (N'NV21 ', N'9159556342', CAST(N'2005-11-13' AS Date), N'Tracie Atkins', N'688 Cowley Way', N'QTV')
GO
INSERT [dbo].[NhanVien] ([MaNV], [SDTNV], [NgSinhNV], [HoTen], [DiaChi], [LoaiNV]) VALUES (N'NV22 ', N'6891112859', CAST(N'1966-10-31' AS Date), N'Kellie Whitehead', N'67 South New Freeway', N'Thng')
GO
INSERT [dbo].[NhanVien] ([MaNV], [SDTNV], [NgSinhNV], [HoTen], [DiaChi], [LoaiNV]) VALUES (N'NV23 ', N'6696569451', CAST(N'1986-06-26' AS Date), N'Derrick Brady', N'35 Fabien Road', N'Thng')
GO
INSERT [dbo].[NhanVien] ([MaNV], [SDTNV], [NgSinhNV], [HoTen], [DiaChi], [LoaiNV]) VALUES (N'NV24 ', N'1185785988', CAST(N'2000-05-21' AS Date), N'Dina Townsend', NULL, N'QTV')
GO
INSERT [dbo].[NhanVien] ([MaNV], [SDTNV], [NgSinhNV], [HoTen], [DiaChi], [LoaiNV]) VALUES (N'NV25 ', N'4595344030', CAST(N'1953-05-26' AS Date), N'Gena Chung', N'926 West Hague Avenue', N'QTV')
GO
INSERT [dbo].[NhanVien] ([MaNV], [SDTNV], [NgSinhNV], [HoTen], [DiaChi], [LoaiNV]) VALUES (N'NV26 ', N'0962955498', CAST(N'1991-08-13' AS Date), N'Christian Williams', N'142 White Clarendon Street', N'Thng')
GO
INSERT [dbo].[NhanVien] ([MaNV], [SDTNV], [NgSinhNV], [HoTen], [DiaChi], [LoaiNV]) VALUES (N'NV27 ', N'2442500819', CAST(N'2006-02-11' AS Date), N'Yvonne Mc Carthy', N'806 South Oak St.', N'Thng')
GO
INSERT [dbo].[NhanVien] ([MaNV], [SDTNV], [NgSinhNV], [HoTen], [DiaChi], [LoaiNV]) VALUES (N'NV28 ', N'7820801853', CAST(N'2011-07-12' AS Date), N'Shaun Edwards', N'128 Rocky Old St.', N'Thng')
GO
INSERT [dbo].[NhanVien] ([MaNV], [SDTNV], [NgSinhNV], [HoTen], [DiaChi], [LoaiNV]) VALUES (N'NV29 ', N'9769115605', CAST(N'1998-12-31' AS Date), N'Cary Yang', N'71 North First Drive', N'Thng')
GO
INSERT [dbo].[NhanVien] ([MaNV], [SDTNV], [NgSinhNV], [HoTen], [DiaChi], [LoaiNV]) VALUES (N'NV30 ', N'1076082927', CAST(N'2014-05-17' AS Date), N'Anna Chung', N'53 West Second Blvd.', N'QTV')
GO
INSERT [dbo].[NhanVien] ([MaNV], [SDTNV], [NgSinhNV], [HoTen], [DiaChi], [LoaiNV]) VALUES (N'NV31 ', N'2442500819', CAST(N'1998-06-08' AS Date), N'Misti Perez', N'98 South Old Freeway', N'Thng')
GO
INSERT [dbo].[NhanVien] ([MaNV], [SDTNV], [NgSinhNV], [HoTen], [DiaChi], [LoaiNV]) VALUES (N'NV32 ', N'8214697652', CAST(N'2010-04-30' AS Date), N'Nicholas Harrell', N'90 New Street', NULL)
GO
INSERT [dbo].[NhanVien] ([MaNV], [SDTNV], [NgSinhNV], [HoTen], [DiaChi], [LoaiNV]) VALUES (N'NV33 ', N'7234291006', CAST(N'1979-11-13' AS Date), N'Kathy Farrell', NULL, N'Thng')
GO
INSERT [dbo].[NhanVien] ([MaNV], [SDTNV], [NgSinhNV], [HoTen], [DiaChi], [LoaiNV]) VALUES (N'NV34 ', N'1408598037', CAST(N'2002-03-14' AS Date), N'Steven Randall', N'71 New St.', N'Thng')
GO
INSERT [dbo].[NhanVien] ([MaNV], [SDTNV], [NgSinhNV], [HoTen], [DiaChi], [LoaiNV]) VALUES (N'NV35 ', N'3261806290', CAST(N'2010-06-01' AS Date), N'Dale Chan', N'59 White Cowley Boulevard', N'Thng')
GO
INSERT [dbo].[NhanVien] ([MaNV], [SDTNV], [NgSinhNV], [HoTen], [DiaChi], [LoaiNV]) VALUES (N'NV36 ', N'1827779200', CAST(N'1957-08-07' AS Date), N'Chanda Myers', N'24 South Fabien Parkway', N'QTV')
GO
INSERT [dbo].[NhanVien] ([MaNV], [SDTNV], [NgSinhNV], [HoTen], [DiaChi], [LoaiNV]) VALUES (N'NV37 ', N'3252993855', CAST(N'1985-12-28' AS Date), N'Juan Harmon', N'814 Oak Avenue', N'QTV')
GO
INSERT [dbo].[NhanVien] ([MaNV], [SDTNV], [NgSinhNV], [HoTen], [DiaChi], [LoaiNV]) VALUES (N'NV38 ', N'9746949602', CAST(N'1989-01-08' AS Date), N'Jason Jordan', N'468 Second Parkway', N'QTV')
GO
INSERT [dbo].[NhanVien] ([MaNV], [SDTNV], [NgSinhNV], [HoTen], [DiaChi], [LoaiNV]) VALUES (N'NV39 ', N'3860620780', CAST(N'1994-05-07' AS Date), N'Ronda Fowler', N'578 North Hague Boulevard', N'QTV')
GO
INSERT [dbo].[NhanVien] ([MaNV], [SDTNV], [NgSinhNV], [HoTen], [DiaChi], [LoaiNV]) VALUES (N'NV40 ', N'9335024867', CAST(N'1990-07-06' AS Date), N'Calvin Matthews', N'302 First Freeway', N'QTV')
GO
INSERT [dbo].[NhanVien] ([MaNV], [SDTNV], [NgSinhNV], [HoTen], [DiaChi], [LoaiNV]) VALUES (N'NV41 ', N'2163904868', CAST(N'1969-01-25' AS Date), N'Yesenia Dawson', N'76 Rocky Oak Boulevard', N'Thng')
GO
INSERT [dbo].[NhanVien] ([MaNV], [SDTNV], [NgSinhNV], [HoTen], [DiaChi], [LoaiNV]) VALUES (N'NV42 ', N'2988105709', CAST(N'2000-08-12' AS Date), N'Eddie Spencer', N'891 Milton Street', N'QTV')
GO
INSERT [dbo].[NhanVien] ([MaNV], [SDTNV], [NgSinhNV], [HoTen], [DiaChi], [LoaiNV]) VALUES (N'NV43 ', N'7969781487', CAST(N'1958-07-06' AS Date), N'Kate Bryan', N'20 South Second Drive', N'Thng')
GO
INSERT [dbo].[NhanVien] ([MaNV], [SDTNV], [NgSinhNV], [HoTen], [DiaChi], [LoaiNV]) VALUES (N'NV44 ', N'8520230427', CAST(N'1974-01-25' AS Date), N'Lorie Solomon', N'492 White Fabien Parkway', N'Thng')
GO
INSERT [dbo].[NhanVien] ([MaNV], [SDTNV], [NgSinhNV], [HoTen], [DiaChi], [LoaiNV]) VALUES (N'NV45 ', N'0711519479', CAST(N'1968-03-14' AS Date), N'Charlene Mccarty', N'974 West White Old Drive', N'Thng')
GO
INSERT [dbo].[NhanVien] ([MaNV], [SDTNV], [NgSinhNV], [HoTen], [DiaChi], [LoaiNV]) VALUES (N'NV46 ', N'5495708834', CAST(N'1996-04-30' AS Date), N'Roxanne Foley', N'752 South Nobel Blvd.', N'Thng')
GO
INSERT [dbo].[NhanVien] ([MaNV], [SDTNV], [NgSinhNV], [HoTen], [DiaChi], [LoaiNV]) VALUES (N'NV47 ', N'4287028968', CAST(N'2019-05-28' AS Date), N'Anne Brennan', N'94 Green Old Boulevard', N'Thng')
GO
INSERT [dbo].[NhanVien] ([MaNV], [SDTNV], [NgSinhNV], [HoTen], [DiaChi], [LoaiNV]) VALUES (N'NV48 ', N'4400638477', CAST(N'1977-10-27' AS Date), N'Shannon Cox', N'357 North Milton St.', N'QTV')
GO
INSERT [dbo].[NhanVien] ([MaNV], [SDTNV], [NgSinhNV], [HoTen], [DiaChi], [LoaiNV]) VALUES (N'NV49 ', N'0711519479', CAST(N'1972-07-30' AS Date), NULL, N'581 Clarendon St.', N'Thng')
GO
INSERT [dbo].[NhanVien] ([MaNV], [SDTNV], [NgSinhNV], [HoTen], [DiaChi], [LoaiNV]) VALUES (N'NV50 ', N'7103264009', CAST(N'2019-12-04' AS Date), N'Edwin Rangel', N'65 East White Nobel Street', N'QTV')
GO
INSERT [dbo].[NhanVien] ([MaNV], [SDTNV], [NgSinhNV], [HoTen], [DiaChi], [LoaiNV]) VALUES (N'NV51 ', N'4127575592', CAST(N'2011-02-06' AS Date), N'Tonia Barry', N'708 Milton Freeway', N'Thng')
GO
INSERT [dbo].[NhanVien] ([MaNV], [SDTNV], [NgSinhNV], [HoTen], [DiaChi], [LoaiNV]) VALUES (N'NV52 ', N'4400638477', CAST(N'1993-02-03' AS Date), N'Luz Herring', N'202 Hague Street', N'QTV')
GO
INSERT [dbo].[NhanVien] ([MaNV], [SDTNV], [NgSinhNV], [HoTen], [DiaChi], [LoaiNV]) VALUES (N'NV53 ', N'4482242221', CAST(N'1973-03-26' AS Date), N'Megan Navarro', N'836 Nobel Street', N'QTV')
GO
INSERT [dbo].[NhanVien] ([MaNV], [SDTNV], [NgSinhNV], [HoTen], [DiaChi], [LoaiNV]) VALUES (N'NV54 ', N'7437933380', CAST(N'1989-09-21' AS Date), N'Lloyd Mullins', N'574 Second Boulevard', N'QTV')
GO
INSERT [dbo].[NhanVien] ([MaNV], [SDTNV], [NgSinhNV], [HoTen], [DiaChi], [LoaiNV]) VALUES (N'NV55 ', N'5950166375', CAST(N'2001-03-14' AS Date), N'Alexis Patton', N'55 Green Nobel Avenue', N'Thng')
GO
INSERT [dbo].[NhanVien] ([MaNV], [SDTNV], [NgSinhNV], [HoTen], [DiaChi], [LoaiNV]) VALUES (N'NV56 ', N'9798325318', CAST(N'1972-12-03' AS Date), N'Felix Carrillo', N'923 Hague Street', N'Thng')
GO
INSERT [dbo].[NhanVien] ([MaNV], [SDTNV], [NgSinhNV], [HoTen], [DiaChi], [LoaiNV]) VALUES (N'NV57 ', N'6673673611', CAST(N'1953-01-10' AS Date), N'Stuart Mcfarland', N'61 West Rocky Second Boulevard', N'QTV')
GO
INSERT [dbo].[NhanVien] ([MaNV], [SDTNV], [NgSinhNV], [HoTen], [DiaChi], [LoaiNV]) VALUES (N'NV58 ', N'3860620780', CAST(N'1987-06-09' AS Date), N'Tara Reid', N'82 White Milton Blvd.', N'Thng')
GO
INSERT [dbo].[NhanVien] ([MaNV], [SDTNV], [NgSinhNV], [HoTen], [DiaChi], [LoaiNV]) VALUES (N'NV59 ', N'4596968469', CAST(N'2012-05-15' AS Date), N'Alex Hall', N'994 Old Parkway', N'Thng')
GO
INSERT [dbo].[NhanVien] ([MaNV], [SDTNV], [NgSinhNV], [HoTen], [DiaChi], [LoaiNV]) VALUES (N'NV60 ', N'7984355262', CAST(N'2007-03-18' AS Date), N'Stefanie Evans', N'440 West Rocky New Avenue', N'QTV')
GO
INSERT [dbo].[NhanVien] ([MaNV], [SDTNV], [NgSinhNV], [HoTen], [DiaChi], [LoaiNV]) VALUES (N'NV61 ', N'0059165243', CAST(N'1995-04-17' AS Date), N'Wendell Shea', N'843 North New Parkway', N'QTV')
GO
INSERT [dbo].[NhanVien] ([MaNV], [SDTNV], [NgSinhNV], [HoTen], [DiaChi], [LoaiNV]) VALUES (N'NV62 ', N'9248213884', CAST(N'2009-08-14' AS Date), N'Owen Valentine', N'796 North Rocky First Road', N'QTV')
GO
INSERT [dbo].[NhanVien] ([MaNV], [SDTNV], [NgSinhNV], [HoTen], [DiaChi], [LoaiNV]) VALUES (N'NV63 ', N'4482242221', CAST(N'1972-06-05' AS Date), N'Peggy Todd', N'99 Second Drive', N'Thng')
GO
INSERT [dbo].[NhanVien] ([MaNV], [SDTNV], [NgSinhNV], [HoTen], [DiaChi], [LoaiNV]) VALUES (N'NV64 ', N'8436755176', CAST(N'1986-07-20' AS Date), N'Shawn Daniel', N'56 Nobel Street', N'QTV')
GO
INSERT [dbo].[NhanVien] ([MaNV], [SDTNV], [NgSinhNV], [HoTen], [DiaChi], [LoaiNV]) VALUES (N'NV65 ', N'4816810590', CAST(N'1954-09-21' AS Date), N'Joel Branch', N'143 East Cowley Avenue', N'Thng')
GO
INSERT [dbo].[NhanVien] ([MaNV], [SDTNV], [NgSinhNV], [HoTen], [DiaChi], [LoaiNV]) VALUES (N'NV66 ', N'9442774095', CAST(N'2011-03-18' AS Date), N'Shanna Bates', N'98 West New St.', N'QTV')
GO
INSERT [dbo].[NhanVien] ([MaNV], [SDTNV], [NgSinhNV], [HoTen], [DiaChi], [LoaiNV]) VALUES (N'NV67 ', N'8436755176', CAST(N'1960-06-07' AS Date), N'Ericka Brooks', N'208 Green Cowley Parkway', N'Thng')
GO
INSERT [dbo].[NhanVien] ([MaNV], [SDTNV], [NgSinhNV], [HoTen], [DiaChi], [LoaiNV]) VALUES (N'NV68 ', N'5368129600', CAST(N'2005-07-22' AS Date), N'Nancy Choi', N'747 Oak Parkway', N'Thng')
GO
INSERT [dbo].[NhanVien] ([MaNV], [SDTNV], [NgSinhNV], [HoTen], [DiaChi], [LoaiNV]) VALUES (N'NV69 ', N'3095216148', CAST(N'1981-07-26' AS Date), N'Brett Barker', N'31 First Street', N'QTV')
GO
INSERT [dbo].[NhanVien] ([MaNV], [SDTNV], [NgSinhNV], [HoTen], [DiaChi], [LoaiNV]) VALUES (N'NV70 ', N'7969781487', CAST(N'1971-11-21' AS Date), N'Jesus Hester', N'699 South White Nobel Blvd.', N'QTV')
GO
INSERT [dbo].[NhanVien] ([MaNV], [SDTNV], [NgSinhNV], [HoTen], [DiaChi], [LoaiNV]) VALUES (N'NV71 ', N'9477190529', CAST(N'2006-01-29' AS Date), N'Dina Walton', N'41 Cowley Road', N'Thng')
GO
INSERT [dbo].[NhanVien] ([MaNV], [SDTNV], [NgSinhNV], [HoTen], [DiaChi], [LoaiNV]) VALUES (N'NV72 ', N'4366239362', CAST(N'1985-11-26' AS Date), N'Jenna Klein', N'276 Rocky Cowley Freeway', N'QTV')
GO
INSERT [dbo].[NhanVien] ([MaNV], [SDTNV], [NgSinhNV], [HoTen], [DiaChi], [LoaiNV]) VALUES (N'NV73 ', N'9746949602', CAST(N'1957-12-31' AS Date), N'Nakia Patterson', N'995 Green First Avenue', N'QTV')
GO
INSERT [dbo].[NhanVien] ([MaNV], [SDTNV], [NgSinhNV], [HoTen], [DiaChi], [LoaiNV]) VALUES (N'NV74 ', N'7437933380', CAST(N'2006-10-02' AS Date), N'Kendra Ray', N'809 Oak Avenue', N'QTV')
GO
INSERT [dbo].[NhanVien] ([MaNV], [SDTNV], [NgSinhNV], [HoTen], [DiaChi], [LoaiNV]) VALUES (N'NV75 ', N'3095216148', CAST(N'1966-04-05' AS Date), N'Kristine Espinoza', N'40 Rocky Fabien St.', N'QTV')
GO
INSERT [dbo].[NhanVien] ([MaNV], [SDTNV], [NgSinhNV], [HoTen], [DiaChi], [LoaiNV]) VALUES (N'NV76 ', N'2988105709', CAST(N'1962-08-03' AS Date), N'Ralph Mc Dowell', N'348 Nobel Drive', N'Thng')
GO
INSERT [dbo].[NhanVien] ([MaNV], [SDTNV], [NgSinhNV], [HoTen], [DiaChi], [LoaiNV]) VALUES (N'NV77 ', N'9477190529', CAST(N'1999-12-21' AS Date), N'Kenny Rivera', N'808 Green Nobel Avenue', N'QTV')
GO
INSERT [dbo].[NhanVien] ([MaNV], [SDTNV], [NgSinhNV], [HoTen], [DiaChi], [LoaiNV]) VALUES (N'NV78 ', N'6770556377', CAST(N'1960-10-03' AS Date), N'Alex Allen', N'514 Rocky Fabien Road', N'QTV')
GO
INSERT [dbo].[NhanVien] ([MaNV], [SDTNV], [NgSinhNV], [HoTen], [DiaChi], [LoaiNV]) VALUES (N'NV79 ', N'1402077433', CAST(N'2002-02-27' AS Date), N'Angela Solis', N'653 Rocky Oak Boulevard', N'QTV')
GO
INSERT [dbo].[NhanVien] ([MaNV], [SDTNV], [NgSinhNV], [HoTen], [DiaChi], [LoaiNV]) VALUES (N'NV80 ', N'8608996246', CAST(N'1989-12-01' AS Date), N'Charlotte Soto', N'897 Hague Avenue', N'QTV')
GO
INSERT [dbo].[NhanVien] ([MaNV], [SDTNV], [NgSinhNV], [HoTen], [DiaChi], [LoaiNV]) VALUES (N'NV81 ', N'5248452291', CAST(N'1972-04-17' AS Date), N'Stacy Gordon', N'965 Old Freeway', N'QTV')
GO
INSERT [dbo].[NhanVien] ([MaNV], [SDTNV], [NgSinhNV], [HoTen], [DiaChi], [LoaiNV]) VALUES (N'NV82 ', N'3122229629', CAST(N'2006-02-02' AS Date), N'Patrick Contreras', N'23 Fabien St.', N'Thng')
GO
INSERT [dbo].[NhanVien] ([MaNV], [SDTNV], [NgSinhNV], [HoTen], [DiaChi], [LoaiNV]) VALUES (N'NV83 ', N'7103264009', CAST(N'1983-11-19' AS Date), N'Lynn Ramsey', N'31 White Old Boulevard', N'QTV')
GO
INSERT [dbo].[NhanVien] ([MaNV], [SDTNV], [NgSinhNV], [HoTen], [DiaChi], [LoaiNV]) VALUES (N'NV84 ', N'8597800136', CAST(N'1997-01-07' AS Date), N'Norman Silva', N'945 Old Street', N'QTV')
GO
INSERT [dbo].[NhanVien] ([MaNV], [SDTNV], [NgSinhNV], [HoTen], [DiaChi], [LoaiNV]) VALUES (N'NV85 ', N'6673673611', CAST(N'1982-03-17' AS Date), N'Aimee Mckay', N'969 Fabien Freeway', N'Thng')
GO
INSERT [dbo].[NhanVien] ([MaNV], [SDTNV], [NgSinhNV], [HoTen], [DiaChi], [LoaiNV]) VALUES (N'NV86 ', N'9985500652', CAST(N'2012-05-10' AS Date), N'Glenda Krueger', N'18 Green Clarendon Way', N'Thng')
GO
INSERT [dbo].[NhanVien] ([MaNV], [SDTNV], [NgSinhNV], [HoTen], [DiaChi], [LoaiNV]) VALUES (N'NV87 ', N'9985500652', CAST(N'1960-06-15' AS Date), N'Kent Blair', N'815 Hague Road', N'Thng')
GO
INSERT [dbo].[NhanVien] ([MaNV], [SDTNV], [NgSinhNV], [HoTen], [DiaChi], [LoaiNV]) VALUES (N'NV88 ', N'4366239362', CAST(N'1988-09-01' AS Date), N'Wendi Sexton', N'22 North Milton Avenue', N'QTV')
GO
INSERT [dbo].[NhanVien] ([MaNV], [SDTNV], [NgSinhNV], [HoTen], [DiaChi], [LoaiNV]) VALUES (N'NV89 ', N'2555451597', CAST(N'1990-10-31' AS Date), N'Kristen Hanna', N'530 North Nobel Road', N'Thng')
GO
INSERT [dbo].[NhanVien] ([MaNV], [SDTNV], [NgSinhNV], [HoTen], [DiaChi], [LoaiNV]) VALUES (N'NV90 ', N'5950166375', CAST(N'2016-11-11' AS Date), N'Jody Bradley', N'84 Green Milton Boulevard', N'QTV')
GO
INSERT [dbo].[NhanVien] ([MaNV], [SDTNV], [NgSinhNV], [HoTen], [DiaChi], [LoaiNV]) VALUES (N'NV91 ', N'4482242221', CAST(N'1962-08-25' AS Date), NULL, N'620 First Parkway', N'Thng')
GO
INSERT [dbo].[NhanVien] ([MaNV], [SDTNV], [NgSinhNV], [HoTen], [DiaChi], [LoaiNV]) VALUES (N'NV92 ', N'3095216148', CAST(N'1970-09-18' AS Date), N'Rafael Lloyd', N'725 Fabien Blvd.', N'Thng')
GO
INSERT [dbo].[NhanVien] ([MaNV], [SDTNV], [NgSinhNV], [HoTen], [DiaChi], [LoaiNV]) VALUES (N'NV93 ', N'8299787015', CAST(N'1990-10-01' AS Date), N'Carol Mc Clure', N'37 Cowley Blvd.', N'QTV')
GO
INSERT [dbo].[NhanVien] ([MaNV], [SDTNV], [NgSinhNV], [HoTen], [DiaChi], [LoaiNV]) VALUES (N'NV94 ', N'5248452291', CAST(N'1959-04-07' AS Date), N'Frank Escobar', N'39 White Milton Road', N'Thng')
GO
INSERT [dbo].[NhanVien] ([MaNV], [SDTNV], [NgSinhNV], [HoTen], [DiaChi], [LoaiNV]) VALUES (N'NV95 ', N'5054288103', CAST(N'1976-11-02' AS Date), N'Stephan Miranda', N'631 Hague Road', N'Thng')
GO
INSERT [dbo].[NhanVien] ([MaNV], [SDTNV], [NgSinhNV], [HoTen], [DiaChi], [LoaiNV]) VALUES (N'NV96 ', N'8436755176', CAST(N'2010-07-10' AS Date), N'Cory Bush', N'389 Second St.', N'Thng')
GO
INSERT [dbo].[NhanVien] ([MaNV], [SDTNV], [NgSinhNV], [HoTen], [DiaChi], [LoaiNV]) VALUES (N'NV97 ', N'1185785988', CAST(N'1976-12-17' AS Date), N'Rachelle Cook', N'39 West New St.', N'QTV')
GO
INSERT [dbo].[NhanVien] ([MaNV], [SDTNV], [NgSinhNV], [HoTen], [DiaChi], [LoaiNV]) VALUES (N'NV98 ', N'3323641709', CAST(N'1967-04-26' AS Date), N'Lawanda Weeks', N'856 Cowley Boulevard', N'QTV')
GO
INSERT [dbo].[NhanVien] ([MaNV], [SDTNV], [NgSinhNV], [HoTen], [DiaChi], [LoaiNV]) VALUES (N'NV99 ', N'2163904868', CAST(N'1986-03-24' AS Date), N'Mia Patrick', N'71 Old St.', N'QTV')
GO
INSERT [dbo].[LichHen] ([MaKH], [MaNS], [ThoiGian]) VALUES (N'KH68 ', N'NS00 ', CAST(N'1961-06-13' AS Date))
GO
INSERT [dbo].[LichHen] ([MaKH], [MaNS], [ThoiGian]) VALUES (N'KH18 ', N'NS00 ', CAST(N'1962-01-21' AS Date))
GO
INSERT [dbo].[LichHen] ([MaKH], [MaNS], [ThoiGian]) VALUES (N'KH77 ', N'NS00 ', CAST(N'1969-04-11' AS Date))
GO
INSERT [dbo].[LichHen] ([MaKH], [MaNS], [ThoiGian]) VALUES (N'KH74 ', N'NS00 ', CAST(N'1971-12-12' AS Date))
GO
INSERT [dbo].[LichHen] ([MaKH], [MaNS], [ThoiGian]) VALUES (N'KH88 ', N'NS00 ', CAST(N'1976-12-08' AS Date))
GO
INSERT [dbo].[LichHen] ([MaKH], [MaNS], [ThoiGian]) VALUES (N'KH11 ', N'NS00 ', CAST(N'1983-07-06' AS Date))
GO
INSERT [dbo].[LichHen] ([MaKH], [MaNS], [ThoiGian]) VALUES (N'KH35 ', N'NS00 ', CAST(N'2006-06-01' AS Date))
GO
INSERT [dbo].[LichHen] ([MaKH], [MaNS], [ThoiGian]) VALUES (N'KH51 ', N'NS00 ', CAST(N'2009-12-29' AS Date))
GO
INSERT [dbo].[LichHen] ([MaKH], [MaNS], [ThoiGian]) VALUES (N'KH52 ', N'NS00 ', CAST(N'2010-01-30' AS Date))
GO
INSERT [dbo].[LichHen] ([MaKH], [MaNS], [ThoiGian]) VALUES (N'KH24 ', N'NS00 ', CAST(N'2016-12-21' AS Date))
GO
INSERT [dbo].[LichHen] ([MaKH], [MaNS], [ThoiGian]) VALUES (N'KH68 ', N'NS01 ', CAST(N'1961-06-11' AS Date))
GO
INSERT [dbo].[LichHen] ([MaKH], [MaNS], [ThoiGian]) VALUES (N'KH53 ', N'NS01 ', CAST(N'1973-07-31' AS Date))
GO
INSERT [dbo].[LichHen] ([MaKH], [MaNS], [ThoiGian]) VALUES (N'KH18 ', N'NS01 ', CAST(N'1979-01-15' AS Date))
GO
INSERT [dbo].[LichHen] ([MaKH], [MaNS], [ThoiGian]) VALUES (N'KH71 ', N'NS01 ', CAST(N'1981-10-23' AS Date))
GO
INSERT [dbo].[LichHen] ([MaKH], [MaNS], [ThoiGian]) VALUES (N'KH39 ', N'NS01 ', CAST(N'1982-06-06' AS Date))
GO
INSERT [dbo].[LichHen] ([MaKH], [MaNS], [ThoiGian]) VALUES (N'KH10 ', N'NS01 ', CAST(N'1992-10-01' AS Date))
GO
INSERT [dbo].[LichHen] ([MaKH], [MaNS], [ThoiGian]) VALUES (N'KH20 ', N'NS01 ', CAST(N'2001-01-30' AS Date))
GO
INSERT [dbo].[LichHen] ([MaKH], [MaNS], [ThoiGian]) VALUES (N'KH77 ', N'NS01 ', CAST(N'2012-02-05' AS Date))
GO
INSERT [dbo].[LichHen] ([MaKH], [MaNS], [ThoiGian]) VALUES (N'KH38 ', N'NS01 ', CAST(N'2019-04-22' AS Date))
GO
INSERT [dbo].[LichHen] ([MaKH], [MaNS], [ThoiGian]) VALUES (N'KH62 ', N'NS01 ', CAST(N'2020-10-12' AS Date))
GO
INSERT [dbo].[LichHen] ([MaKH], [MaNS], [ThoiGian]) VALUES (N'KH45 ', N'NS02 ', CAST(N'1953-04-22' AS Date))
GO
INSERT [dbo].[LichHen] ([MaKH], [MaNS], [ThoiGian]) VALUES (N'KH74 ', N'NS02 ', CAST(N'1960-05-13' AS Date))
GO
INSERT [dbo].[LichHen] ([MaKH], [MaNS], [ThoiGian]) VALUES (N'KH38 ', N'NS02 ', CAST(N'1966-04-19' AS Date))
GO
INSERT [dbo].[LichHen] ([MaKH], [MaNS], [ThoiGian]) VALUES (N'KH46 ', N'NS02 ', CAST(N'1983-08-06' AS Date))
GO
INSERT [dbo].[LichHen] ([MaKH], [MaNS], [ThoiGian]) VALUES (N'KH05 ', N'NS02 ', CAST(N'1992-11-02' AS Date))
GO
INSERT [dbo].[LichHen] ([MaKH], [MaNS], [ThoiGian]) VALUES (N'KH97 ', N'NS02 ', CAST(N'1994-01-02' AS Date))
GO
INSERT [dbo].[LichHen] ([MaKH], [MaNS], [ThoiGian]) VALUES (N'KH65 ', N'NS02 ', CAST(N'1996-05-27' AS Date))
GO
INSERT [dbo].[LichHen] ([MaKH], [MaNS], [ThoiGian]) VALUES (N'KH17 ', N'NS02 ', CAST(N'1997-07-04' AS Date))
GO
INSERT [dbo].[LichHen] ([MaKH], [MaNS], [ThoiGian]) VALUES (N'KH61 ', N'NS02 ', CAST(N'2000-12-10' AS Date))
GO
INSERT [dbo].[LichHen] ([MaKH], [MaNS], [ThoiGian]) VALUES (N'KH69 ', N'NS02 ', CAST(N'2004-08-06' AS Date))
GO
INSERT [dbo].[LichHen] ([MaKH], [MaNS], [ThoiGian]) VALUES (N'KH98 ', N'NS03 ', CAST(N'1957-11-21' AS Date))
GO
INSERT [dbo].[LichHen] ([MaKH], [MaNS], [ThoiGian]) VALUES (N'KH54 ', N'NS03 ', CAST(N'1961-12-06' AS Date))
GO
INSERT [dbo].[LichHen] ([MaKH], [MaNS], [ThoiGian]) VALUES (N'KH45 ', N'NS03 ', CAST(N'1966-12-02' AS Date))
GO
INSERT [dbo].[LichHen] ([MaKH], [MaNS], [ThoiGian]) VALUES (N'KH36 ', N'NS03 ', CAST(N'1988-03-21' AS Date))
GO
INSERT [dbo].[LichHen] ([MaKH], [MaNS], [ThoiGian]) VALUES (N'KH98 ', N'NS03 ', CAST(N'2001-10-29' AS Date))
GO
INSERT [dbo].[LichHen] ([MaKH], [MaNS], [ThoiGian]) VALUES (N'KH96 ', N'NS03 ', CAST(N'2007-09-22' AS Date))
GO
INSERT [dbo].[LichHen] ([MaKH], [MaNS], [ThoiGian]) VALUES (N'KH15 ', N'NS03 ', CAST(N'2014-06-10' AS Date))
GO
INSERT [dbo].[LichHen] ([MaKH], [MaNS], [ThoiGian]) VALUES (N'KH69 ', N'NS03 ', CAST(N'2016-09-24' AS Date))
GO
INSERT [dbo].[LichHen] ([MaKH], [MaNS], [ThoiGian]) VALUES (N'KH25 ', N'NS03 ', CAST(N'2017-08-03' AS Date))
GO
INSERT [dbo].[LichHen] ([MaKH], [MaNS], [ThoiGian]) VALUES (N'KH96 ', N'NS03 ', CAST(N'2019-09-23' AS Date))
GO
INSERT [dbo].[LichHen] ([MaKH], [MaNS], [ThoiGian]) VALUES (N'KH66 ', N'NS04 ', CAST(N'1966-02-02' AS Date))
GO
INSERT [dbo].[LichHen] ([MaKH], [MaNS], [ThoiGian]) VALUES (N'KH76 ', N'NS04 ', CAST(N'1969-03-07' AS Date))
GO
INSERT [dbo].[LichHen] ([MaKH], [MaNS], [ThoiGian]) VALUES (N'KH14 ', N'NS04 ', CAST(N'1969-09-13' AS Date))
GO
INSERT [dbo].[LichHen] ([MaKH], [MaNS], [ThoiGian]) VALUES (N'KH55 ', N'NS04 ', CAST(N'1988-08-05' AS Date))
GO
INSERT [dbo].[LichHen] ([MaKH], [MaNS], [ThoiGian]) VALUES (N'KH33 ', N'NS04 ', CAST(N'1989-11-26' AS Date))
GO
INSERT [dbo].[LichHen] ([MaKH], [MaNS], [ThoiGian]) VALUES (N'KH98 ', N'NS04 ', CAST(N'1992-09-07' AS Date))
GO
INSERT [dbo].[LichHen] ([MaKH], [MaNS], [ThoiGian]) VALUES (N'KH00 ', N'NS04 ', CAST(N'1996-03-16' AS Date))
GO
INSERT [dbo].[LichHen] ([MaKH], [MaNS], [ThoiGian]) VALUES (N'KH99 ', N'NS04 ', CAST(N'2003-04-11' AS Date))
GO
INSERT [dbo].[LichHen] ([MaKH], [MaNS], [ThoiGian]) VALUES (N'KH02 ', N'NS04 ', CAST(N'2005-12-07' AS Date))
GO
INSERT [dbo].[LichHen] ([MaKH], [MaNS], [ThoiGian]) VALUES (N'KH05 ', N'NS04 ', CAST(N'2015-07-31' AS Date))
GO
INSERT [dbo].[LichHen] ([MaKH], [MaNS], [ThoiGian]) VALUES (N'KH46 ', N'NS05 ', CAST(N'1954-06-03' AS Date))
GO
INSERT [dbo].[LichHen] ([MaKH], [MaNS], [ThoiGian]) VALUES (N'KH26 ', N'NS05 ', CAST(N'1965-09-03' AS Date))
GO
INSERT [dbo].[LichHen] ([MaKH], [MaNS], [ThoiGian]) VALUES (N'KH93 ', N'NS05 ', CAST(N'1969-06-21' AS Date))
GO
INSERT [dbo].[LichHen] ([MaKH], [MaNS], [ThoiGian]) VALUES (N'KH70 ', N'NS05 ', CAST(N'1971-12-25' AS Date))
GO
INSERT [dbo].[LichHen] ([MaKH], [MaNS], [ThoiGian]) VALUES (N'KH70 ', N'NS05 ', CAST(N'1982-01-30' AS Date))
GO
INSERT [dbo].[LichHen] ([MaKH], [MaNS], [ThoiGian]) VALUES (N'KH28 ', N'NS05 ', CAST(N'1984-05-28' AS Date))
GO
INSERT [dbo].[LichHen] ([MaKH], [MaNS], [ThoiGian]) VALUES (N'KH15 ', N'NS05 ', CAST(N'1995-09-19' AS Date))
GO
INSERT [dbo].[LichHen] ([MaKH], [MaNS], [ThoiGian]) VALUES (N'KH07 ', N'NS05 ', CAST(N'1997-03-30' AS Date))
GO
INSERT [dbo].[LichHen] ([MaKH], [MaNS], [ThoiGian]) VALUES (N'KH88 ', N'NS05 ', CAST(N'2007-01-09' AS Date))
GO
INSERT [dbo].[LichHen] ([MaKH], [MaNS], [ThoiGian]) VALUES (N'KH60 ', N'NS05 ', CAST(N'2011-12-18' AS Date))
GO
INSERT [dbo].[LichHen] ([MaKH], [MaNS], [ThoiGian]) VALUES (N'KH53 ', N'NS06 ', CAST(N'1954-10-22' AS Date))
GO
INSERT [dbo].[LichHen] ([MaKH], [MaNS], [ThoiGian]) VALUES (N'KH20 ', N'NS06 ', CAST(N'1956-06-02' AS Date))
GO
INSERT [dbo].[LichHen] ([MaKH], [MaNS], [ThoiGian]) VALUES (N'KH38 ', N'NS06 ', CAST(N'1956-11-11' AS Date))
GO
INSERT [dbo].[LichHen] ([MaKH], [MaNS], [ThoiGian]) VALUES (N'KH64 ', N'NS06 ', CAST(N'1971-03-23' AS Date))
GO
INSERT [dbo].[LichHen] ([MaKH], [MaNS], [ThoiGian]) VALUES (N'KH19 ', N'NS06 ', CAST(N'1990-05-26' AS Date))
GO
INSERT [dbo].[LichHen] ([MaKH], [MaNS], [ThoiGian]) VALUES (N'KH10 ', N'NS06 ', CAST(N'1995-02-06' AS Date))
GO
INSERT [dbo].[LichHen] ([MaKH], [MaNS], [ThoiGian]) VALUES (N'KH26 ', N'NS06 ', CAST(N'2001-11-18' AS Date))
GO
INSERT [dbo].[LichHen] ([MaKH], [MaNS], [ThoiGian]) VALUES (N'KH82 ', N'NS06 ', CAST(N'2003-07-04' AS Date))
GO
INSERT [dbo].[LichHen] ([MaKH], [MaNS], [ThoiGian]) VALUES (N'KH06 ', N'NS06 ', CAST(N'2016-06-03' AS Date))
GO
INSERT [dbo].[LichHen] ([MaKH], [MaNS], [ThoiGian]) VALUES (N'KH85 ', N'NS06 ', CAST(N'2022-10-10' AS Date))
GO
INSERT [dbo].[LichHen] ([MaKH], [MaNS], [ThoiGian]) VALUES (N'KH62 ', N'NS07 ', CAST(N'1958-04-26' AS Date))
GO
INSERT [dbo].[LichHen] ([MaKH], [MaNS], [ThoiGian]) VALUES (N'KH94 ', N'NS07 ', CAST(N'1973-04-14' AS Date))
GO
INSERT [dbo].[LichHen] ([MaKH], [MaNS], [ThoiGian]) VALUES (N'KH99 ', N'NS07 ', CAST(N'1973-12-11' AS Date))
GO
INSERT [dbo].[LichHen] ([MaKH], [MaNS], [ThoiGian]) VALUES (N'KH09 ', N'NS07 ', CAST(N'1977-10-11' AS Date))
GO
INSERT [dbo].[LichHen] ([MaKH], [MaNS], [ThoiGian]) VALUES (N'KH67 ', N'NS07 ', CAST(N'1979-04-16' AS Date))
GO
INSERT [dbo].[LichHen] ([MaKH], [MaNS], [ThoiGian]) VALUES (N'KH01 ', N'NS07 ', CAST(N'1980-12-31' AS Date))
GO
INSERT [dbo].[LichHen] ([MaKH], [MaNS], [ThoiGian]) VALUES (N'KH64 ', N'NS07 ', CAST(N'1989-12-05' AS Date))
GO
INSERT [dbo].[LichHen] ([MaKH], [MaNS], [ThoiGian]) VALUES (N'KH70 ', N'NS07 ', CAST(N'2002-10-15' AS Date))
GO
INSERT [dbo].[LichHen] ([MaKH], [MaNS], [ThoiGian]) VALUES (N'KH24 ', N'NS07 ', CAST(N'2012-03-27' AS Date))
GO
INSERT [dbo].[LichHen] ([MaKH], [MaNS], [ThoiGian]) VALUES (N'KH52 ', N'NS07 ', CAST(N'2017-08-16' AS Date))
GO
INSERT [dbo].[LichHen] ([MaKH], [MaNS], [ThoiGian]) VALUES (N'KH16 ', N'NS08 ', CAST(N'1963-02-16' AS Date))
GO
INSERT [dbo].[LichHen] ([MaKH], [MaNS], [ThoiGian]) VALUES (N'KH15 ', N'NS08 ', CAST(N'1968-12-10' AS Date))
GO
INSERT [dbo].[LichHen] ([MaKH], [MaNS], [ThoiGian]) VALUES (N'KH37 ', N'NS08 ', CAST(N'1974-06-09' AS Date))
GO
INSERT [dbo].[LichHen] ([MaKH], [MaNS], [ThoiGian]) VALUES (N'KH94 ', N'NS08 ', CAST(N'1978-04-03' AS Date))
GO
INSERT [dbo].[LichHen] ([MaKH], [MaNS], [ThoiGian]) VALUES (N'KH93 ', N'NS08 ', CAST(N'1989-12-19' AS Date))
GO
INSERT [dbo].[LichHen] ([MaKH], [MaNS], [ThoiGian]) VALUES (N'KH64 ', N'NS08 ', CAST(N'1990-08-10' AS Date))
GO
INSERT [dbo].[LichHen] ([MaKH], [MaNS], [ThoiGian]) VALUES (N'KH43 ', N'NS08 ', CAST(N'1992-02-23' AS Date))
GO
INSERT [dbo].[LichHen] ([MaKH], [MaNS], [ThoiGian]) VALUES (N'KH84 ', N'NS08 ', CAST(N'1994-06-09' AS Date))
GO
INSERT [dbo].[LichHen] ([MaKH], [MaNS], [ThoiGian]) VALUES (N'KH42 ', N'NS08 ', CAST(N'2009-08-24' AS Date))
GO
INSERT [dbo].[LichHen] ([MaKH], [MaNS], [ThoiGian]) VALUES (N'KH05 ', N'NS08 ', CAST(N'2011-09-01' AS Date))
GO
INSERT [dbo].[LichHen] ([MaKH], [MaNS], [ThoiGian]) VALUES (N'KH08 ', N'NS09 ', CAST(N'1953-08-11' AS Date))
GO
INSERT [dbo].[LichHen] ([MaKH], [MaNS], [ThoiGian]) VALUES (N'KH97 ', N'NS09 ', CAST(N'1954-04-12' AS Date))
GO
INSERT [dbo].[LichHen] ([MaKH], [MaNS], [ThoiGian]) VALUES (N'KH29 ', N'NS09 ', CAST(N'1956-01-14' AS Date))
GO
INSERT [dbo].[LichHen] ([MaKH], [MaNS], [ThoiGian]) VALUES (N'KH15 ', N'NS09 ', CAST(N'1965-08-16' AS Date))
GO
INSERT [dbo].[LichHen] ([MaKH], [MaNS], [ThoiGian]) VALUES (N'KH87 ', N'NS09 ', CAST(N'1980-04-28' AS Date))
GO
INSERT [dbo].[LichHen] ([MaKH], [MaNS], [ThoiGian]) VALUES (N'KH04 ', N'NS09 ', CAST(N'1983-02-05' AS Date))
GO
INSERT [dbo].[LichHen] ([MaKH], [MaNS], [ThoiGian]) VALUES (N'KH77 ', N'NS09 ', CAST(N'1992-03-06' AS Date))
GO
INSERT [dbo].[LichHen] ([MaKH], [MaNS], [ThoiGian]) VALUES (N'KH90 ', N'NS09 ', CAST(N'1998-07-18' AS Date))
GO
INSERT [dbo].[LichHen] ([MaKH], [MaNS], [ThoiGian]) VALUES (N'KH17 ', N'NS09 ', CAST(N'2020-07-14' AS Date))
GO
INSERT [dbo].[LichHen] ([MaKH], [MaNS], [ThoiGian]) VALUES (N'KH81 ', N'NS09 ', CAST(N'2021-01-20' AS Date))
GO
INSERT [dbo].[LichHen] ([MaKH], [MaNS], [ThoiGian]) VALUES (N'KH10 ', N'NS10 ', CAST(N'1962-12-11' AS Date))
GO
INSERT [dbo].[LichHen] ([MaKH], [MaNS], [ThoiGian]) VALUES (N'KH56 ', N'NS10 ', CAST(N'1964-07-02' AS Date))
GO
INSERT [dbo].[LichHen] ([MaKH], [MaNS], [ThoiGian]) VALUES (N'KH78 ', N'NS10 ', CAST(N'1966-04-03' AS Date))
GO
INSERT [dbo].[LichHen] ([MaKH], [MaNS], [ThoiGian]) VALUES (N'KH22 ', N'NS10 ', CAST(N'1966-11-23' AS Date))
GO
INSERT [dbo].[LichHen] ([MaKH], [MaNS], [ThoiGian]) VALUES (N'KH46 ', N'NS10 ', CAST(N'1979-07-08' AS Date))
GO
INSERT [dbo].[LichHen] ([MaKH], [MaNS], [ThoiGian]) VALUES (N'KH82 ', N'NS10 ', CAST(N'1991-11-21' AS Date))
GO
INSERT [dbo].[LichHen] ([MaKH], [MaNS], [ThoiGian]) VALUES (N'KH93 ', N'NS10 ', CAST(N'2006-10-07' AS Date))
GO
INSERT [dbo].[LichHen] ([MaKH], [MaNS], [ThoiGian]) VALUES (N'KH65 ', N'NS10 ', CAST(N'2010-07-02' AS Date))
GO
INSERT [dbo].[LichHen] ([MaKH], [MaNS], [ThoiGian]) VALUES (N'KH48 ', N'NS10 ', CAST(N'2019-06-09' AS Date))
GO
INSERT [dbo].[LichHen] ([MaKH], [MaNS], [ThoiGian]) VALUES (N'KH51 ', N'NS10 ', CAST(N'2021-07-27' AS Date))
GO
INSERT [dbo].[LichHen] ([MaKH], [MaNS], [ThoiGian]) VALUES (N'KH53 ', N'NS11 ', CAST(N'1958-12-23' AS Date))
GO
INSERT [dbo].[LichHen] ([MaKH], [MaNS], [ThoiGian]) VALUES (N'KH07 ', N'NS11 ', CAST(N'1966-01-11' AS Date))
GO
INSERT [dbo].[LichHen] ([MaKH], [MaNS], [ThoiGian]) VALUES (N'KH94 ', N'NS11 ', CAST(N'1972-09-08' AS Date))
GO
INSERT [dbo].[LichHen] ([MaKH], [MaNS], [ThoiGian]) VALUES (N'KH16 ', N'NS11 ', CAST(N'1977-12-15' AS Date))
GO
INSERT [dbo].[LichHen] ([MaKH], [MaNS], [ThoiGian]) VALUES (N'KH94 ', N'NS11 ', CAST(N'1984-07-19' AS Date))
GO
INSERT [dbo].[LichHen] ([MaKH], [MaNS], [ThoiGian]) VALUES (N'KH98 ', N'NS11 ', CAST(N'1989-11-24' AS Date))
GO
INSERT [dbo].[LichHen] ([MaKH], [MaNS], [ThoiGian]) VALUES (N'KH66 ', N'NS11 ', CAST(N'1991-10-01' AS Date))
GO
INSERT [dbo].[LichHen] ([MaKH], [MaNS], [ThoiGian]) VALUES (N'KH35 ', N'NS11 ', CAST(N'2002-03-26' AS Date))
GO
INSERT [dbo].[LichHen] ([MaKH], [MaNS], [ThoiGian]) VALUES (N'KH01 ', N'NS11 ', CAST(N'2007-01-07' AS Date))
GO
INSERT [dbo].[LichHen] ([MaKH], [MaNS], [ThoiGian]) VALUES (N'KH60 ', N'NS11 ', CAST(N'2015-09-15' AS Date))
GO
INSERT [dbo].[LichHen] ([MaKH], [MaNS], [ThoiGian]) VALUES (N'KH88 ', N'NS12 ', CAST(N'1953-09-27' AS Date))
GO
INSERT [dbo].[LichHen] ([MaKH], [MaNS], [ThoiGian]) VALUES (N'KH99 ', N'NS12 ', CAST(N'1956-11-26' AS Date))
GO
INSERT [dbo].[LichHen] ([MaKH], [MaNS], [ThoiGian]) VALUES (N'KH90 ', N'NS12 ', CAST(N'1960-02-07' AS Date))
GO
INSERT [dbo].[LichHen] ([MaKH], [MaNS], [ThoiGian]) VALUES (NULL, N'NS12 ', CAST(N'1961-09-15' AS Date))
GO
INSERT [dbo].[LichHen] ([MaKH], [MaNS], [ThoiGian]) VALUES (N'KH22 ', N'NS12 ', CAST(N'1962-09-09' AS Date))
GO
INSERT [dbo].[LichHen] ([MaKH], [MaNS], [ThoiGian]) VALUES (N'KH63 ', N'NS12 ', CAST(N'1993-02-25' AS Date))
GO
INSERT [dbo].[LichHen] ([MaKH], [MaNS], [ThoiGian]) VALUES (N'KH53 ', N'NS12 ', CAST(N'1994-10-16' AS Date))
GO
INSERT [dbo].[LichHen] ([MaKH], [MaNS], [ThoiGian]) VALUES (N'KH92 ', N'NS12 ', CAST(N'1999-09-16' AS Date))
GO
INSERT [dbo].[LichHen] ([MaKH], [MaNS], [ThoiGian]) VALUES (N'KH36 ', N'NS12 ', CAST(N'2004-03-06' AS Date))
GO
INSERT [dbo].[LichHen] ([MaKH], [MaNS], [ThoiGian]) VALUES (N'KH35 ', N'NS12 ', CAST(N'2019-10-29' AS Date))
GO
INSERT [dbo].[LichHen] ([MaKH], [MaNS], [ThoiGian]) VALUES (N'KH19 ', N'NS13 ', CAST(N'1955-11-01' AS Date))
GO
INSERT [dbo].[LichHen] ([MaKH], [MaNS], [ThoiGian]) VALUES (N'KH29 ', N'NS13 ', CAST(N'1959-09-09' AS Date))
GO
INSERT [dbo].[LichHen] ([MaKH], [MaNS], [ThoiGian]) VALUES (N'KH11 ', N'NS13 ', CAST(N'1966-09-09' AS Date))
GO
INSERT [dbo].[LichHen] ([MaKH], [MaNS], [ThoiGian]) VALUES (N'KH18 ', N'NS13 ', CAST(N'1972-10-16' AS Date))
GO
INSERT [dbo].[LichHen] ([MaKH], [MaNS], [ThoiGian]) VALUES (N'KH77 ', N'NS13 ', CAST(N'1993-03-12' AS Date))
GO
INSERT [dbo].[LichHen] ([MaKH], [MaNS], [ThoiGian]) VALUES (N'KH97 ', N'NS13 ', CAST(N'1998-02-06' AS Date))
GO
INSERT [dbo].[LichHen] ([MaKH], [MaNS], [ThoiGian]) VALUES (N'KH05 ', N'NS13 ', CAST(N'2003-02-14' AS Date))
GO
INSERT [dbo].[LichHen] ([MaKH], [MaNS], [ThoiGian]) VALUES (N'KH60 ', N'NS13 ', CAST(N'2013-10-26' AS Date))
GO
INSERT [dbo].[LichHen] ([MaKH], [MaNS], [ThoiGian]) VALUES (N'KH73 ', N'NS13 ', CAST(N'2015-12-01' AS Date))
GO
INSERT [dbo].[LichHen] ([MaKH], [MaNS], [ThoiGian]) VALUES (N'KH05 ', N'NS13 ', CAST(N'2016-02-25' AS Date))
GO
INSERT [dbo].[LichHen] ([MaKH], [MaNS], [ThoiGian]) VALUES (N'KH09 ', N'NS14 ', CAST(N'1953-09-13' AS Date))
GO
INSERT [dbo].[LichHen] ([MaKH], [MaNS], [ThoiGian]) VALUES (N'KH50 ', N'NS14 ', CAST(N'1954-03-21' AS Date))
GO
INSERT [dbo].[LichHen] ([MaKH], [MaNS], [ThoiGian]) VALUES (N'KH86 ', N'NS14 ', CAST(N'1957-12-29' AS Date))
GO
INSERT [dbo].[LichHen] ([MaKH], [MaNS], [ThoiGian]) VALUES (N'KH83 ', N'NS14 ', CAST(N'1958-02-08' AS Date))
GO
INSERT [dbo].[LichHen] ([MaKH], [MaNS], [ThoiGian]) VALUES (N'KH11 ', N'NS14 ', CAST(N'1989-11-01' AS Date))
GO
INSERT [dbo].[LichHen] ([MaKH], [MaNS], [ThoiGian]) VALUES (N'KH31 ', N'NS14 ', CAST(N'1995-09-14' AS Date))
GO
INSERT [dbo].[LichHen] ([MaKH], [MaNS], [ThoiGian]) VALUES (N'KH55 ', N'NS14 ', CAST(N'2012-04-20' AS Date))
GO
INSERT [dbo].[LichHen] ([MaKH], [MaNS], [ThoiGian]) VALUES (N'KH16 ', N'NS14 ', CAST(N'2019-06-23' AS Date))
GO
INSERT [dbo].[LichHen] ([MaKH], [MaNS], [ThoiGian]) VALUES (N'KH01 ', N'NS14 ', CAST(N'2019-09-30' AS Date))
GO
INSERT [dbo].[LichHen] ([MaKH], [MaNS], [ThoiGian]) VALUES (N'KH24 ', N'NS14 ', CAST(N'2022-07-16' AS Date))
GO
INSERT [dbo].[LichHen] ([MaKH], [MaNS], [ThoiGian]) VALUES (N'KH37 ', N'NS15 ', CAST(N'1955-05-29' AS Date))
GO
INSERT [dbo].[LichHen] ([MaKH], [MaNS], [ThoiGian]) VALUES (N'KH76 ', N'NS15 ', CAST(N'1958-09-05' AS Date))
GO
INSERT [dbo].[LichHen] ([MaKH], [MaNS], [ThoiGian]) VALUES (N'KH60 ', N'NS15 ', CAST(N'1964-01-25' AS Date))
GO
INSERT [dbo].[LichHen] ([MaKH], [MaNS], [ThoiGian]) VALUES (N'KH25 ', N'NS15 ', CAST(N'1966-03-24' AS Date))
GO
INSERT [dbo].[LichHen] ([MaKH], [MaNS], [ThoiGian]) VALUES (N'KH85 ', N'NS15 ', CAST(N'1987-04-14' AS Date))
GO
INSERT [dbo].[LichHen] ([MaKH], [MaNS], [ThoiGian]) VALUES (N'KH62 ', N'NS15 ', CAST(N'1989-03-08' AS Date))
GO
INSERT [dbo].[LichHen] ([MaKH], [MaNS], [ThoiGian]) VALUES (N'KH99 ', N'NS15 ', CAST(N'1998-04-18' AS Date))
GO
INSERT [dbo].[LichHen] ([MaKH], [MaNS], [ThoiGian]) VALUES (N'KH76 ', N'NS15 ', CAST(N'2006-06-09' AS Date))
GO
INSERT [dbo].[LichHen] ([MaKH], [MaNS], [ThoiGian]) VALUES (N'KH54 ', N'NS15 ', CAST(N'2015-06-08' AS Date))
GO
INSERT [dbo].[LichHen] ([MaKH], [MaNS], [ThoiGian]) VALUES (N'KH07 ', N'NS15 ', CAST(N'2016-04-22' AS Date))
GO
INSERT [dbo].[LichHen] ([MaKH], [MaNS], [ThoiGian]) VALUES (N'KH05 ', N'NS16 ', CAST(N'1958-04-08' AS Date))
GO
INSERT [dbo].[LichHen] ([MaKH], [MaNS], [ThoiGian]) VALUES (N'KH85 ', N'NS16 ', CAST(N'1961-04-11' AS Date))
GO
INSERT [dbo].[LichHen] ([MaKH], [MaNS], [ThoiGian]) VALUES (N'KH84 ', N'NS16 ', CAST(N'1971-11-09' AS Date))
GO
INSERT [dbo].[LichHen] ([MaKH], [MaNS], [ThoiGian]) VALUES (N'KH35 ', N'NS16 ', CAST(N'1976-09-09' AS Date))
GO
INSERT [dbo].[LichHen] ([MaKH], [MaNS], [ThoiGian]) VALUES (N'KH93 ', N'NS16 ', CAST(N'1987-07-21' AS Date))
GO
INSERT [dbo].[LichHen] ([MaKH], [MaNS], [ThoiGian]) VALUES (N'KH21 ', N'NS16 ', CAST(N'1990-05-09' AS Date))
GO
INSERT [dbo].[LichHen] ([MaKH], [MaNS], [ThoiGian]) VALUES (N'KH19 ', N'NS16 ', CAST(N'1998-08-15' AS Date))
GO
INSERT [dbo].[LichHen] ([MaKH], [MaNS], [ThoiGian]) VALUES (N'KH33 ', N'NS16 ', CAST(N'2004-01-18' AS Date))
GO
INSERT [dbo].[LichHen] ([MaKH], [MaNS], [ThoiGian]) VALUES (N'KH42 ', N'NS16 ', CAST(N'2016-08-30' AS Date))
GO
INSERT [dbo].[LichHen] ([MaKH], [MaNS], [ThoiGian]) VALUES (N'KH63 ', N'NS16 ', CAST(N'2020-02-18' AS Date))
GO
INSERT [dbo].[LichHen] ([MaKH], [MaNS], [ThoiGian]) VALUES (N'KH49 ', N'NS17 ', CAST(N'1961-04-02' AS Date))
GO
INSERT [dbo].[LichHen] ([MaKH], [MaNS], [ThoiGian]) VALUES (N'KH93 ', N'NS17 ', CAST(N'1975-08-15' AS Date))
GO
INSERT [dbo].[LichHen] ([MaKH], [MaNS], [ThoiGian]) VALUES (N'KH10 ', N'NS17 ', CAST(N'1977-02-03' AS Date))
GO
INSERT [dbo].[LichHen] ([MaKH], [MaNS], [ThoiGian]) VALUES (N'KH35 ', N'NS17 ', CAST(N'1978-11-04' AS Date))
GO
INSERT [dbo].[LichHen] ([MaKH], [MaNS], [ThoiGian]) VALUES (N'KH36 ', N'NS17 ', CAST(N'1983-11-13' AS Date))
GO
INSERT [dbo].[LichHen] ([MaKH], [MaNS], [ThoiGian]) VALUES (N'KH51 ', N'NS17 ', CAST(N'2005-08-21' AS Date))
GO
INSERT [dbo].[LichHen] ([MaKH], [MaNS], [ThoiGian]) VALUES (N'KH56 ', N'NS17 ', CAST(N'2009-02-13' AS Date))
GO
INSERT [dbo].[LichHen] ([MaKH], [MaNS], [ThoiGian]) VALUES (N'KH55 ', N'NS17 ', CAST(N'2010-09-01' AS Date))
GO
INSERT [dbo].[LichHen] ([MaKH], [MaNS], [ThoiGian]) VALUES (N'KH41 ', N'NS17 ', CAST(N'2018-03-02' AS Date))
GO
INSERT [dbo].[LichHen] ([MaKH], [MaNS], [ThoiGian]) VALUES (N'KH23 ', N'NS17 ', CAST(N'2021-12-22' AS Date))
GO
INSERT [dbo].[LichHen] ([MaKH], [MaNS], [ThoiGian]) VALUES (N'KH15 ', N'NS18 ', CAST(N'1954-04-17' AS Date))
GO
INSERT [dbo].[LichHen] ([MaKH], [MaNS], [ThoiGian]) VALUES (N'KH29 ', N'NS18 ', CAST(N'1965-01-08' AS Date))
GO
INSERT [dbo].[LichHen] ([MaKH], [MaNS], [ThoiGian]) VALUES (N'KH23 ', N'NS18 ', CAST(N'1968-10-19' AS Date))
GO
INSERT [dbo].[LichHen] ([MaKH], [MaNS], [ThoiGian]) VALUES (N'KH44 ', N'NS18 ', CAST(N'1968-10-21' AS Date))
GO
INSERT [dbo].[LichHen] ([MaKH], [MaNS], [ThoiGian]) VALUES (N'KH19 ', N'NS18 ', CAST(N'1971-11-08' AS Date))
GO
INSERT [dbo].[LichHen] ([MaKH], [MaNS], [ThoiGian]) VALUES (N'KH34 ', N'NS18 ', CAST(N'1985-12-17' AS Date))
GO
INSERT [dbo].[LichHen] ([MaKH], [MaNS], [ThoiGian]) VALUES (N'KH67 ', N'NS18 ', CAST(N'1987-08-04' AS Date))
GO
INSERT [dbo].[LichHen] ([MaKH], [MaNS], [ThoiGian]) VALUES (N'KH90 ', N'NS18 ', CAST(N'1988-01-25' AS Date))
GO
INSERT [dbo].[LichHen] ([MaKH], [MaNS], [ThoiGian]) VALUES (N'KH30 ', N'NS18 ', CAST(N'1991-11-16' AS Date))
GO
INSERT [dbo].[LichHen] ([MaKH], [MaNS], [ThoiGian]) VALUES (N'KH06 ', N'NS18 ', CAST(N'2016-01-06' AS Date))
GO
INSERT [dbo].[LichHen] ([MaKH], [MaNS], [ThoiGian]) VALUES (N'KH94 ', N'NS19 ', CAST(N'1957-03-02' AS Date))
GO
INSERT [dbo].[LichHen] ([MaKH], [MaNS], [ThoiGian]) VALUES (N'KH27 ', N'NS19 ', CAST(N'1958-05-11' AS Date))
GO
INSERT [dbo].[LichHen] ([MaKH], [MaNS], [ThoiGian]) VALUES (N'KH73 ', N'NS19 ', CAST(N'1974-11-17' AS Date))
GO
INSERT [dbo].[LichHen] ([MaKH], [MaNS], [ThoiGian]) VALUES (N'KH04 ', N'NS19 ', CAST(N'1975-06-18' AS Date))
GO
INSERT [dbo].[LichHen] ([MaKH], [MaNS], [ThoiGian]) VALUES (N'KH35 ', N'NS19 ', CAST(N'1976-11-24' AS Date))
GO
INSERT [dbo].[LichHen] ([MaKH], [MaNS], [ThoiGian]) VALUES (N'KH81 ', N'NS19 ', CAST(N'1989-09-09' AS Date))
GO
INSERT [dbo].[LichHen] ([MaKH], [MaNS], [ThoiGian]) VALUES (N'KH96 ', N'NS19 ', CAST(N'2008-01-15' AS Date))
GO
INSERT [dbo].[LichHen] ([MaKH], [MaNS], [ThoiGian]) VALUES (N'KH74 ', N'NS19 ', CAST(N'2011-06-27' AS Date))
GO
INSERT [dbo].[LichHen] ([MaKH], [MaNS], [ThoiGian]) VALUES (N'KH25 ', N'NS19 ', CAST(N'2015-04-17' AS Date))
GO
INSERT [dbo].[LichHen] ([MaKH], [MaNS], [ThoiGian]) VALUES (N'KH24 ', N'NS19 ', CAST(N'2018-04-29' AS Date))
GO
INSERT [dbo].[LichHen] ([MaKH], [MaNS], [ThoiGian]) VALUES (N'KH62 ', N'NS20 ', CAST(N'1960-02-29' AS Date))
GO
INSERT [dbo].[LichHen] ([MaKH], [MaNS], [ThoiGian]) VALUES (N'KH17 ', N'NS20 ', CAST(N'1962-12-23' AS Date))
GO
INSERT [dbo].[LichHen] ([MaKH], [MaNS], [ThoiGian]) VALUES (N'KH50 ', N'NS20 ', CAST(N'1973-07-12' AS Date))
GO
INSERT [dbo].[LichHen] ([MaKH], [MaNS], [ThoiGian]) VALUES (N'KH34 ', N'NS20 ', CAST(N'1975-08-11' AS Date))
GO
INSERT [dbo].[LichHen] ([MaKH], [MaNS], [ThoiGian]) VALUES (N'KH13 ', N'NS20 ', CAST(N'1979-07-28' AS Date))
GO
INSERT [dbo].[LichHen] ([MaKH], [MaNS], [ThoiGian]) VALUES (N'KH17 ', N'NS20 ', CAST(N'1982-05-31' AS Date))
GO
INSERT [dbo].[LichHen] ([MaKH], [MaNS], [ThoiGian]) VALUES (N'KH65 ', N'NS20 ', CAST(N'1986-05-24' AS Date))
GO
INSERT [dbo].[LichHen] ([MaKH], [MaNS], [ThoiGian]) VALUES (N'KH51 ', N'NS20 ', CAST(N'2002-01-02' AS Date))
GO
INSERT [dbo].[LichHen] ([MaKH], [MaNS], [ThoiGian]) VALUES (N'KH92 ', N'NS20 ', CAST(N'2012-07-14' AS Date))
GO
INSERT [dbo].[LichHen] ([MaKH], [MaNS], [ThoiGian]) VALUES (N'KH03 ', N'NS20 ', CAST(N'2014-08-04' AS Date))
GO
INSERT [dbo].[LichHen] ([MaKH], [MaNS], [ThoiGian]) VALUES (N'KH18 ', N'NS21 ', CAST(N'1958-02-07' AS Date))
GO
INSERT [dbo].[LichHen] ([MaKH], [MaNS], [ThoiGian]) VALUES (N'KH42 ', N'NS21 ', CAST(N'1958-08-26' AS Date))
GO
INSERT [dbo].[LichHen] ([MaKH], [MaNS], [ThoiGian]) VALUES (N'KH49 ', N'NS21 ', CAST(N'1972-04-09' AS Date))
GO
INSERT [dbo].[LichHen] ([MaKH], [MaNS], [ThoiGian]) VALUES (N'KH76 ', N'NS21 ', CAST(N'1989-07-16' AS Date))
GO
INSERT [dbo].[LichHen] ([MaKH], [MaNS], [ThoiGian]) VALUES (N'KH03 ', N'NS21 ', CAST(N'1999-07-29' AS Date))
GO
INSERT [dbo].[LichHen] ([MaKH], [MaNS], [ThoiGian]) VALUES (N'KH31 ', N'NS21 ', CAST(N'2001-09-30' AS Date))
GO
INSERT [dbo].[LichHen] ([MaKH], [MaNS], [ThoiGian]) VALUES (N'KH31 ', N'NS21 ', CAST(N'2003-07-09' AS Date))
GO
INSERT [dbo].[LichHen] ([MaKH], [MaNS], [ThoiGian]) VALUES (N'KH07 ', N'NS21 ', CAST(N'2003-07-24' AS Date))
GO
INSERT [dbo].[LichHen] ([MaKH], [MaNS], [ThoiGian]) VALUES (N'KH73 ', N'NS21 ', CAST(N'2018-06-16' AS Date))
GO
INSERT [dbo].[LichHen] ([MaKH], [MaNS], [ThoiGian]) VALUES (N'KH77 ', N'NS21 ', CAST(N'2019-01-03' AS Date))
GO
INSERT [dbo].[LichHen] ([MaKH], [MaNS], [ThoiGian]) VALUES (N'KH82 ', N'NS22 ', CAST(N'1963-11-20' AS Date))
GO
INSERT [dbo].[LichHen] ([MaKH], [MaNS], [ThoiGian]) VALUES (N'KH27 ', N'NS22 ', CAST(N'1968-02-22' AS Date))
GO
INSERT [dbo].[LichHen] ([MaKH], [MaNS], [ThoiGian]) VALUES (N'KH02 ', N'NS22 ', CAST(N'1968-11-25' AS Date))
GO
INSERT [dbo].[LichHen] ([MaKH], [MaNS], [ThoiGian]) VALUES (N'KH80 ', N'NS22 ', CAST(N'1978-03-12' AS Date))
GO
INSERT [dbo].[LichHen] ([MaKH], [MaNS], [ThoiGian]) VALUES (N'KH23 ', N'NS22 ', CAST(N'1981-08-06' AS Date))
GO
INSERT [dbo].[LichHen] ([MaKH], [MaNS], [ThoiGian]) VALUES (N'KH49 ', N'NS22 ', CAST(N'1987-12-28' AS Date))
GO
INSERT [dbo].[LichHen] ([MaKH], [MaNS], [ThoiGian]) VALUES (N'KH68 ', N'NS22 ', CAST(N'1996-10-15' AS Date))
GO
INSERT [dbo].[LichHen] ([MaKH], [MaNS], [ThoiGian]) VALUES (N'KH07 ', N'NS22 ', CAST(N'2013-02-03' AS Date))
GO
INSERT [dbo].[LichHen] ([MaKH], [MaNS], [ThoiGian]) VALUES (N'KH74 ', N'NS22 ', CAST(N'2014-12-20' AS Date))
GO
INSERT [dbo].[LichHen] ([MaKH], [MaNS], [ThoiGian]) VALUES (N'KH54 ', N'NS22 ', CAST(N'2019-10-16' AS Date))
GO
INSERT [dbo].[LichHen] ([MaKH], [MaNS], [ThoiGian]) VALUES (N'KH09 ', N'NS23 ', CAST(N'1969-02-24' AS Date))
GO
INSERT [dbo].[LichHen] ([MaKH], [MaNS], [ThoiGian]) VALUES (N'KH75 ', N'NS23 ', CAST(N'1970-12-12' AS Date))
GO
INSERT [dbo].[LichHen] ([MaKH], [MaNS], [ThoiGian]) VALUES (N'KH03 ', N'NS23 ', CAST(N'1975-07-02' AS Date))
GO
INSERT [dbo].[LichHen] ([MaKH], [MaNS], [ThoiGian]) VALUES (N'KH10 ', N'NS23 ', CAST(N'1977-01-20' AS Date))
GO
INSERT [dbo].[LichHen] ([MaKH], [MaNS], [ThoiGian]) VALUES (N'KH40 ', N'NS23 ', CAST(N'1979-05-12' AS Date))
GO
INSERT [dbo].[LichHen] ([MaKH], [MaNS], [ThoiGian]) VALUES (N'KH57 ', N'NS23 ', CAST(N'1986-04-03' AS Date))
GO
INSERT [dbo].[LichHen] ([MaKH], [MaNS], [ThoiGian]) VALUES (N'KH75 ', N'NS23 ', CAST(N'1995-05-20' AS Date))
GO
INSERT [dbo].[LichHen] ([MaKH], [MaNS], [ThoiGian]) VALUES (N'KH61 ', N'NS23 ', CAST(N'1996-06-11' AS Date))
GO
INSERT [dbo].[LichHen] ([MaKH], [MaNS], [ThoiGian]) VALUES (N'KH16 ', N'NS23 ', CAST(N'1999-03-18' AS Date))
GO
INSERT [dbo].[LichHen] ([MaKH], [MaNS], [ThoiGian]) VALUES (N'KH23 ', N'NS23 ', CAST(N'2001-12-24' AS Date))
GO
INSERT [dbo].[LichHen] ([MaKH], [MaNS], [ThoiGian]) VALUES (N'KH50 ', N'NS24 ', CAST(N'1960-07-08' AS Date))
GO
INSERT [dbo].[LichHen] ([MaKH], [MaNS], [ThoiGian]) VALUES (N'KH30 ', N'NS24 ', CAST(N'1978-06-10' AS Date))
GO
INSERT [dbo].[LichHen] ([MaKH], [MaNS], [ThoiGian]) VALUES (N'KH41 ', N'NS24 ', CAST(N'1983-10-09' AS Date))
GO
INSERT [dbo].[LichHen] ([MaKH], [MaNS], [ThoiGian]) VALUES (N'KH85 ', N'NS24 ', CAST(N'1984-11-02' AS Date))
GO
INSERT [dbo].[LichHen] ([MaKH], [MaNS], [ThoiGian]) VALUES (N'KH06 ', N'NS24 ', CAST(N'1986-10-24' AS Date))
GO
INSERT [dbo].[LichHen] ([MaKH], [MaNS], [ThoiGian]) VALUES (N'KH09 ', N'NS24 ', CAST(N'1993-07-12' AS Date))
GO
INSERT [dbo].[LichHen] ([MaKH], [MaNS], [ThoiGian]) VALUES (N'KH71 ', N'NS24 ', CAST(N'2005-04-24' AS Date))
GO
INSERT [dbo].[LichHen] ([MaKH], [MaNS], [ThoiGian]) VALUES (N'KH91 ', N'NS24 ', CAST(N'2005-10-09' AS Date))
GO
INSERT [dbo].[LichHen] ([MaKH], [MaNS], [ThoiGian]) VALUES (N'KH19 ', N'NS24 ', CAST(N'2019-06-08' AS Date))
GO
INSERT [dbo].[LichHen] ([MaKH], [MaNS], [ThoiGian]) VALUES (N'KH32 ', N'NS24 ', CAST(N'2021-11-09' AS Date))
GO
INSERT [dbo].[LichHen] ([MaKH], [MaNS], [ThoiGian]) VALUES (N'KH44 ', N'NS25 ', CAST(N'1965-01-19' AS Date))
GO
INSERT [dbo].[LichHen] ([MaKH], [MaNS], [ThoiGian]) VALUES (N'KH24 ', N'NS25 ', CAST(N'1969-08-01' AS Date))
GO
INSERT [dbo].[LichHen] ([MaKH], [MaNS], [ThoiGian]) VALUES (N'KH52 ', N'NS25 ', CAST(N'1971-01-18' AS Date))
GO
INSERT [dbo].[LichHen] ([MaKH], [MaNS], [ThoiGian]) VALUES (N'KH27 ', N'NS25 ', CAST(N'1975-09-12' AS Date))
GO
INSERT [dbo].[LichHen] ([MaKH], [MaNS], [ThoiGian]) VALUES (N'KH65 ', N'NS25 ', CAST(N'1981-12-30' AS Date))
GO
INSERT [dbo].[LichHen] ([MaKH], [MaNS], [ThoiGian]) VALUES (N'KH31 ', N'NS25 ', CAST(N'1987-02-22' AS Date))
GO
INSERT [dbo].[LichHen] ([MaKH], [MaNS], [ThoiGian]) VALUES (N'KH06 ', N'NS25 ', CAST(N'1995-01-21' AS Date))
GO
INSERT [dbo].[LichHen] ([MaKH], [MaNS], [ThoiGian]) VALUES (N'KH88 ', N'NS25 ', CAST(N'2001-10-07' AS Date))
GO
INSERT [dbo].[LichHen] ([MaKH], [MaNS], [ThoiGian]) VALUES (N'KH41 ', N'NS25 ', CAST(N'2018-07-15' AS Date))
GO
INSERT [dbo].[LichHen] ([MaKH], [MaNS], [ThoiGian]) VALUES (N'KH28 ', N'NS25 ', CAST(N'2021-07-20' AS Date))
GO
INSERT [dbo].[LichHen] ([MaKH], [MaNS], [ThoiGian]) VALUES (N'KH97 ', N'NS26 ', CAST(N'1965-09-22' AS Date))
GO
INSERT [dbo].[LichHen] ([MaKH], [MaNS], [ThoiGian]) VALUES (N'KH46 ', N'NS26 ', CAST(N'1967-04-27' AS Date))
GO
INSERT [dbo].[LichHen] ([MaKH], [MaNS], [ThoiGian]) VALUES (N'KH93 ', N'NS26 ', CAST(N'1969-11-18' AS Date))
GO
INSERT [dbo].[LichHen] ([MaKH], [MaNS], [ThoiGian]) VALUES (N'KH49 ', N'NS26 ', CAST(N'1976-03-04' AS Date))
GO
INSERT [dbo].[LichHen] ([MaKH], [MaNS], [ThoiGian]) VALUES (N'KH94 ', N'NS26 ', CAST(N'1978-08-14' AS Date))
GO
INSERT [dbo].[LichHen] ([MaKH], [MaNS], [ThoiGian]) VALUES (N'KH83 ', N'NS26 ', CAST(N'1997-06-15' AS Date))
GO
INSERT [dbo].[LichHen] ([MaKH], [MaNS], [ThoiGian]) VALUES (N'KH45 ', N'NS26 ', CAST(N'2002-01-27' AS Date))
GO
INSERT [dbo].[LichHen] ([MaKH], [MaNS], [ThoiGian]) VALUES (N'KH81 ', N'NS26 ', CAST(N'2006-01-01' AS Date))
GO
INSERT [dbo].[LichHen] ([MaKH], [MaNS], [ThoiGian]) VALUES (N'KH48 ', N'NS26 ', CAST(N'2021-01-21' AS Date))
GO
INSERT [dbo].[LichHen] ([MaKH], [MaNS], [ThoiGian]) VALUES (N'KH25 ', N'NS26 ', CAST(N'2021-08-08' AS Date))
GO
INSERT [dbo].[LichHen] ([MaKH], [MaNS], [ThoiGian]) VALUES (N'KH50 ', N'NS27 ', CAST(N'1968-01-19' AS Date))
GO
INSERT [dbo].[LichHen] ([MaKH], [MaNS], [ThoiGian]) VALUES (N'KH35 ', N'NS27 ', CAST(N'1973-05-05' AS Date))
GO
INSERT [dbo].[LichHen] ([MaKH], [MaNS], [ThoiGian]) VALUES (N'KH10 ', N'NS27 ', CAST(N'1983-07-29' AS Date))
GO
INSERT [dbo].[LichHen] ([MaKH], [MaNS], [ThoiGian]) VALUES (N'KH98 ', N'NS27 ', CAST(N'1988-08-21' AS Date))
GO
INSERT [dbo].[LichHen] ([MaKH], [MaNS], [ThoiGian]) VALUES (N'KH43 ', N'NS27 ', CAST(N'1994-04-08' AS Date))
GO
INSERT [dbo].[LichHen] ([MaKH], [MaNS], [ThoiGian]) VALUES (N'KH32 ', N'NS27 ', CAST(N'1996-10-29' AS Date))
GO
INSERT [dbo].[LichHen] ([MaKH], [MaNS], [ThoiGian]) VALUES (N'KH81 ', N'NS27 ', CAST(N'2006-07-07' AS Date))
GO
INSERT [dbo].[LichHen] ([MaKH], [MaNS], [ThoiGian]) VALUES (N'KH41 ', N'NS27 ', CAST(N'2009-07-22' AS Date))
GO
INSERT [dbo].[LichHen] ([MaKH], [MaNS], [ThoiGian]) VALUES (N'KH50 ', N'NS27 ', CAST(N'2013-02-28' AS Date))
GO
INSERT [dbo].[LichHen] ([MaKH], [MaNS], [ThoiGian]) VALUES (N'KH68 ', N'NS27 ', CAST(N'2021-09-05' AS Date))
GO
INSERT [dbo].[LichHen] ([MaKH], [MaNS], [ThoiGian]) VALUES (N'KH37 ', N'NS28 ', CAST(N'1955-12-16' AS Date))
GO
INSERT [dbo].[LichHen] ([MaKH], [MaNS], [ThoiGian]) VALUES (N'KH84 ', N'NS28 ', CAST(N'1964-10-31' AS Date))
GO
INSERT [dbo].[LichHen] ([MaKH], [MaNS], [ThoiGian]) VALUES (N'KH13 ', N'NS28 ', CAST(N'1964-12-29' AS Date))
GO
INSERT [dbo].[LichHen] ([MaKH], [MaNS], [ThoiGian]) VALUES (N'KH56 ', N'NS28 ', CAST(N'1974-03-22' AS Date))
GO
INSERT [dbo].[LichHen] ([MaKH], [MaNS], [ThoiGian]) VALUES (N'KH16 ', N'NS28 ', CAST(N'1980-08-05' AS Date))
GO
INSERT [dbo].[LichHen] ([MaKH], [MaNS], [ThoiGian]) VALUES (N'KH50 ', N'NS28 ', CAST(N'1987-12-04' AS Date))
GO
INSERT [dbo].[LichHen] ([MaKH], [MaNS], [ThoiGian]) VALUES (N'KH18 ', N'NS28 ', CAST(N'1994-07-11' AS Date))
GO
INSERT [dbo].[LichHen] ([MaKH], [MaNS], [ThoiGian]) VALUES (N'KH41 ', N'NS28 ', CAST(N'1998-08-16' AS Date))
GO
INSERT [dbo].[LichHen] ([MaKH], [MaNS], [ThoiGian]) VALUES (N'KH54 ', N'NS28 ', CAST(N'2001-07-13' AS Date))
GO
INSERT [dbo].[LichHen] ([MaKH], [MaNS], [ThoiGian]) VALUES (N'KH88 ', N'NS28 ', CAST(N'2005-12-17' AS Date))
GO
INSERT [dbo].[LichHen] ([MaKH], [MaNS], [ThoiGian]) VALUES (NULL, N'NS29 ', CAST(N'1956-03-19' AS Date))
GO
INSERT [dbo].[LichHen] ([MaKH], [MaNS], [ThoiGian]) VALUES (N'KH64 ', N'NS29 ', CAST(N'1970-09-18' AS Date))
GO
INSERT [dbo].[LichHen] ([MaKH], [MaNS], [ThoiGian]) VALUES (N'KH95 ', N'NS29 ', CAST(N'1971-12-11' AS Date))
GO
INSERT [dbo].[LichHen] ([MaKH], [MaNS], [ThoiGian]) VALUES (N'KH76 ', N'NS29 ', CAST(N'1978-10-22' AS Date))
GO
INSERT [dbo].[LichHen] ([MaKH], [MaNS], [ThoiGian]) VALUES (N'KH64 ', N'NS29 ', CAST(N'1999-04-28' AS Date))
GO
INSERT [dbo].[LichHen] ([MaKH], [MaNS], [ThoiGian]) VALUES (N'KH90 ', N'NS29 ', CAST(N'2003-05-26' AS Date))
GO
INSERT [dbo].[LichHen] ([MaKH], [MaNS], [ThoiGian]) VALUES (N'KH35 ', N'NS29 ', CAST(N'2004-07-07' AS Date))
GO
INSERT [dbo].[LichHen] ([MaKH], [MaNS], [ThoiGian]) VALUES (N'KH75 ', N'NS29 ', CAST(N'2004-10-27' AS Date))
GO
INSERT [dbo].[LichHen] ([MaKH], [MaNS], [ThoiGian]) VALUES (N'KH31 ', N'NS29 ', CAST(N'2014-12-13' AS Date))
GO
INSERT [dbo].[LichHen] ([MaKH], [MaNS], [ThoiGian]) VALUES (N'KH49 ', N'NS29 ', CAST(N'2021-02-24' AS Date))
GO
INSERT [dbo].[LichHen] ([MaKH], [MaNS], [ThoiGian]) VALUES (N'KH58 ', N'NS30 ', CAST(N'1958-07-01' AS Date))
GO
INSERT [dbo].[LichHen] ([MaKH], [MaNS], [ThoiGian]) VALUES (N'KH31 ', N'NS30 ', CAST(N'1958-09-16' AS Date))
GO
INSERT [dbo].[LichHen] ([MaKH], [MaNS], [ThoiGian]) VALUES (N'KH05 ', N'NS30 ', CAST(N'1961-09-28' AS Date))
GO
INSERT [dbo].[LichHen] ([MaKH], [MaNS], [ThoiGian]) VALUES (N'KH80 ', N'NS30 ', CAST(N'1965-01-16' AS Date))
GO
INSERT [dbo].[LichHen] ([MaKH], [MaNS], [ThoiGian]) VALUES (N'KH66 ', N'NS30 ', CAST(N'1966-01-22' AS Date))
GO
INSERT [dbo].[LichHen] ([MaKH], [MaNS], [ThoiGian]) VALUES (N'KH41 ', N'NS30 ', CAST(N'1967-05-05' AS Date))
GO
INSERT [dbo].[LichHen] ([MaKH], [MaNS], [ThoiGian]) VALUES (N'KH66 ', N'NS30 ', CAST(N'1986-01-08' AS Date))
GO
INSERT [dbo].[LichHen] ([MaKH], [MaNS], [ThoiGian]) VALUES (N'KH56 ', N'NS30 ', CAST(N'1991-01-13' AS Date))
GO
INSERT [dbo].[LichHen] ([MaKH], [MaNS], [ThoiGian]) VALUES (N'KH89 ', N'NS30 ', CAST(N'2010-01-01' AS Date))
GO
INSERT [dbo].[LichHen] ([MaKH], [MaNS], [ThoiGian]) VALUES (N'KH94 ', N'NS30 ', CAST(N'2013-08-19' AS Date))
GO
INSERT [dbo].[LichHen] ([MaKH], [MaNS], [ThoiGian]) VALUES (N'KH76 ', N'NS31 ', CAST(N'1960-06-19' AS Date))
GO
INSERT [dbo].[LichHen] ([MaKH], [MaNS], [ThoiGian]) VALUES (N'KH56 ', N'NS31 ', CAST(N'1963-01-12' AS Date))
GO
INSERT [dbo].[LichHen] ([MaKH], [MaNS], [ThoiGian]) VALUES (N'KH30 ', N'NS31 ', CAST(N'1963-08-24' AS Date))
GO
INSERT [dbo].[LichHen] ([MaKH], [MaNS], [ThoiGian]) VALUES (N'KH13 ', N'NS31 ', CAST(N'1967-06-29' AS Date))
GO
INSERT [dbo].[LichHen] ([MaKH], [MaNS], [ThoiGian]) VALUES (N'KH45 ', N'NS31 ', CAST(N'1968-07-07' AS Date))
GO
INSERT [dbo].[LichHen] ([MaKH], [MaNS], [ThoiGian]) VALUES (N'KH12 ', N'NS31 ', CAST(N'1979-07-07' AS Date))
GO
INSERT [dbo].[LichHen] ([MaKH], [MaNS], [ThoiGian]) VALUES (N'KH98 ', N'NS31 ', CAST(N'1980-10-31' AS Date))
GO
INSERT [dbo].[LichHen] ([MaKH], [MaNS], [ThoiGian]) VALUES (N'KH06 ', N'NS31 ', CAST(N'1990-04-15' AS Date))
GO
INSERT [dbo].[LichHen] ([MaKH], [MaNS], [ThoiGian]) VALUES (N'KH71 ', N'NS31 ', CAST(N'2004-09-30' AS Date))
GO
INSERT [dbo].[LichHen] ([MaKH], [MaNS], [ThoiGian]) VALUES (N'KH72 ', N'NS31 ', CAST(N'2022-04-14' AS Date))
GO
INSERT [dbo].[LichHen] ([MaKH], [MaNS], [ThoiGian]) VALUES (N'KH78 ', N'NS32 ', CAST(N'1957-06-02' AS Date))
GO
INSERT [dbo].[LichHen] ([MaKH], [MaNS], [ThoiGian]) VALUES (N'KH31 ', N'NS32 ', CAST(N'1958-03-16' AS Date))
GO
INSERT [dbo].[LichHen] ([MaKH], [MaNS], [ThoiGian]) VALUES (N'KH54 ', N'NS32 ', CAST(N'1959-03-24' AS Date))
GO
INSERT [dbo].[LichHen] ([MaKH], [MaNS], [ThoiGian]) VALUES (N'KH28 ', N'NS32 ', CAST(N'1966-01-12' AS Date))
GO
INSERT [dbo].[LichHen] ([MaKH], [MaNS], [ThoiGian]) VALUES (N'KH00 ', N'NS32 ', CAST(N'1971-02-08' AS Date))
GO
INSERT [dbo].[LichHen] ([MaKH], [MaNS], [ThoiGian]) VALUES (N'KH30 ', N'NS32 ', CAST(N'1977-07-22' AS Date))
GO
INSERT [dbo].[LichHen] ([MaKH], [MaNS], [ThoiGian]) VALUES (N'KH10 ', N'NS32 ', CAST(N'1980-08-25' AS Date))
GO
INSERT [dbo].[LichHen] ([MaKH], [MaNS], [ThoiGian]) VALUES (N'KH30 ', N'NS32 ', CAST(N'1981-08-14' AS Date))
GO
INSERT [dbo].[LichHen] ([MaKH], [MaNS], [ThoiGian]) VALUES (N'KH61 ', N'NS32 ', CAST(N'1982-02-16' AS Date))
GO
INSERT [dbo].[LichHen] ([MaKH], [MaNS], [ThoiGian]) VALUES (N'KH30 ', N'NS32 ', CAST(N'2004-04-10' AS Date))
GO
INSERT [dbo].[LichHen] ([MaKH], [MaNS], [ThoiGian]) VALUES (N'KH90 ', N'NS33 ', CAST(N'1956-11-19' AS Date))
GO
INSERT [dbo].[LichHen] ([MaKH], [MaNS], [ThoiGian]) VALUES (N'KH05 ', N'NS33 ', CAST(N'1958-03-08' AS Date))
GO
INSERT [dbo].[LichHen] ([MaKH], [MaNS], [ThoiGian]) VALUES (N'KH51 ', N'NS33 ', CAST(N'1980-07-03' AS Date))
GO
INSERT [dbo].[LichHen] ([MaKH], [MaNS], [ThoiGian]) VALUES (N'KH36 ', N'NS33 ', CAST(N'1980-09-29' AS Date))
GO
INSERT [dbo].[LichHen] ([MaKH], [MaNS], [ThoiGian]) VALUES (N'KH51 ', N'NS33 ', CAST(N'1988-08-18' AS Date))
GO
INSERT [dbo].[LichHen] ([MaKH], [MaNS], [ThoiGian]) VALUES (N'KH61 ', N'NS33 ', CAST(N'1988-12-22' AS Date))
GO
INSERT [dbo].[LichHen] ([MaKH], [MaNS], [ThoiGian]) VALUES (N'KH65 ', N'NS33 ', CAST(N'1998-11-24' AS Date))
GO
INSERT [dbo].[LichHen] ([MaKH], [MaNS], [ThoiGian]) VALUES (N'KH11 ', N'NS33 ', CAST(N'2006-05-23' AS Date))
GO
INSERT [dbo].[LichHen] ([MaKH], [MaNS], [ThoiGian]) VALUES (N'KH30 ', N'NS33 ', CAST(N'2009-01-25' AS Date))
GO
INSERT [dbo].[LichHen] ([MaKH], [MaNS], [ThoiGian]) VALUES (N'KH17 ', N'NS33 ', CAST(N'2017-06-24' AS Date))
GO
INSERT [dbo].[LichHen] ([MaKH], [MaNS], [ThoiGian]) VALUES (N'KH83 ', N'NS34 ', CAST(N'1957-04-15' AS Date))
GO
INSERT [dbo].[LichHen] ([MaKH], [MaNS], [ThoiGian]) VALUES (N'KH32 ', N'NS34 ', CAST(N'1959-08-02' AS Date))
GO
INSERT [dbo].[LichHen] ([MaKH], [MaNS], [ThoiGian]) VALUES (N'KH68 ', N'NS34 ', CAST(N'1961-06-20' AS Date))
GO
INSERT [dbo].[LichHen] ([MaKH], [MaNS], [ThoiGian]) VALUES (N'KH53 ', N'NS34 ', CAST(N'1964-02-29' AS Date))
GO
INSERT [dbo].[LichHen] ([MaKH], [MaNS], [ThoiGian]) VALUES (N'KH79 ', N'NS34 ', CAST(N'1966-07-26' AS Date))
GO
INSERT [dbo].[LichHen] ([MaKH], [MaNS], [ThoiGian]) VALUES (N'KH50 ', N'NS34 ', CAST(N'1967-11-10' AS Date))
GO
INSERT [dbo].[LichHen] ([MaKH], [MaNS], [ThoiGian]) VALUES (N'KH10 ', N'NS34 ', CAST(N'1991-12-09' AS Date))
GO
INSERT [dbo].[LichHen] ([MaKH], [MaNS], [ThoiGian]) VALUES (N'KH36 ', N'NS34 ', CAST(N'1993-07-01' AS Date))
GO
INSERT [dbo].[LichHen] ([MaKH], [MaNS], [ThoiGian]) VALUES (N'KH44 ', N'NS34 ', CAST(N'2005-04-15' AS Date))
GO
INSERT [dbo].[LichHen] ([MaKH], [MaNS], [ThoiGian]) VALUES (N'KH87 ', N'NS34 ', CAST(N'2022-08-03' AS Date))
GO
INSERT [dbo].[LichHen] ([MaKH], [MaNS], [ThoiGian]) VALUES (N'KH47 ', N'NS35 ', CAST(N'1954-12-03' AS Date))
GO
INSERT [dbo].[LichHen] ([MaKH], [MaNS], [ThoiGian]) VALUES (N'KH67 ', N'NS35 ', CAST(N'1962-09-25' AS Date))
GO
INSERT [dbo].[LichHen] ([MaKH], [MaNS], [ThoiGian]) VALUES (N'KH42 ', N'NS35 ', CAST(N'1967-11-01' AS Date))
GO
INSERT [dbo].[LichHen] ([MaKH], [MaNS], [ThoiGian]) VALUES (N'KH25 ', N'NS35 ', CAST(N'1976-08-03' AS Date))
GO
INSERT [dbo].[LichHen] ([MaKH], [MaNS], [ThoiGian]) VALUES (N'KH40 ', N'NS35 ', CAST(N'1977-10-28' AS Date))
GO
INSERT [dbo].[LichHen] ([MaKH], [MaNS], [ThoiGian]) VALUES (N'KH18 ', N'NS35 ', CAST(N'1978-03-16' AS Date))
GO
INSERT [dbo].[LichHen] ([MaKH], [MaNS], [ThoiGian]) VALUES (N'KH17 ', N'NS35 ', CAST(N'1983-10-07' AS Date))
GO
INSERT [dbo].[LichHen] ([MaKH], [MaNS], [ThoiGian]) VALUES (N'KH13 ', N'NS35 ', CAST(N'1995-08-07' AS Date))
GO
INSERT [dbo].[LichHen] ([MaKH], [MaNS], [ThoiGian]) VALUES (N'KH51 ', N'NS35 ', CAST(N'1999-04-25' AS Date))
GO
INSERT [dbo].[LichHen] ([MaKH], [MaNS], [ThoiGian]) VALUES (N'KH89 ', N'NS35 ', CAST(N'2004-08-24' AS Date))
GO
INSERT [dbo].[LichHen] ([MaKH], [MaNS], [ThoiGian]) VALUES (N'KH16 ', N'NS36 ', CAST(N'1960-10-26' AS Date))
GO
INSERT [dbo].[LichHen] ([MaKH], [MaNS], [ThoiGian]) VALUES (N'KH81 ', N'NS36 ', CAST(N'1967-12-25' AS Date))
GO
INSERT [dbo].[LichHen] ([MaKH], [MaNS], [ThoiGian]) VALUES (N'KH22 ', N'NS36 ', CAST(N'1969-08-11' AS Date))
GO
INSERT [dbo].[LichHen] ([MaKH], [MaNS], [ThoiGian]) VALUES (N'KH19 ', N'NS36 ', CAST(N'1980-02-16' AS Date))
GO
INSERT [dbo].[LichHen] ([MaKH], [MaNS], [ThoiGian]) VALUES (N'KH83 ', N'NS36 ', CAST(N'1981-04-15' AS Date))
GO
INSERT [dbo].[LichHen] ([MaKH], [MaNS], [ThoiGian]) VALUES (N'KH19 ', N'NS36 ', CAST(N'1988-01-01' AS Date))
GO
INSERT [dbo].[LichHen] ([MaKH], [MaNS], [ThoiGian]) VALUES (N'KH36 ', N'NS36 ', CAST(N'1993-11-04' AS Date))
GO
INSERT [dbo].[LichHen] ([MaKH], [MaNS], [ThoiGian]) VALUES (N'KH48 ', N'NS36 ', CAST(N'1998-01-02' AS Date))
GO
INSERT [dbo].[LichHen] ([MaKH], [MaNS], [ThoiGian]) VALUES (N'KH90 ', N'NS36 ', CAST(N'1999-08-31' AS Date))
GO
INSERT [dbo].[LichHen] ([MaKH], [MaNS], [ThoiGian]) VALUES (N'KH80 ', N'NS36 ', CAST(N'2001-06-19' AS Date))
GO
INSERT [dbo].[LichHen] ([MaKH], [MaNS], [ThoiGian]) VALUES (N'KH25 ', N'NS37 ', CAST(N'1957-03-16' AS Date))
GO
INSERT [dbo].[LichHen] ([MaKH], [MaNS], [ThoiGian]) VALUES (N'KH36 ', N'NS37 ', CAST(N'1965-06-30' AS Date))
GO
INSERT [dbo].[LichHen] ([MaKH], [MaNS], [ThoiGian]) VALUES (N'KH29 ', N'NS37 ', CAST(N'1971-10-17' AS Date))
GO
INSERT [dbo].[LichHen] ([MaKH], [MaNS], [ThoiGian]) VALUES (N'KH05 ', N'NS37 ', CAST(N'1972-10-14' AS Date))
GO
INSERT [dbo].[LichHen] ([MaKH], [MaNS], [ThoiGian]) VALUES (N'KH14 ', N'NS37 ', CAST(N'1994-01-15' AS Date))
GO
INSERT [dbo].[LichHen] ([MaKH], [MaNS], [ThoiGian]) VALUES (N'KH45 ', N'NS37 ', CAST(N'1996-06-05' AS Date))
GO
INSERT [dbo].[LichHen] ([MaKH], [MaNS], [ThoiGian]) VALUES (N'KH69 ', N'NS37 ', CAST(N'1997-01-14' AS Date))
GO
INSERT [dbo].[LichHen] ([MaKH], [MaNS], [ThoiGian]) VALUES (N'KH64 ', N'NS37 ', CAST(N'2007-07-22' AS Date))
GO
INSERT [dbo].[LichHen] ([MaKH], [MaNS], [ThoiGian]) VALUES (N'KH66 ', N'NS37 ', CAST(N'2008-11-20' AS Date))
GO
INSERT [dbo].[LichHen] ([MaKH], [MaNS], [ThoiGian]) VALUES (N'KH94 ', N'NS37 ', CAST(N'2010-05-13' AS Date))
GO
INSERT [dbo].[LichHen] ([MaKH], [MaNS], [ThoiGian]) VALUES (N'KH41 ', N'NS38 ', CAST(N'1960-10-10' AS Date))
GO
INSERT [dbo].[LichHen] ([MaKH], [MaNS], [ThoiGian]) VALUES (N'KH75 ', N'NS38 ', CAST(N'1960-11-05' AS Date))
GO
INSERT [dbo].[LichHen] ([MaKH], [MaNS], [ThoiGian]) VALUES (N'KH31 ', N'NS38 ', CAST(N'1963-06-21' AS Date))
GO
INSERT [dbo].[LichHen] ([MaKH], [MaNS], [ThoiGian]) VALUES (NULL, N'NS38 ', CAST(N'1967-03-31' AS Date))
GO
INSERT [dbo].[LichHen] ([MaKH], [MaNS], [ThoiGian]) VALUES (N'KH88 ', N'NS38 ', CAST(N'1969-04-02' AS Date))
GO
INSERT [dbo].[LichHen] ([MaKH], [MaNS], [ThoiGian]) VALUES (N'KH99 ', N'NS38 ', CAST(N'1980-02-14' AS Date))
GO
INSERT [dbo].[LichHen] ([MaKH], [MaNS], [ThoiGian]) VALUES (N'KH85 ', N'NS38 ', CAST(N'1982-12-18' AS Date))
GO
INSERT [dbo].[LichHen] ([MaKH], [MaNS], [ThoiGian]) VALUES (N'KH75 ', N'NS38 ', CAST(N'1983-06-09' AS Date))
GO
INSERT [dbo].[LichHen] ([MaKH], [MaNS], [ThoiGian]) VALUES (N'KH27 ', N'NS38 ', CAST(N'2016-08-02' AS Date))
GO
INSERT [dbo].[LichHen] ([MaKH], [MaNS], [ThoiGian]) VALUES (N'KH63 ', N'NS38 ', CAST(N'2022-07-28' AS Date))
GO
INSERT [dbo].[LichHen] ([MaKH], [MaNS], [ThoiGian]) VALUES (N'KH93 ', N'NS39 ', CAST(N'1957-04-28' AS Date))
GO
INSERT [dbo].[LichHen] ([MaKH], [MaNS], [ThoiGian]) VALUES (N'KH35 ', N'NS39 ', CAST(N'1964-08-03' AS Date))
GO
INSERT [dbo].[LichHen] ([MaKH], [MaNS], [ThoiGian]) VALUES (N'KH20 ', N'NS39 ', CAST(N'1966-02-01' AS Date))
GO
INSERT [dbo].[LichHen] ([MaKH], [MaNS], [ThoiGian]) VALUES (N'KH89 ', N'NS39 ', CAST(N'1988-10-24' AS Date))
GO
INSERT [dbo].[LichHen] ([MaKH], [MaNS], [ThoiGian]) VALUES (N'KH03 ', N'NS39 ', CAST(N'1992-04-21' AS Date))
GO
INSERT [dbo].[LichHen] ([MaKH], [MaNS], [ThoiGian]) VALUES (N'KH85 ', N'NS39 ', CAST(N'2002-07-04' AS Date))
GO
INSERT [dbo].[LichHen] ([MaKH], [MaNS], [ThoiGian]) VALUES (N'KH72 ', N'NS39 ', CAST(N'2003-04-29' AS Date))
GO
INSERT [dbo].[LichHen] ([MaKH], [MaNS], [ThoiGian]) VALUES (N'KH70 ', N'NS39 ', CAST(N'2008-11-03' AS Date))
GO
INSERT [dbo].[LichHen] ([MaKH], [MaNS], [ThoiGian]) VALUES (N'KH90 ', N'NS39 ', CAST(N'2009-04-08' AS Date))
GO
INSERT [dbo].[LichHen] ([MaKH], [MaNS], [ThoiGian]) VALUES (N'KH89 ', N'NS39 ', CAST(N'2015-03-04' AS Date))
GO
INSERT [dbo].[LichHen] ([MaKH], [MaNS], [ThoiGian]) VALUES (N'KH75 ', N'NS40 ', CAST(N'1972-04-04' AS Date))
GO
INSERT [dbo].[LichHen] ([MaKH], [MaNS], [ThoiGian]) VALUES (N'KH27 ', N'NS40 ', CAST(N'1977-11-21' AS Date))
GO
INSERT [dbo].[LichHen] ([MaKH], [MaNS], [ThoiGian]) VALUES (N'KH22 ', N'NS40 ', CAST(N'1981-06-25' AS Date))
GO
INSERT [dbo].[LichHen] ([MaKH], [MaNS], [ThoiGian]) VALUES (N'KH15 ', N'NS40 ', CAST(N'1984-04-25' AS Date))
GO
INSERT [dbo].[LichHen] ([MaKH], [MaNS], [ThoiGian]) VALUES (N'KH56 ', N'NS40 ', CAST(N'1985-01-21' AS Date))
GO
INSERT [dbo].[LichHen] ([MaKH], [MaNS], [ThoiGian]) VALUES (N'KH18 ', N'NS40 ', CAST(N'1991-02-13' AS Date))
GO
INSERT [dbo].[LichHen] ([MaKH], [MaNS], [ThoiGian]) VALUES (N'KH38 ', N'NS40 ', CAST(N'1997-04-14' AS Date))
GO
INSERT [dbo].[LichHen] ([MaKH], [MaNS], [ThoiGian]) VALUES (N'KH28 ', N'NS40 ', CAST(N'2001-06-09' AS Date))
GO
INSERT [dbo].[LichHen] ([MaKH], [MaNS], [ThoiGian]) VALUES (N'KH33 ', N'NS40 ', CAST(N'2005-06-19' AS Date))
GO
INSERT [dbo].[LichHen] ([MaKH], [MaNS], [ThoiGian]) VALUES (N'KH80 ', N'NS40 ', CAST(N'2012-05-04' AS Date))
GO
INSERT [dbo].[LichHen] ([MaKH], [MaNS], [ThoiGian]) VALUES (N'KH44 ', N'NS41 ', CAST(N'1961-05-07' AS Date))
GO
INSERT [dbo].[LichHen] ([MaKH], [MaNS], [ThoiGian]) VALUES (N'KH40 ', N'NS41 ', CAST(N'1961-11-12' AS Date))
GO
INSERT [dbo].[LichHen] ([MaKH], [MaNS], [ThoiGian]) VALUES (N'KH46 ', N'NS41 ', CAST(N'1972-07-07' AS Date))
GO
INSERT [dbo].[LichHen] ([MaKH], [MaNS], [ThoiGian]) VALUES (N'KH33 ', N'NS41 ', CAST(N'1981-02-11' AS Date))
GO
INSERT [dbo].[LichHen] ([MaKH], [MaNS], [ThoiGian]) VALUES (N'KH51 ', N'NS41 ', CAST(N'1991-02-08' AS Date))
GO
INSERT [dbo].[LichHen] ([MaKH], [MaNS], [ThoiGian]) VALUES (N'KH66 ', N'NS41 ', CAST(N'1991-08-28' AS Date))
GO
INSERT [dbo].[LichHen] ([MaKH], [MaNS], [ThoiGian]) VALUES (N'KH43 ', N'NS41 ', CAST(N'1998-03-01' AS Date))
GO
INSERT [dbo].[LichHen] ([MaKH], [MaNS], [ThoiGian]) VALUES (N'KH71 ', N'NS41 ', CAST(N'2016-12-05' AS Date))
GO
INSERT [dbo].[LichHen] ([MaKH], [MaNS], [ThoiGian]) VALUES (N'KH52 ', N'NS41 ', CAST(N'2018-10-20' AS Date))
GO
INSERT [dbo].[LichHen] ([MaKH], [MaNS], [ThoiGian]) VALUES (N'KH53 ', N'NS41 ', CAST(N'2021-06-28' AS Date))
GO
INSERT [dbo].[LichHen] ([MaKH], [MaNS], [ThoiGian]) VALUES (N'KH33 ', N'NS42 ', CAST(N'1962-03-10' AS Date))
GO
INSERT [dbo].[LichHen] ([MaKH], [MaNS], [ThoiGian]) VALUES (N'KH21 ', N'NS42 ', CAST(N'1970-07-14' AS Date))
GO
INSERT [dbo].[LichHen] ([MaKH], [MaNS], [ThoiGian]) VALUES (N'KH84 ', N'NS42 ', CAST(N'1970-09-29' AS Date))
GO
INSERT [dbo].[LichHen] ([MaKH], [MaNS], [ThoiGian]) VALUES (N'KH03 ', N'NS42 ', CAST(N'1976-09-15' AS Date))
GO
INSERT [dbo].[LichHen] ([MaKH], [MaNS], [ThoiGian]) VALUES (N'KH49 ', N'NS42 ', CAST(N'1977-09-23' AS Date))
GO
INSERT [dbo].[LichHen] ([MaKH], [MaNS], [ThoiGian]) VALUES (N'KH66 ', N'NS42 ', CAST(N'1996-03-20' AS Date))
GO
INSERT [dbo].[LichHen] ([MaKH], [MaNS], [ThoiGian]) VALUES (N'KH79 ', N'NS42 ', CAST(N'2001-05-14' AS Date))
GO
INSERT [dbo].[LichHen] ([MaKH], [MaNS], [ThoiGian]) VALUES (N'KH12 ', N'NS42 ', CAST(N'2015-03-05' AS Date))
GO
INSERT [dbo].[LichHen] ([MaKH], [MaNS], [ThoiGian]) VALUES (N'KH39 ', N'NS42 ', CAST(N'2017-08-07' AS Date))
GO
INSERT [dbo].[LichHen] ([MaKH], [MaNS], [ThoiGian]) VALUES (N'KH79 ', N'NS42 ', CAST(N'2020-01-08' AS Date))
GO
INSERT [dbo].[LichHen] ([MaKH], [MaNS], [ThoiGian]) VALUES (N'KH10 ', N'NS43 ', CAST(N'1959-04-02' AS Date))
GO
INSERT [dbo].[LichHen] ([MaKH], [MaNS], [ThoiGian]) VALUES (N'KH88 ', N'NS43 ', CAST(N'1967-08-16' AS Date))
GO
INSERT [dbo].[LichHen] ([MaKH], [MaNS], [ThoiGian]) VALUES (N'KH26 ', N'NS43 ', CAST(N'1985-10-13' AS Date))
GO
INSERT [dbo].[LichHen] ([MaKH], [MaNS], [ThoiGian]) VALUES (N'KH25 ', N'NS43 ', CAST(N'1990-03-16' AS Date))
GO
INSERT [dbo].[LichHen] ([MaKH], [MaNS], [ThoiGian]) VALUES (N'KH67 ', N'NS43 ', CAST(N'1994-06-07' AS Date))
GO
INSERT [dbo].[LichHen] ([MaKH], [MaNS], [ThoiGian]) VALUES (N'KH90 ', N'NS43 ', CAST(N'2006-09-16' AS Date))
GO
INSERT [dbo].[LichHen] ([MaKH], [MaNS], [ThoiGian]) VALUES (N'KH93 ', N'NS43 ', CAST(N'2007-03-12' AS Date))
GO
INSERT [dbo].[LichHen] ([MaKH], [MaNS], [ThoiGian]) VALUES (N'KH36 ', N'NS43 ', CAST(N'2011-02-19' AS Date))
GO
INSERT [dbo].[LichHen] ([MaKH], [MaNS], [ThoiGian]) VALUES (N'KH46 ', N'NS43 ', CAST(N'2016-12-22' AS Date))
GO
INSERT [dbo].[LichHen] ([MaKH], [MaNS], [ThoiGian]) VALUES (N'KH47 ', N'NS43 ', CAST(N'2022-09-28' AS Date))
GO
INSERT [dbo].[LichHen] ([MaKH], [MaNS], [ThoiGian]) VALUES (N'KH35 ', N'NS44 ', CAST(N'1957-12-06' AS Date))
GO
INSERT [dbo].[LichHen] ([MaKH], [MaNS], [ThoiGian]) VALUES (N'KH37 ', N'NS44 ', CAST(N'1962-07-22' AS Date))
GO
INSERT [dbo].[LichHen] ([MaKH], [MaNS], [ThoiGian]) VALUES (N'KH35 ', N'NS44 ', CAST(N'1964-02-27' AS Date))
GO
INSERT [dbo].[LichHen] ([MaKH], [MaNS], [ThoiGian]) VALUES (N'KH82 ', N'NS44 ', CAST(N'1966-05-14' AS Date))
GO
INSERT [dbo].[LichHen] ([MaKH], [MaNS], [ThoiGian]) VALUES (N'KH77 ', N'NS44 ', CAST(N'1968-06-10' AS Date))
GO
INSERT [dbo].[LichHen] ([MaKH], [MaNS], [ThoiGian]) VALUES (N'KH68 ', N'NS44 ', CAST(N'1970-04-11' AS Date))
GO
INSERT [dbo].[LichHen] ([MaKH], [MaNS], [ThoiGian]) VALUES (N'KH09 ', N'NS44 ', CAST(N'1985-03-25' AS Date))
GO
INSERT [dbo].[LichHen] ([MaKH], [MaNS], [ThoiGian]) VALUES (N'KH25 ', N'NS44 ', CAST(N'1985-04-06' AS Date))
GO
INSERT [dbo].[LichHen] ([MaKH], [MaNS], [ThoiGian]) VALUES (N'KH25 ', N'NS44 ', CAST(N'2019-01-19' AS Date))
GO
INSERT [dbo].[LichHen] ([MaKH], [MaNS], [ThoiGian]) VALUES (N'KH62 ', N'NS44 ', CAST(N'2022-09-08' AS Date))
GO
INSERT [dbo].[LichHen] ([MaKH], [MaNS], [ThoiGian]) VALUES (N'KH61 ', N'NS45 ', CAST(N'1953-05-17' AS Date))
GO
INSERT [dbo].[LichHen] ([MaKH], [MaNS], [ThoiGian]) VALUES (N'KH45 ', N'NS45 ', CAST(N'1958-06-24' AS Date))
GO
INSERT [dbo].[LichHen] ([MaKH], [MaNS], [ThoiGian]) VALUES (N'KH21 ', N'NS45 ', CAST(N'1964-03-25' AS Date))
GO
INSERT [dbo].[LichHen] ([MaKH], [MaNS], [ThoiGian]) VALUES (N'KH27 ', N'NS45 ', CAST(N'1967-04-03' AS Date))
GO
INSERT [dbo].[LichHen] ([MaKH], [MaNS], [ThoiGian]) VALUES (N'KH03 ', N'NS45 ', CAST(N'1976-01-24' AS Date))
GO
INSERT [dbo].[LichHen] ([MaKH], [MaNS], [ThoiGian]) VALUES (N'KH71 ', N'NS45 ', CAST(N'1977-11-30' AS Date))
GO
INSERT [dbo].[LichHen] ([MaKH], [MaNS], [ThoiGian]) VALUES (N'KH05 ', N'NS45 ', CAST(N'1996-12-10' AS Date))
GO
INSERT [dbo].[LichHen] ([MaKH], [MaNS], [ThoiGian]) VALUES (N'KH43 ', N'NS45 ', CAST(N'2001-11-29' AS Date))
GO
INSERT [dbo].[LichHen] ([MaKH], [MaNS], [ThoiGian]) VALUES (N'KH55 ', N'NS45 ', CAST(N'2007-07-04' AS Date))
GO
INSERT [dbo].[LichHen] ([MaKH], [MaNS], [ThoiGian]) VALUES (N'KH70 ', N'NS45 ', CAST(N'2013-11-09' AS Date))
GO
INSERT [dbo].[LichHen] ([MaKH], [MaNS], [ThoiGian]) VALUES (N'KH54 ', N'NS46 ', CAST(N'1954-11-16' AS Date))
GO
INSERT [dbo].[LichHen] ([MaKH], [MaNS], [ThoiGian]) VALUES (N'KH79 ', N'NS46 ', CAST(N'1962-10-31' AS Date))
GO
INSERT [dbo].[LichHen] ([MaKH], [MaNS], [ThoiGian]) VALUES (N'KH07 ', N'NS46 ', CAST(N'1975-10-25' AS Date))
GO
INSERT [dbo].[LichHen] ([MaKH], [MaNS], [ThoiGian]) VALUES (N'KH28 ', N'NS46 ', CAST(N'1980-03-12' AS Date))
GO
INSERT [dbo].[LichHen] ([MaKH], [MaNS], [ThoiGian]) VALUES (N'KH86 ', N'NS46 ', CAST(N'1992-11-13' AS Date))
GO
INSERT [dbo].[LichHen] ([MaKH], [MaNS], [ThoiGian]) VALUES (N'KH04 ', N'NS46 ', CAST(N'1997-09-26' AS Date))
GO
INSERT [dbo].[LichHen] ([MaKH], [MaNS], [ThoiGian]) VALUES (N'KH38 ', N'NS46 ', CAST(N'1999-02-27' AS Date))
GO
INSERT [dbo].[LichHen] ([MaKH], [MaNS], [ThoiGian]) VALUES (N'KH47 ', N'NS46 ', CAST(N'2001-03-06' AS Date))
GO
INSERT [dbo].[LichHen] ([MaKH], [MaNS], [ThoiGian]) VALUES (N'KH62 ', N'NS46 ', CAST(N'2007-06-26' AS Date))
GO
INSERT [dbo].[LichHen] ([MaKH], [MaNS], [ThoiGian]) VALUES (N'KH67 ', N'NS46 ', CAST(N'2022-04-08' AS Date))
GO
INSERT [dbo].[LichHen] ([MaKH], [MaNS], [ThoiGian]) VALUES (NULL, N'NS47 ', CAST(N'1955-07-19' AS Date))
GO
INSERT [dbo].[LichHen] ([MaKH], [MaNS], [ThoiGian]) VALUES (N'KH46 ', N'NS47 ', CAST(N'1957-11-04' AS Date))
GO
INSERT [dbo].[LichHen] ([MaKH], [MaNS], [ThoiGian]) VALUES (N'KH42 ', N'NS47 ', CAST(N'1964-01-21' AS Date))
GO
INSERT [dbo].[LichHen] ([MaKH], [MaNS], [ThoiGian]) VALUES (N'KH11 ', N'NS47 ', CAST(N'1973-07-19' AS Date))
GO
INSERT [dbo].[LichHen] ([MaKH], [MaNS], [ThoiGian]) VALUES (N'KH67 ', N'NS47 ', CAST(N'1974-04-01' AS Date))
GO
INSERT [dbo].[LichHen] ([MaKH], [MaNS], [ThoiGian]) VALUES (N'KH64 ', N'NS47 ', CAST(N'1975-05-06' AS Date))
GO
INSERT [dbo].[LichHen] ([MaKH], [MaNS], [ThoiGian]) VALUES (N'KH76 ', N'NS47 ', CAST(N'2010-03-08' AS Date))
GO
INSERT [dbo].[LichHen] ([MaKH], [MaNS], [ThoiGian]) VALUES (N'KH78 ', N'NS47 ', CAST(N'2014-10-21' AS Date))
GO
INSERT [dbo].[LichHen] ([MaKH], [MaNS], [ThoiGian]) VALUES (N'KH79 ', N'NS47 ', CAST(N'2019-04-19' AS Date))
GO
INSERT [dbo].[LichHen] ([MaKH], [MaNS], [ThoiGian]) VALUES (N'KH87 ', N'NS47 ', CAST(N'2019-10-20' AS Date))
GO
INSERT [dbo].[LichHen] ([MaKH], [MaNS], [ThoiGian]) VALUES (N'KH83 ', N'NS48 ', CAST(N'1962-10-12' AS Date))
GO
INSERT [dbo].[LichHen] ([MaKH], [MaNS], [ThoiGian]) VALUES (N'KH05 ', N'NS48 ', CAST(N'1969-08-18' AS Date))
GO
INSERT [dbo].[LichHen] ([MaKH], [MaNS], [ThoiGian]) VALUES (N'KH56 ', N'NS48 ', CAST(N'1969-09-21' AS Date))
GO
INSERT [dbo].[LichHen] ([MaKH], [MaNS], [ThoiGian]) VALUES (N'KH36 ', N'NS48 ', CAST(N'1970-01-08' AS Date))
GO
INSERT [dbo].[LichHen] ([MaKH], [MaNS], [ThoiGian]) VALUES (N'KH22 ', N'NS48 ', CAST(N'1974-08-30' AS Date))
GO
INSERT [dbo].[LichHen] ([MaKH], [MaNS], [ThoiGian]) VALUES (N'KH08 ', N'NS48 ', CAST(N'1984-03-21' AS Date))
GO
INSERT [dbo].[LichHen] ([MaKH], [MaNS], [ThoiGian]) VALUES (N'KH18 ', N'NS48 ', CAST(N'1984-09-29' AS Date))
GO
INSERT [dbo].[LichHen] ([MaKH], [MaNS], [ThoiGian]) VALUES (N'KH71 ', N'NS48 ', CAST(N'1998-10-17' AS Date))
GO
INSERT [dbo].[LichHen] ([MaKH], [MaNS], [ThoiGian]) VALUES (N'KH56 ', N'NS48 ', CAST(N'2015-04-07' AS Date))
GO
INSERT [dbo].[LichHen] ([MaKH], [MaNS], [ThoiGian]) VALUES (N'KH19 ', N'NS48 ', CAST(N'2017-05-10' AS Date))
GO
INSERT [dbo].[LichHen] ([MaKH], [MaNS], [ThoiGian]) VALUES (N'KH73 ', N'NS49 ', CAST(N'1954-02-14' AS Date))
GO
INSERT [dbo].[LichHen] ([MaKH], [MaNS], [ThoiGian]) VALUES (N'KH95 ', N'NS49 ', CAST(N'1955-09-05' AS Date))
GO
INSERT [dbo].[LichHen] ([MaKH], [MaNS], [ThoiGian]) VALUES (N'KH11 ', N'NS49 ', CAST(N'1956-05-18' AS Date))
GO
INSERT [dbo].[LichHen] ([MaKH], [MaNS], [ThoiGian]) VALUES (N'KH29 ', N'NS49 ', CAST(N'1957-04-23' AS Date))
GO
INSERT [dbo].[LichHen] ([MaKH], [MaNS], [ThoiGian]) VALUES (N'KH97 ', N'NS49 ', CAST(N'1967-02-11' AS Date))
GO
INSERT [dbo].[LichHen] ([MaKH], [MaNS], [ThoiGian]) VALUES (N'KH66 ', N'NS49 ', CAST(N'1968-12-31' AS Date))
GO
INSERT [dbo].[LichHen] ([MaKH], [MaNS], [ThoiGian]) VALUES (N'KH64 ', N'NS49 ', CAST(N'1970-08-28' AS Date))
GO
INSERT [dbo].[LichHen] ([MaKH], [MaNS], [ThoiGian]) VALUES (N'KH19 ', N'NS49 ', CAST(N'1980-06-07' AS Date))
GO
INSERT [dbo].[LichHen] ([MaKH], [MaNS], [ThoiGian]) VALUES (N'KH99 ', N'NS49 ', CAST(N'1996-06-22' AS Date))
GO
INSERT [dbo].[LichHen] ([MaKH], [MaNS], [ThoiGian]) VALUES (N'KH91 ', N'NS49 ', CAST(N'2010-05-16' AS Date))
GO
INSERT [dbo].[LichHen] ([MaKH], [MaNS], [ThoiGian]) VALUES (N'KH87 ', N'NS50 ', CAST(N'1960-06-24' AS Date))
GO
INSERT [dbo].[LichHen] ([MaKH], [MaNS], [ThoiGian]) VALUES (N'KH17 ', N'NS50 ', CAST(N'1962-01-20' AS Date))
GO
INSERT [dbo].[LichHen] ([MaKH], [MaNS], [ThoiGian]) VALUES (N'KH51 ', N'NS50 ', CAST(N'1964-02-15' AS Date))
GO
INSERT [dbo].[LichHen] ([MaKH], [MaNS], [ThoiGian]) VALUES (N'KH46 ', N'NS50 ', CAST(N'1985-02-21' AS Date))
GO
INSERT [dbo].[LichHen] ([MaKH], [MaNS], [ThoiGian]) VALUES (N'KH28 ', N'NS50 ', CAST(N'1987-03-22' AS Date))
GO
INSERT [dbo].[LichHen] ([MaKH], [MaNS], [ThoiGian]) VALUES (N'KH54 ', N'NS50 ', CAST(N'1999-03-02' AS Date))
GO
INSERT [dbo].[LichHen] ([MaKH], [MaNS], [ThoiGian]) VALUES (N'KH06 ', N'NS50 ', CAST(N'2003-04-14' AS Date))
GO
INSERT [dbo].[LichHen] ([MaKH], [MaNS], [ThoiGian]) VALUES (N'KH90 ', N'NS50 ', CAST(N'2003-11-11' AS Date))
GO
INSERT [dbo].[LichHen] ([MaKH], [MaNS], [ThoiGian]) VALUES (N'KH51 ', N'NS50 ', CAST(N'2006-09-02' AS Date))
GO
INSERT [dbo].[LichHen] ([MaKH], [MaNS], [ThoiGian]) VALUES (N'KH35 ', N'NS50 ', CAST(N'2009-06-04' AS Date))
GO
INSERT [dbo].[LichHen] ([MaKH], [MaNS], [ThoiGian]) VALUES (N'KH61 ', N'NS51 ', CAST(N'1959-11-24' AS Date))
GO
INSERT [dbo].[LichHen] ([MaKH], [MaNS], [ThoiGian]) VALUES (N'KH40 ', N'NS51 ', CAST(N'1963-09-12' AS Date))
GO
INSERT [dbo].[LichHen] ([MaKH], [MaNS], [ThoiGian]) VALUES (N'KH39 ', N'NS51 ', CAST(N'1965-05-13' AS Date))
GO
INSERT [dbo].[LichHen] ([MaKH], [MaNS], [ThoiGian]) VALUES (N'KH56 ', N'NS51 ', CAST(N'1976-03-06' AS Date))
GO
INSERT [dbo].[LichHen] ([MaKH], [MaNS], [ThoiGian]) VALUES (N'KH34 ', N'NS51 ', CAST(N'1986-09-02' AS Date))
GO
INSERT [dbo].[LichHen] ([MaKH], [MaNS], [ThoiGian]) VALUES (N'KH79 ', N'NS51 ', CAST(N'1990-09-15' AS Date))
GO
INSERT [dbo].[LichHen] ([MaKH], [MaNS], [ThoiGian]) VALUES (N'KH60 ', N'NS51 ', CAST(N'1993-03-07' AS Date))
GO
INSERT [dbo].[LichHen] ([MaKH], [MaNS], [ThoiGian]) VALUES (N'KH99 ', N'NS51 ', CAST(N'1999-05-23' AS Date))
GO
INSERT [dbo].[LichHen] ([MaKH], [MaNS], [ThoiGian]) VALUES (N'KH01 ', N'NS51 ', CAST(N'2013-07-25' AS Date))
GO
INSERT [dbo].[LichHen] ([MaKH], [MaNS], [ThoiGian]) VALUES (N'KH72 ', N'NS51 ', CAST(N'2016-12-02' AS Date))
GO
INSERT [dbo].[LichHen] ([MaKH], [MaNS], [ThoiGian]) VALUES (N'KH93 ', N'NS52 ', CAST(N'1953-02-20' AS Date))
GO
INSERT [dbo].[LichHen] ([MaKH], [MaNS], [ThoiGian]) VALUES (N'KH64 ', N'NS52 ', CAST(N'1957-11-09' AS Date))
GO
INSERT [dbo].[LichHen] ([MaKH], [MaNS], [ThoiGian]) VALUES (N'KH76 ', N'NS52 ', CAST(N'1958-07-11' AS Date))
GO
INSERT [dbo].[LichHen] ([MaKH], [MaNS], [ThoiGian]) VALUES (N'KH48 ', N'NS52 ', CAST(N'1961-05-26' AS Date))
GO
INSERT [dbo].[LichHen] ([MaKH], [MaNS], [ThoiGian]) VALUES (N'KH16 ', N'NS52 ', CAST(N'1967-10-28' AS Date))
GO
INSERT [dbo].[LichHen] ([MaKH], [MaNS], [ThoiGian]) VALUES (N'KH75 ', N'NS52 ', CAST(N'1975-05-20' AS Date))
GO
INSERT [dbo].[LichHen] ([MaKH], [MaNS], [ThoiGian]) VALUES (NULL, N'NS52 ', CAST(N'1976-10-10' AS Date))
GO
INSERT [dbo].[LichHen] ([MaKH], [MaNS], [ThoiGian]) VALUES (N'KH63 ', N'NS52 ', CAST(N'1977-11-05' AS Date))
GO
INSERT [dbo].[LichHen] ([MaKH], [MaNS], [ThoiGian]) VALUES (N'KH20 ', N'NS52 ', CAST(N'1982-07-06' AS Date))
GO
INSERT [dbo].[LichHen] ([MaKH], [MaNS], [ThoiGian]) VALUES (N'KH70 ', N'NS52 ', CAST(N'2018-11-23' AS Date))
GO
INSERT [dbo].[LichHen] ([MaKH], [MaNS], [ThoiGian]) VALUES (N'KH08 ', N'NS53 ', CAST(N'1954-06-25' AS Date))
GO
INSERT [dbo].[LichHen] ([MaKH], [MaNS], [ThoiGian]) VALUES (N'KH11 ', N'NS53 ', CAST(N'1958-12-10' AS Date))
GO
INSERT [dbo].[LichHen] ([MaKH], [MaNS], [ThoiGian]) VALUES (N'KH89 ', N'NS53 ', CAST(N'1967-11-16' AS Date))
GO
INSERT [dbo].[LichHen] ([MaKH], [MaNS], [ThoiGian]) VALUES (N'KH83 ', N'NS53 ', CAST(N'1969-10-27' AS Date))
GO
INSERT [dbo].[LichHen] ([MaKH], [MaNS], [ThoiGian]) VALUES (N'KH42 ', N'NS53 ', CAST(N'1996-04-04' AS Date))
GO
INSERT [dbo].[LichHen] ([MaKH], [MaNS], [ThoiGian]) VALUES (N'KH78 ', N'NS53 ', CAST(N'2002-02-09' AS Date))
GO
INSERT [dbo].[LichHen] ([MaKH], [MaNS], [ThoiGian]) VALUES (N'KH85 ', N'NS53 ', CAST(N'2003-08-14' AS Date))
GO
INSERT [dbo].[LichHen] ([MaKH], [MaNS], [ThoiGian]) VALUES (N'KH28 ', N'NS53 ', CAST(N'2006-08-26' AS Date))
GO
INSERT [dbo].[LichHen] ([MaKH], [MaNS], [ThoiGian]) VALUES (N'KH14 ', N'NS53 ', CAST(N'2013-02-17' AS Date))
GO
INSERT [dbo].[LichHen] ([MaKH], [MaNS], [ThoiGian]) VALUES (N'KH89 ', N'NS53 ', CAST(N'2020-07-17' AS Date))
GO
INSERT [dbo].[LichHen] ([MaKH], [MaNS], [ThoiGian]) VALUES (N'KH22 ', N'NS54 ', CAST(N'1958-04-14' AS Date))
GO
INSERT [dbo].[LichHen] ([MaKH], [MaNS], [ThoiGian]) VALUES (N'KH53 ', N'NS54 ', CAST(N'1964-08-02' AS Date))
GO
INSERT [dbo].[LichHen] ([MaKH], [MaNS], [ThoiGian]) VALUES (N'KH66 ', N'NS54 ', CAST(N'1973-03-13' AS Date))
GO
INSERT [dbo].[LichHen] ([MaKH], [MaNS], [ThoiGian]) VALUES (N'KH87 ', N'NS54 ', CAST(N'1977-11-20' AS Date))
GO
INSERT [dbo].[LichHen] ([MaKH], [MaNS], [ThoiGian]) VALUES (N'KH44 ', N'NS54 ', CAST(N'2006-08-30' AS Date))
GO
INSERT [dbo].[LichHen] ([MaKH], [MaNS], [ThoiGian]) VALUES (N'KH61 ', N'NS54 ', CAST(N'2006-11-05' AS Date))
GO
INSERT [dbo].[LichHen] ([MaKH], [MaNS], [ThoiGian]) VALUES (N'KH26 ', N'NS54 ', CAST(N'2008-01-20' AS Date))
GO
INSERT [dbo].[LichHen] ([MaKH], [MaNS], [ThoiGian]) VALUES (N'KH52 ', N'NS54 ', CAST(N'2016-04-10' AS Date))
GO
INSERT [dbo].[LichHen] ([MaKH], [MaNS], [ThoiGian]) VALUES (N'KH78 ', N'NS54 ', CAST(N'2019-05-22' AS Date))
GO
INSERT [dbo].[LichHen] ([MaKH], [MaNS], [ThoiGian]) VALUES (N'KH01 ', N'NS54 ', CAST(N'2022-09-09' AS Date))
GO
INSERT [dbo].[LichHen] ([MaKH], [MaNS], [ThoiGian]) VALUES (N'KH56 ', N'NS55 ', CAST(N'1956-12-30' AS Date))
GO
INSERT [dbo].[LichHen] ([MaKH], [MaNS], [ThoiGian]) VALUES (N'KH02 ', N'NS55 ', CAST(N'1957-01-17' AS Date))
GO
INSERT [dbo].[LichHen] ([MaKH], [MaNS], [ThoiGian]) VALUES (N'KH48 ', N'NS55 ', CAST(N'1964-10-23' AS Date))
GO
INSERT [dbo].[LichHen] ([MaKH], [MaNS], [ThoiGian]) VALUES (N'KH34 ', N'NS55 ', CAST(N'1977-05-27' AS Date))
GO
INSERT [dbo].[LichHen] ([MaKH], [MaNS], [ThoiGian]) VALUES (N'KH95 ', N'NS55 ', CAST(N'1986-05-07' AS Date))
GO
INSERT [dbo].[LichHen] ([MaKH], [MaNS], [ThoiGian]) VALUES (N'KH81 ', N'NS55 ', CAST(N'1987-01-04' AS Date))
GO
INSERT [dbo].[LichHen] ([MaKH], [MaNS], [ThoiGian]) VALUES (N'KH03 ', N'NS55 ', CAST(N'1991-06-27' AS Date))
GO
INSERT [dbo].[LichHen] ([MaKH], [MaNS], [ThoiGian]) VALUES (N'KH04 ', N'NS55 ', CAST(N'1997-04-24' AS Date))
GO
INSERT [dbo].[LichHen] ([MaKH], [MaNS], [ThoiGian]) VALUES (N'KH46 ', N'NS55 ', CAST(N'2005-02-02' AS Date))
GO
INSERT [dbo].[LichHen] ([MaKH], [MaNS], [ThoiGian]) VALUES (N'KH22 ', N'NS55 ', CAST(N'2017-07-04' AS Date))
GO
INSERT [dbo].[LichHen] ([MaKH], [MaNS], [ThoiGian]) VALUES (N'KH50 ', N'NS56 ', CAST(N'1953-02-25' AS Date))
GO
INSERT [dbo].[LichHen] ([MaKH], [MaNS], [ThoiGian]) VALUES (N'KH29 ', N'NS56 ', CAST(N'1976-08-04' AS Date))
GO
INSERT [dbo].[LichHen] ([MaKH], [MaNS], [ThoiGian]) VALUES (N'KH71 ', N'NS56 ', CAST(N'1980-09-07' AS Date))
GO
INSERT [dbo].[LichHen] ([MaKH], [MaNS], [ThoiGian]) VALUES (N'KH76 ', N'NS56 ', CAST(N'1993-05-01' AS Date))
GO
INSERT [dbo].[LichHen] ([MaKH], [MaNS], [ThoiGian]) VALUES (N'KH21 ', N'NS56 ', CAST(N'2002-04-28' AS Date))
GO
INSERT [dbo].[LichHen] ([MaKH], [MaNS], [ThoiGian]) VALUES (N'KH99 ', N'NS56 ', CAST(N'2008-09-16' AS Date))
GO
INSERT [dbo].[LichHen] ([MaKH], [MaNS], [ThoiGian]) VALUES (N'KH87 ', N'NS56 ', CAST(N'2013-05-09' AS Date))
GO
INSERT [dbo].[LichHen] ([MaKH], [MaNS], [ThoiGian]) VALUES (N'KH96 ', N'NS56 ', CAST(N'2013-05-10' AS Date))
GO
INSERT [dbo].[LichHen] ([MaKH], [MaNS], [ThoiGian]) VALUES (N'KH09 ', N'NS56 ', CAST(N'2017-03-03' AS Date))
GO
INSERT [dbo].[LichHen] ([MaKH], [MaNS], [ThoiGian]) VALUES (N'KH95 ', N'NS56 ', CAST(N'2022-04-29' AS Date))
GO
INSERT [dbo].[LichHen] ([MaKH], [MaNS], [ThoiGian]) VALUES (N'KH80 ', N'NS57 ', CAST(N'1956-01-25' AS Date))
GO
INSERT [dbo].[LichHen] ([MaKH], [MaNS], [ThoiGian]) VALUES (N'KH77 ', N'NS57 ', CAST(N'1972-01-02' AS Date))
GO
INSERT [dbo].[LichHen] ([MaKH], [MaNS], [ThoiGian]) VALUES (N'KH26 ', N'NS57 ', CAST(N'1974-08-06' AS Date))
GO
INSERT [dbo].[LichHen] ([MaKH], [MaNS], [ThoiGian]) VALUES (N'KH01 ', N'NS57 ', CAST(N'1980-12-01' AS Date))
GO
INSERT [dbo].[LichHen] ([MaKH], [MaNS], [ThoiGian]) VALUES (N'KH54 ', N'NS57 ', CAST(N'1981-09-25' AS Date))
GO
INSERT [dbo].[LichHen] ([MaKH], [MaNS], [ThoiGian]) VALUES (N'KH79 ', N'NS57 ', CAST(N'2002-10-06' AS Date))
GO
INSERT [dbo].[LichHen] ([MaKH], [MaNS], [ThoiGian]) VALUES (N'KH92 ', N'NS57 ', CAST(N'2003-06-11' AS Date))
GO
INSERT [dbo].[LichHen] ([MaKH], [MaNS], [ThoiGian]) VALUES (N'KH03 ', N'NS57 ', CAST(N'2012-08-21' AS Date))
GO
INSERT [dbo].[LichHen] ([MaKH], [MaNS], [ThoiGian]) VALUES (N'KH36 ', N'NS57 ', CAST(N'2015-08-11' AS Date))
GO
INSERT [dbo].[LichHen] ([MaKH], [MaNS], [ThoiGian]) VALUES (N'KH37 ', N'NS57 ', CAST(N'2016-12-23' AS Date))
GO
INSERT [dbo].[LichHen] ([MaKH], [MaNS], [ThoiGian]) VALUES (N'KH75 ', N'NS58 ', CAST(N'1953-03-11' AS Date))
GO
INSERT [dbo].[LichHen] ([MaKH], [MaNS], [ThoiGian]) VALUES (N'KH00 ', N'NS58 ', CAST(N'1963-04-22' AS Date))
GO
INSERT [dbo].[LichHen] ([MaKH], [MaNS], [ThoiGian]) VALUES (N'KH77 ', N'NS58 ', CAST(N'1969-07-17' AS Date))
GO
INSERT [dbo].[LichHen] ([MaKH], [MaNS], [ThoiGian]) VALUES (N'KH25 ', N'NS58 ', CAST(N'1972-02-19' AS Date))
GO
INSERT [dbo].[LichHen] ([MaKH], [MaNS], [ThoiGian]) VALUES (N'KH68 ', N'NS58 ', CAST(N'1995-05-04' AS Date))
GO
INSERT [dbo].[LichHen] ([MaKH], [MaNS], [ThoiGian]) VALUES (N'KH98 ', N'NS58 ', CAST(N'1997-12-11' AS Date))
GO
INSERT [dbo].[LichHen] ([MaKH], [MaNS], [ThoiGian]) VALUES (N'KH12 ', N'NS58 ', CAST(N'1998-08-06' AS Date))
GO
INSERT [dbo].[LichHen] ([MaKH], [MaNS], [ThoiGian]) VALUES (N'KH79 ', N'NS58 ', CAST(N'2008-03-16' AS Date))
GO
INSERT [dbo].[LichHen] ([MaKH], [MaNS], [ThoiGian]) VALUES (N'KH61 ', N'NS58 ', CAST(N'2009-11-15' AS Date))
GO
INSERT [dbo].[LichHen] ([MaKH], [MaNS], [ThoiGian]) VALUES (N'KH81 ', N'NS58 ', CAST(N'2021-10-01' AS Date))
GO
INSERT [dbo].[LichHen] ([MaKH], [MaNS], [ThoiGian]) VALUES (N'KH83 ', N'NS59 ', CAST(N'1970-01-03' AS Date))
GO
INSERT [dbo].[LichHen] ([MaKH], [MaNS], [ThoiGian]) VALUES (N'KH01 ', N'NS59 ', CAST(N'1971-05-26' AS Date))
GO
INSERT [dbo].[LichHen] ([MaKH], [MaNS], [ThoiGian]) VALUES (N'KH79 ', N'NS59 ', CAST(N'1972-02-25' AS Date))
GO
INSERT [dbo].[LichHen] ([MaKH], [MaNS], [ThoiGian]) VALUES (N'KH64 ', N'NS59 ', CAST(N'1972-07-25' AS Date))
GO
INSERT [dbo].[LichHen] ([MaKH], [MaNS], [ThoiGian]) VALUES (N'KH44 ', N'NS59 ', CAST(N'1974-07-01' AS Date))
GO
INSERT [dbo].[LichHen] ([MaKH], [MaNS], [ThoiGian]) VALUES (N'KH46 ', N'NS59 ', CAST(N'1981-06-04' AS Date))
GO
INSERT [dbo].[LichHen] ([MaKH], [MaNS], [ThoiGian]) VALUES (N'KH21 ', N'NS59 ', CAST(N'1982-11-28' AS Date))
GO
INSERT [dbo].[LichHen] ([MaKH], [MaNS], [ThoiGian]) VALUES (N'KH51 ', N'NS59 ', CAST(N'1989-10-21' AS Date))
GO
INSERT [dbo].[LichHen] ([MaKH], [MaNS], [ThoiGian]) VALUES (N'KH39 ', N'NS59 ', CAST(N'2012-11-16' AS Date))
GO
INSERT [dbo].[LichHen] ([MaKH], [MaNS], [ThoiGian]) VALUES (N'KH85 ', N'NS59 ', CAST(N'2020-11-27' AS Date))
GO
INSERT [dbo].[LichHen] ([MaKH], [MaNS], [ThoiGian]) VALUES (N'KH68 ', N'NS60 ', CAST(N'1955-09-07' AS Date))
GO
INSERT [dbo].[LichHen] ([MaKH], [MaNS], [ThoiGian]) VALUES (N'KH07 ', N'NS60 ', CAST(N'1956-08-10' AS Date))
GO
INSERT [dbo].[LichHen] ([MaKH], [MaNS], [ThoiGian]) VALUES (N'KH42 ', N'NS60 ', CAST(N'1960-08-24' AS Date))
GO
INSERT [dbo].[LichHen] ([MaKH], [MaNS], [ThoiGian]) VALUES (N'KH55 ', N'NS60 ', CAST(N'1966-11-10' AS Date))
GO
INSERT [dbo].[LichHen] ([MaKH], [MaNS], [ThoiGian]) VALUES (N'KH21 ', N'NS60 ', CAST(N'1975-10-24' AS Date))
GO
INSERT [dbo].[LichHen] ([MaKH], [MaNS], [ThoiGian]) VALUES (N'KH41 ', N'NS60 ', CAST(N'1990-07-02' AS Date))
GO
INSERT [dbo].[LichHen] ([MaKH], [MaNS], [ThoiGian]) VALUES (N'KH91 ', N'NS60 ', CAST(N'1996-09-28' AS Date))
GO
INSERT [dbo].[LichHen] ([MaKH], [MaNS], [ThoiGian]) VALUES (N'KH58 ', N'NS60 ', CAST(N'2008-03-04' AS Date))
GO
INSERT [dbo].[LichHen] ([MaKH], [MaNS], [ThoiGian]) VALUES (N'KH16 ', N'NS60 ', CAST(N'2011-08-19' AS Date))
GO
INSERT [dbo].[LichHen] ([MaKH], [MaNS], [ThoiGian]) VALUES (N'KH63 ', N'NS60 ', CAST(N'2015-12-06' AS Date))
GO
INSERT [dbo].[LichHen] ([MaKH], [MaNS], [ThoiGian]) VALUES (N'KH23 ', N'NS61 ', CAST(N'1957-09-22' AS Date))
GO
INSERT [dbo].[LichHen] ([MaKH], [MaNS], [ThoiGian]) VALUES (N'KH84 ', N'NS61 ', CAST(N'1972-12-18' AS Date))
GO
INSERT [dbo].[LichHen] ([MaKH], [MaNS], [ThoiGian]) VALUES (N'KH00 ', N'NS61 ', CAST(N'1975-04-24' AS Date))
GO
INSERT [dbo].[LichHen] ([MaKH], [MaNS], [ThoiGian]) VALUES (N'KH11 ', N'NS61 ', CAST(N'1977-10-06' AS Date))
GO
INSERT [dbo].[LichHen] ([MaKH], [MaNS], [ThoiGian]) VALUES (N'KH84 ', N'NS61 ', CAST(N'1979-03-02' AS Date))
GO
INSERT [dbo].[LichHen] ([MaKH], [MaNS], [ThoiGian]) VALUES (N'KH33 ', N'NS61 ', CAST(N'1985-12-15' AS Date))
GO
INSERT [dbo].[LichHen] ([MaKH], [MaNS], [ThoiGian]) VALUES (N'KH26 ', N'NS61 ', CAST(N'1987-06-23' AS Date))
GO
INSERT [dbo].[LichHen] ([MaKH], [MaNS], [ThoiGian]) VALUES (N'KH37 ', N'NS61 ', CAST(N'1999-12-31' AS Date))
GO
INSERT [dbo].[LichHen] ([MaKH], [MaNS], [ThoiGian]) VALUES (N'KH30 ', N'NS61 ', CAST(N'2003-05-24' AS Date))
GO
INSERT [dbo].[LichHen] ([MaKH], [MaNS], [ThoiGian]) VALUES (N'KH52 ', N'NS61 ', CAST(N'2004-07-26' AS Date))
GO
INSERT [dbo].[LichHen] ([MaKH], [MaNS], [ThoiGian]) VALUES (N'KH34 ', N'NS62 ', CAST(N'1953-04-28' AS Date))
GO
INSERT [dbo].[LichHen] ([MaKH], [MaNS], [ThoiGian]) VALUES (N'KH18 ', N'NS62 ', CAST(N'1958-05-24' AS Date))
GO
INSERT [dbo].[LichHen] ([MaKH], [MaNS], [ThoiGian]) VALUES (N'KH58 ', N'NS62 ', CAST(N'1960-01-24' AS Date))
GO
INSERT [dbo].[LichHen] ([MaKH], [MaNS], [ThoiGian]) VALUES (N'KH59 ', N'NS62 ', CAST(N'1961-01-16' AS Date))
GO
INSERT [dbo].[LichHen] ([MaKH], [MaNS], [ThoiGian]) VALUES (N'KH96 ', N'NS62 ', CAST(N'1974-11-20' AS Date))
GO
INSERT [dbo].[LichHen] ([MaKH], [MaNS], [ThoiGian]) VALUES (N'KH09 ', N'NS62 ', CAST(N'1977-06-01' AS Date))
GO
INSERT [dbo].[LichHen] ([MaKH], [MaNS], [ThoiGian]) VALUES (N'KH52 ', N'NS62 ', CAST(N'1979-10-31' AS Date))
GO
INSERT [dbo].[LichHen] ([MaKH], [MaNS], [ThoiGian]) VALUES (N'KH54 ', N'NS62 ', CAST(N'1995-08-22' AS Date))
GO
INSERT [dbo].[LichHen] ([MaKH], [MaNS], [ThoiGian]) VALUES (N'KH42 ', N'NS62 ', CAST(N'1995-11-20' AS Date))
GO
INSERT [dbo].[LichHen] ([MaKH], [MaNS], [ThoiGian]) VALUES (N'KH34 ', N'NS62 ', CAST(N'2003-08-27' AS Date))
GO
INSERT [dbo].[LichHen] ([MaKH], [MaNS], [ThoiGian]) VALUES (N'KH74 ', N'NS63 ', CAST(N'1953-05-21' AS Date))
GO
INSERT [dbo].[LichHen] ([MaKH], [MaNS], [ThoiGian]) VALUES (N'KH86 ', N'NS63 ', CAST(N'1959-03-08' AS Date))
GO
INSERT [dbo].[LichHen] ([MaKH], [MaNS], [ThoiGian]) VALUES (N'KH87 ', N'NS63 ', CAST(N'1959-04-12' AS Date))
GO
INSERT [dbo].[LichHen] ([MaKH], [MaNS], [ThoiGian]) VALUES (N'KH22 ', N'NS63 ', CAST(N'1964-03-05' AS Date))
GO
INSERT [dbo].[LichHen] ([MaKH], [MaNS], [ThoiGian]) VALUES (N'KH91 ', N'NS63 ', CAST(N'1973-09-11' AS Date))
GO
INSERT [dbo].[LichHen] ([MaKH], [MaNS], [ThoiGian]) VALUES (N'KH18 ', N'NS63 ', CAST(N'1975-08-23' AS Date))
GO
INSERT [dbo].[LichHen] ([MaKH], [MaNS], [ThoiGian]) VALUES (N'KH74 ', N'NS63 ', CAST(N'1982-08-12' AS Date))
GO
INSERT [dbo].[LichHen] ([MaKH], [MaNS], [ThoiGian]) VALUES (N'KH52 ', N'NS63 ', CAST(N'1988-03-11' AS Date))
GO
INSERT [dbo].[LichHen] ([MaKH], [MaNS], [ThoiGian]) VALUES (N'KH10 ', N'NS63 ', CAST(N'1992-05-11' AS Date))
GO
INSERT [dbo].[LichHen] ([MaKH], [MaNS], [ThoiGian]) VALUES (N'KH88 ', N'NS63 ', CAST(N'1997-05-11' AS Date))
GO
INSERT [dbo].[LichHen] ([MaKH], [MaNS], [ThoiGian]) VALUES (N'KH86 ', N'NS64 ', CAST(N'1955-04-29' AS Date))
GO
INSERT [dbo].[LichHen] ([MaKH], [MaNS], [ThoiGian]) VALUES (N'KH42 ', N'NS64 ', CAST(N'1956-08-24' AS Date))
GO
INSERT [dbo].[LichHen] ([MaKH], [MaNS], [ThoiGian]) VALUES (N'KH18 ', N'NS64 ', CAST(N'1969-05-21' AS Date))
GO
INSERT [dbo].[LichHen] ([MaKH], [MaNS], [ThoiGian]) VALUES (N'KH01 ', N'NS64 ', CAST(N'1977-03-15' AS Date))
GO
INSERT [dbo].[LichHen] ([MaKH], [MaNS], [ThoiGian]) VALUES (N'KH11 ', N'NS64 ', CAST(N'1985-08-20' AS Date))
GO
INSERT [dbo].[LichHen] ([MaKH], [MaNS], [ThoiGian]) VALUES (N'KH69 ', N'NS64 ', CAST(N'1986-04-15' AS Date))
GO
INSERT [dbo].[LichHen] ([MaKH], [MaNS], [ThoiGian]) VALUES (N'KH25 ', N'NS64 ', CAST(N'2006-11-10' AS Date))
GO
INSERT [dbo].[LichHen] ([MaKH], [MaNS], [ThoiGian]) VALUES (N'KH47 ', N'NS64 ', CAST(N'2007-12-16' AS Date))
GO
INSERT [dbo].[LichHen] ([MaKH], [MaNS], [ThoiGian]) VALUES (N'KH97 ', N'NS64 ', CAST(N'2014-08-10' AS Date))
GO
INSERT [dbo].[LichHen] ([MaKH], [MaNS], [ThoiGian]) VALUES (N'KH21 ', N'NS64 ', CAST(N'2017-10-08' AS Date))
GO
INSERT [dbo].[LichHen] ([MaKH], [MaNS], [ThoiGian]) VALUES (N'KH49 ', N'NS65 ', CAST(N'1959-02-16' AS Date))
GO
INSERT [dbo].[LichHen] ([MaKH], [MaNS], [ThoiGian]) VALUES (N'KH67 ', N'NS65 ', CAST(N'1959-09-05' AS Date))
GO
INSERT [dbo].[LichHen] ([MaKH], [MaNS], [ThoiGian]) VALUES (N'KH38 ', N'NS65 ', CAST(N'1966-08-29' AS Date))
GO
INSERT [dbo].[LichHen] ([MaKH], [MaNS], [ThoiGian]) VALUES (N'KH42 ', N'NS65 ', CAST(N'1966-11-13' AS Date))
GO
INSERT [dbo].[LichHen] ([MaKH], [MaNS], [ThoiGian]) VALUES (N'KH47 ', N'NS65 ', CAST(N'1972-06-23' AS Date))
GO
INSERT [dbo].[LichHen] ([MaKH], [MaNS], [ThoiGian]) VALUES (N'KH81 ', N'NS65 ', CAST(N'1997-08-24' AS Date))
GO
INSERT [dbo].[LichHen] ([MaKH], [MaNS], [ThoiGian]) VALUES (N'KH27 ', N'NS65 ', CAST(N'2011-02-14' AS Date))
GO
INSERT [dbo].[LichHen] ([MaKH], [MaNS], [ThoiGian]) VALUES (N'KH27 ', N'NS65 ', CAST(N'2013-12-06' AS Date))
GO
INSERT [dbo].[LichHen] ([MaKH], [MaNS], [ThoiGian]) VALUES (N'KH42 ', N'NS65 ', CAST(N'2020-12-15' AS Date))
GO
INSERT [dbo].[LichHen] ([MaKH], [MaNS], [ThoiGian]) VALUES (N'KH39 ', N'NS65 ', CAST(N'2021-08-28' AS Date))
GO
INSERT [dbo].[LichHen] ([MaKH], [MaNS], [ThoiGian]) VALUES (N'KH43 ', N'NS66 ', CAST(N'1957-11-08' AS Date))
GO
INSERT [dbo].[LichHen] ([MaKH], [MaNS], [ThoiGian]) VALUES (N'KH10 ', N'NS66 ', CAST(N'1958-06-05' AS Date))
GO
INSERT [dbo].[LichHen] ([MaKH], [MaNS], [ThoiGian]) VALUES (N'KH89 ', N'NS66 ', CAST(N'1965-03-24' AS Date))
GO
INSERT [dbo].[LichHen] ([MaKH], [MaNS], [ThoiGian]) VALUES (N'KH79 ', N'NS66 ', CAST(N'1968-05-22' AS Date))
GO
INSERT [dbo].[LichHen] ([MaKH], [MaNS], [ThoiGian]) VALUES (N'KH22 ', N'NS66 ', CAST(N'1971-08-21' AS Date))
GO
INSERT [dbo].[LichHen] ([MaKH], [MaNS], [ThoiGian]) VALUES (N'KH89 ', N'NS66 ', CAST(N'1977-10-18' AS Date))
GO
INSERT [dbo].[LichHen] ([MaKH], [MaNS], [ThoiGian]) VALUES (N'KH44 ', N'NS66 ', CAST(N'1978-02-27' AS Date))
GO
INSERT [dbo].[LichHen] ([MaKH], [MaNS], [ThoiGian]) VALUES (N'KH77 ', N'NS66 ', CAST(N'2006-05-27' AS Date))
GO
INSERT [dbo].[LichHen] ([MaKH], [MaNS], [ThoiGian]) VALUES (N'KH82 ', N'NS66 ', CAST(N'2006-07-06' AS Date))
GO
INSERT [dbo].[LichHen] ([MaKH], [MaNS], [ThoiGian]) VALUES (N'KH94 ', N'NS66 ', CAST(N'2014-09-21' AS Date))
GO
INSERT [dbo].[LichHen] ([MaKH], [MaNS], [ThoiGian]) VALUES (N'KH56 ', N'NS67 ', CAST(N'1956-05-26' AS Date))
GO
INSERT [dbo].[LichHen] ([MaKH], [MaNS], [ThoiGian]) VALUES (N'KH13 ', N'NS67 ', CAST(N'1960-02-14' AS Date))
GO
INSERT [dbo].[LichHen] ([MaKH], [MaNS], [ThoiGian]) VALUES (N'KH29 ', N'NS67 ', CAST(N'1965-11-22' AS Date))
GO
INSERT [dbo].[LichHen] ([MaKH], [MaNS], [ThoiGian]) VALUES (N'KH56 ', N'NS67 ', CAST(N'1968-04-17' AS Date))
GO
INSERT [dbo].[LichHen] ([MaKH], [MaNS], [ThoiGian]) VALUES (N'KH14 ', N'NS67 ', CAST(N'1972-07-04' AS Date))
GO
INSERT [dbo].[LichHen] ([MaKH], [MaNS], [ThoiGian]) VALUES (N'KH00 ', N'NS67 ', CAST(N'1980-11-16' AS Date))
GO
INSERT [dbo].[LichHen] ([MaKH], [MaNS], [ThoiGian]) VALUES (N'KH78 ', N'NS67 ', CAST(N'1986-04-17' AS Date))
GO
INSERT [dbo].[LichHen] ([MaKH], [MaNS], [ThoiGian]) VALUES (N'KH24 ', N'NS67 ', CAST(N'1987-04-29' AS Date))
GO
INSERT [dbo].[LichHen] ([MaKH], [MaNS], [ThoiGian]) VALUES (N'KH26 ', N'NS67 ', CAST(N'1987-05-10' AS Date))
GO
INSERT [dbo].[LichHen] ([MaKH], [MaNS], [ThoiGian]) VALUES (N'KH61 ', N'NS67 ', CAST(N'1994-10-30' AS Date))
GO
INSERT [dbo].[LichHen] ([MaKH], [MaNS], [ThoiGian]) VALUES (N'KH91 ', N'NS68 ', CAST(N'1966-07-01' AS Date))
GO
INSERT [dbo].[LichHen] ([MaKH], [MaNS], [ThoiGian]) VALUES (N'KH86 ', N'NS68 ', CAST(N'1966-12-05' AS Date))
GO
INSERT [dbo].[LichHen] ([MaKH], [MaNS], [ThoiGian]) VALUES (N'KH92 ', N'NS68 ', CAST(N'1967-03-15' AS Date))
GO
INSERT [dbo].[LichHen] ([MaKH], [MaNS], [ThoiGian]) VALUES (N'KH90 ', N'NS68 ', CAST(N'1977-11-28' AS Date))
GO
INSERT [dbo].[LichHen] ([MaKH], [MaNS], [ThoiGian]) VALUES (N'KH85 ', N'NS68 ', CAST(N'1978-01-02' AS Date))
GO
INSERT [dbo].[LichHen] ([MaKH], [MaNS], [ThoiGian]) VALUES (N'KH58 ', N'NS68 ', CAST(N'1991-02-16' AS Date))
GO
INSERT [dbo].[LichHen] ([MaKH], [MaNS], [ThoiGian]) VALUES (N'KH40 ', N'NS68 ', CAST(N'1996-06-24' AS Date))
GO
INSERT [dbo].[LichHen] ([MaKH], [MaNS], [ThoiGian]) VALUES (N'KH68 ', N'NS68 ', CAST(N'2001-01-26' AS Date))
GO
INSERT [dbo].[LichHen] ([MaKH], [MaNS], [ThoiGian]) VALUES (N'KH41 ', N'NS68 ', CAST(N'2001-07-11' AS Date))
GO
INSERT [dbo].[LichHen] ([MaKH], [MaNS], [ThoiGian]) VALUES (N'KH32 ', N'NS68 ', CAST(N'2021-09-08' AS Date))
GO
INSERT [dbo].[LichHen] ([MaKH], [MaNS], [ThoiGian]) VALUES (N'KH23 ', N'NS69 ', CAST(N'1971-05-13' AS Date))
GO
INSERT [dbo].[LichHen] ([MaKH], [MaNS], [ThoiGian]) VALUES (N'KH02 ', N'NS69 ', CAST(N'1971-10-06' AS Date))
GO
INSERT [dbo].[LichHen] ([MaKH], [MaNS], [ThoiGian]) VALUES (N'KH59 ', N'NS69 ', CAST(N'1978-07-13' AS Date))
GO
INSERT [dbo].[LichHen] ([MaKH], [MaNS], [ThoiGian]) VALUES (N'KH92 ', N'NS69 ', CAST(N'1981-01-03' AS Date))
GO
INSERT [dbo].[LichHen] ([MaKH], [MaNS], [ThoiGian]) VALUES (N'KH75 ', N'NS69 ', CAST(N'2000-02-07' AS Date))
GO
INSERT [dbo].[LichHen] ([MaKH], [MaNS], [ThoiGian]) VALUES (N'KH53 ', N'NS69 ', CAST(N'2001-05-06' AS Date))
GO
INSERT [dbo].[LichHen] ([MaKH], [MaNS], [ThoiGian]) VALUES (N'KH93 ', N'NS69 ', CAST(N'2007-03-14' AS Date))
GO
INSERT [dbo].[LichHen] ([MaKH], [MaNS], [ThoiGian]) VALUES (N'KH90 ', N'NS69 ', CAST(N'2009-05-06' AS Date))
GO
INSERT [dbo].[LichHen] ([MaKH], [MaNS], [ThoiGian]) VALUES (N'KH75 ', N'NS69 ', CAST(N'2009-07-16' AS Date))
GO
INSERT [dbo].[LichHen] ([MaKH], [MaNS], [ThoiGian]) VALUES (N'KH93 ', N'NS69 ', CAST(N'2013-02-06' AS Date))
GO
INSERT [dbo].[LichHen] ([MaKH], [MaNS], [ThoiGian]) VALUES (N'KH17 ', N'NS70 ', CAST(N'1959-07-04' AS Date))
GO
INSERT [dbo].[LichHen] ([MaKH], [MaNS], [ThoiGian]) VALUES (N'KH14 ', N'NS70 ', CAST(N'1959-12-18' AS Date))
GO
INSERT [dbo].[LichHen] ([MaKH], [MaNS], [ThoiGian]) VALUES (N'KH56 ', N'NS70 ', CAST(N'1972-01-23' AS Date))
GO
INSERT [dbo].[LichHen] ([MaKH], [MaNS], [ThoiGian]) VALUES (N'KH68 ', N'NS70 ', CAST(N'1972-05-01' AS Date))
GO
INSERT [dbo].[LichHen] ([MaKH], [MaNS], [ThoiGian]) VALUES (N'KH45 ', N'NS70 ', CAST(N'1973-11-04' AS Date))
GO
INSERT [dbo].[LichHen] ([MaKH], [MaNS], [ThoiGian]) VALUES (N'KH36 ', N'NS70 ', CAST(N'1989-08-30' AS Date))
GO
INSERT [dbo].[LichHen] ([MaKH], [MaNS], [ThoiGian]) VALUES (N'KH88 ', N'NS70 ', CAST(N'1995-07-01' AS Date))
GO
INSERT [dbo].[LichHen] ([MaKH], [MaNS], [ThoiGian]) VALUES (N'KH12 ', N'NS70 ', CAST(N'1999-08-25' AS Date))
GO
INSERT [dbo].[LichHen] ([MaKH], [MaNS], [ThoiGian]) VALUES (N'KH44 ', N'NS70 ', CAST(N'2001-11-24' AS Date))
GO
INSERT [dbo].[LichHen] ([MaKH], [MaNS], [ThoiGian]) VALUES (N'KH03 ', N'NS70 ', CAST(N'2014-08-30' AS Date))
GO
INSERT [dbo].[LichHen] ([MaKH], [MaNS], [ThoiGian]) VALUES (N'KH18 ', N'NS71 ', CAST(N'1961-12-03' AS Date))
GO
INSERT [dbo].[LichHen] ([MaKH], [MaNS], [ThoiGian]) VALUES (N'KH88 ', N'NS71 ', CAST(N'1963-03-17' AS Date))
GO
INSERT [dbo].[LichHen] ([MaKH], [MaNS], [ThoiGian]) VALUES (N'KH35 ', N'NS71 ', CAST(N'1966-06-08' AS Date))
GO
INSERT [dbo].[LichHen] ([MaKH], [MaNS], [ThoiGian]) VALUES (N'KH44 ', N'NS71 ', CAST(N'1981-12-14' AS Date))
GO
INSERT [dbo].[LichHen] ([MaKH], [MaNS], [ThoiGian]) VALUES (N'KH18 ', N'NS71 ', CAST(N'1988-04-30' AS Date))
GO
INSERT [dbo].[LichHen] ([MaKH], [MaNS], [ThoiGian]) VALUES (N'KH01 ', N'NS71 ', CAST(N'1999-11-25' AS Date))
GO
INSERT [dbo].[LichHen] ([MaKH], [MaNS], [ThoiGian]) VALUES (N'KH60 ', N'NS71 ', CAST(N'2001-02-18' AS Date))
GO
INSERT [dbo].[LichHen] ([MaKH], [MaNS], [ThoiGian]) VALUES (N'KH48 ', N'NS71 ', CAST(N'2009-01-11' AS Date))
GO
INSERT [dbo].[LichHen] ([MaKH], [MaNS], [ThoiGian]) VALUES (N'KH59 ', N'NS71 ', CAST(N'2014-11-15' AS Date))
GO
INSERT [dbo].[LichHen] ([MaKH], [MaNS], [ThoiGian]) VALUES (N'KH37 ', N'NS71 ', CAST(N'2022-06-12' AS Date))
GO
INSERT [dbo].[LichHen] ([MaKH], [MaNS], [ThoiGian]) VALUES (N'KH81 ', N'NS72 ', CAST(N'1968-05-03' AS Date))
GO
INSERT [dbo].[LichHen] ([MaKH], [MaNS], [ThoiGian]) VALUES (N'KH89 ', N'NS72 ', CAST(N'1980-12-13' AS Date))
GO
INSERT [dbo].[LichHen] ([MaKH], [MaNS], [ThoiGian]) VALUES (N'KH17 ', N'NS72 ', CAST(N'1983-07-08' AS Date))
GO
INSERT [dbo].[LichHen] ([MaKH], [MaNS], [ThoiGian]) VALUES (N'KH90 ', N'NS72 ', CAST(N'1987-09-07' AS Date))
GO
INSERT [dbo].[LichHen] ([MaKH], [MaNS], [ThoiGian]) VALUES (N'KH25 ', N'NS72 ', CAST(N'1988-10-19' AS Date))
GO
INSERT [dbo].[LichHen] ([MaKH], [MaNS], [ThoiGian]) VALUES (N'KH21 ', N'NS72 ', CAST(N'2003-04-04' AS Date))
GO
INSERT [dbo].[LichHen] ([MaKH], [MaNS], [ThoiGian]) VALUES (N'KH76 ', N'NS72 ', CAST(N'2007-07-28' AS Date))
GO
INSERT [dbo].[LichHen] ([MaKH], [MaNS], [ThoiGian]) VALUES (N'KH57 ', N'NS72 ', CAST(N'2014-05-05' AS Date))
GO
INSERT [dbo].[LichHen] ([MaKH], [MaNS], [ThoiGian]) VALUES (N'KH38 ', N'NS72 ', CAST(N'2016-08-12' AS Date))
GO
INSERT [dbo].[LichHen] ([MaKH], [MaNS], [ThoiGian]) VALUES (N'KH85 ', N'NS72 ', CAST(N'2020-05-05' AS Date))
GO
INSERT [dbo].[LichHen] ([MaKH], [MaNS], [ThoiGian]) VALUES (N'KH36 ', N'NS73 ', CAST(N'1967-12-05' AS Date))
GO
INSERT [dbo].[LichHen] ([MaKH], [MaNS], [ThoiGian]) VALUES (N'KH84 ', N'NS73 ', CAST(N'1979-06-16' AS Date))
GO
INSERT [dbo].[LichHen] ([MaKH], [MaNS], [ThoiGian]) VALUES (N'KH64 ', N'NS73 ', CAST(N'1989-01-20' AS Date))
GO
INSERT [dbo].[LichHen] ([MaKH], [MaNS], [ThoiGian]) VALUES (N'KH44 ', N'NS73 ', CAST(N'1999-08-26' AS Date))
GO
INSERT [dbo].[LichHen] ([MaKH], [MaNS], [ThoiGian]) VALUES (N'KH59 ', N'NS73 ', CAST(N'2000-07-31' AS Date))
GO
INSERT [dbo].[LichHen] ([MaKH], [MaNS], [ThoiGian]) VALUES (N'KH90 ', N'NS73 ', CAST(N'2010-05-02' AS Date))
GO
INSERT [dbo].[LichHen] ([MaKH], [MaNS], [ThoiGian]) VALUES (N'KH04 ', N'NS73 ', CAST(N'2010-06-16' AS Date))
GO
INSERT [dbo].[LichHen] ([MaKH], [MaNS], [ThoiGian]) VALUES (N'KH84 ', N'NS73 ', CAST(N'2015-11-10' AS Date))
GO
INSERT [dbo].[LichHen] ([MaKH], [MaNS], [ThoiGian]) VALUES (N'KH40 ', N'NS73 ', CAST(N'2018-06-19' AS Date))
GO
INSERT [dbo].[LichHen] ([MaKH], [MaNS], [ThoiGian]) VALUES (N'KH05 ', N'NS73 ', CAST(N'2019-11-10' AS Date))
GO
INSERT [dbo].[LichHen] ([MaKH], [MaNS], [ThoiGian]) VALUES (N'KH36 ', N'NS74 ', CAST(N'1959-09-30' AS Date))
GO
INSERT [dbo].[LichHen] ([MaKH], [MaNS], [ThoiGian]) VALUES (N'KH04 ', N'NS74 ', CAST(N'1973-05-22' AS Date))
GO
INSERT [dbo].[LichHen] ([MaKH], [MaNS], [ThoiGian]) VALUES (N'KH03 ', N'NS74 ', CAST(N'1980-12-08' AS Date))
GO
INSERT [dbo].[LichHen] ([MaKH], [MaNS], [ThoiGian]) VALUES (N'KH09 ', N'NS74 ', CAST(N'1984-07-06' AS Date))
GO
INSERT [dbo].[LichHen] ([MaKH], [MaNS], [ThoiGian]) VALUES (N'KH74 ', N'NS74 ', CAST(N'1989-12-04' AS Date))
GO
INSERT [dbo].[LichHen] ([MaKH], [MaNS], [ThoiGian]) VALUES (N'KH69 ', N'NS74 ', CAST(N'1998-08-13' AS Date))
GO
INSERT [dbo].[LichHen] ([MaKH], [MaNS], [ThoiGian]) VALUES (N'KH29 ', N'NS74 ', CAST(N'2011-12-04' AS Date))
GO
INSERT [dbo].[LichHen] ([MaKH], [MaNS], [ThoiGian]) VALUES (N'KH63 ', N'NS74 ', CAST(N'2013-09-28' AS Date))
GO
INSERT [dbo].[LichHen] ([MaKH], [MaNS], [ThoiGian]) VALUES (N'KH43 ', N'NS74 ', CAST(N'2017-12-31' AS Date))
GO
INSERT [dbo].[LichHen] ([MaKH], [MaNS], [ThoiGian]) VALUES (N'KH22 ', N'NS74 ', CAST(N'2020-12-13' AS Date))
GO
INSERT [dbo].[LichHen] ([MaKH], [MaNS], [ThoiGian]) VALUES (N'KH48 ', N'NS75 ', CAST(N'1957-03-03' AS Date))
GO
INSERT [dbo].[LichHen] ([MaKH], [MaNS], [ThoiGian]) VALUES (N'KH83 ', N'NS75 ', CAST(N'1959-08-01' AS Date))
GO
INSERT [dbo].[LichHen] ([MaKH], [MaNS], [ThoiGian]) VALUES (N'KH70 ', N'NS75 ', CAST(N'1960-08-16' AS Date))
GO
INSERT [dbo].[LichHen] ([MaKH], [MaNS], [ThoiGian]) VALUES (N'KH44 ', N'NS75 ', CAST(N'1977-05-18' AS Date))
GO
INSERT [dbo].[LichHen] ([MaKH], [MaNS], [ThoiGian]) VALUES (N'KH09 ', N'NS75 ', CAST(N'1984-02-27' AS Date))
GO
INSERT [dbo].[LichHen] ([MaKH], [MaNS], [ThoiGian]) VALUES (N'KH95 ', N'NS75 ', CAST(N'1984-04-06' AS Date))
GO
INSERT [dbo].[LichHen] ([MaKH], [MaNS], [ThoiGian]) VALUES (N'KH28 ', N'NS75 ', CAST(N'1985-05-28' AS Date))
GO
INSERT [dbo].[LichHen] ([MaKH], [MaNS], [ThoiGian]) VALUES (N'KH27 ', N'NS75 ', CAST(N'1987-06-21' AS Date))
GO
INSERT [dbo].[LichHen] ([MaKH], [MaNS], [ThoiGian]) VALUES (N'KH52 ', N'NS75 ', CAST(N'2018-11-11' AS Date))
GO
INSERT [dbo].[LichHen] ([MaKH], [MaNS], [ThoiGian]) VALUES (N'KH90 ', N'NS75 ', CAST(N'2021-01-25' AS Date))
GO
INSERT [dbo].[LichHen] ([MaKH], [MaNS], [ThoiGian]) VALUES (N'KH59 ', N'NS76 ', CAST(N'1956-12-01' AS Date))
GO
INSERT [dbo].[LichHen] ([MaKH], [MaNS], [ThoiGian]) VALUES (N'KH88 ', N'NS76 ', CAST(N'1963-05-25' AS Date))
GO
INSERT [dbo].[LichHen] ([MaKH], [MaNS], [ThoiGian]) VALUES (N'KH15 ', N'NS76 ', CAST(N'1973-05-18' AS Date))
GO
INSERT [dbo].[LichHen] ([MaKH], [MaNS], [ThoiGian]) VALUES (NULL, N'NS76 ', CAST(N'1984-10-15' AS Date))
GO
INSERT [dbo].[LichHen] ([MaKH], [MaNS], [ThoiGian]) VALUES (N'KH55 ', N'NS76 ', CAST(N'1989-11-09' AS Date))
GO
INSERT [dbo].[LichHen] ([MaKH], [MaNS], [ThoiGian]) VALUES (N'KH41 ', N'NS76 ', CAST(N'1995-10-20' AS Date))
GO
INSERT [dbo].[LichHen] ([MaKH], [MaNS], [ThoiGian]) VALUES (N'KH72 ', N'NS76 ', CAST(N'2000-12-14' AS Date))
GO
INSERT [dbo].[LichHen] ([MaKH], [MaNS], [ThoiGian]) VALUES (N'KH13 ', N'NS76 ', CAST(N'2002-10-26' AS Date))
GO
INSERT [dbo].[LichHen] ([MaKH], [MaNS], [ThoiGian]) VALUES (N'KH62 ', N'NS76 ', CAST(N'2010-07-17' AS Date))
GO
INSERT [dbo].[LichHen] ([MaKH], [MaNS], [ThoiGian]) VALUES (N'KH39 ', N'NS76 ', CAST(N'2018-08-12' AS Date))
GO
INSERT [dbo].[LichHen] ([MaKH], [MaNS], [ThoiGian]) VALUES (N'KH78 ', N'NS77 ', CAST(N'1953-12-05' AS Date))
GO
INSERT [dbo].[LichHen] ([MaKH], [MaNS], [ThoiGian]) VALUES (N'KH93 ', N'NS77 ', CAST(N'1955-01-02' AS Date))
GO
INSERT [dbo].[LichHen] ([MaKH], [MaNS], [ThoiGian]) VALUES (N'KH07 ', N'NS77 ', CAST(N'1969-11-27' AS Date))
GO
INSERT [dbo].[LichHen] ([MaKH], [MaNS], [ThoiGian]) VALUES (N'KH57 ', N'NS77 ', CAST(N'1976-01-11' AS Date))
GO
INSERT [dbo].[LichHen] ([MaKH], [MaNS], [ThoiGian]) VALUES (N'KH15 ', N'NS77 ', CAST(N'1999-01-17' AS Date))
GO
INSERT [dbo].[LichHen] ([MaKH], [MaNS], [ThoiGian]) VALUES (N'KH69 ', N'NS77 ', CAST(N'2004-05-28' AS Date))
GO
INSERT [dbo].[LichHen] ([MaKH], [MaNS], [ThoiGian]) VALUES (N'KH70 ', N'NS77 ', CAST(N'2005-01-29' AS Date))
GO
INSERT [dbo].[LichHen] ([MaKH], [MaNS], [ThoiGian]) VALUES (N'KH02 ', N'NS77 ', CAST(N'2012-11-18' AS Date))
GO
INSERT [dbo].[LichHen] ([MaKH], [MaNS], [ThoiGian]) VALUES (N'KH71 ', N'NS77 ', CAST(N'2014-08-25' AS Date))
GO
INSERT [dbo].[LichHen] ([MaKH], [MaNS], [ThoiGian]) VALUES (N'KH46 ', N'NS77 ', CAST(N'2021-09-10' AS Date))
GO
INSERT [dbo].[LichHen] ([MaKH], [MaNS], [ThoiGian]) VALUES (N'KH18 ', N'NS78 ', CAST(N'1964-07-31' AS Date))
GO
INSERT [dbo].[LichHen] ([MaKH], [MaNS], [ThoiGian]) VALUES (N'KH71 ', N'NS78 ', CAST(N'1979-01-17' AS Date))
GO
INSERT [dbo].[LichHen] ([MaKH], [MaNS], [ThoiGian]) VALUES (N'KH64 ', N'NS78 ', CAST(N'1985-05-18' AS Date))
GO
INSERT [dbo].[LichHen] ([MaKH], [MaNS], [ThoiGian]) VALUES (N'KH79 ', N'NS78 ', CAST(N'1987-07-26' AS Date))
GO
INSERT [dbo].[LichHen] ([MaKH], [MaNS], [ThoiGian]) VALUES (N'KH55 ', N'NS78 ', CAST(N'1995-04-06' AS Date))
GO
INSERT [dbo].[LichHen] ([MaKH], [MaNS], [ThoiGian]) VALUES (N'KH95 ', N'NS78 ', CAST(N'2000-04-13' AS Date))
GO
INSERT [dbo].[LichHen] ([MaKH], [MaNS], [ThoiGian]) VALUES (N'KH49 ', N'NS78 ', CAST(N'2002-12-11' AS Date))
GO
INSERT [dbo].[LichHen] ([MaKH], [MaNS], [ThoiGian]) VALUES (N'KH98 ', N'NS78 ', CAST(N'2005-03-22' AS Date))
GO
INSERT [dbo].[LichHen] ([MaKH], [MaNS], [ThoiGian]) VALUES (N'KH47 ', N'NS78 ', CAST(N'2005-06-11' AS Date))
GO
INSERT [dbo].[LichHen] ([MaKH], [MaNS], [ThoiGian]) VALUES (N'KH07 ', N'NS78 ', CAST(N'2016-11-11' AS Date))
GO
INSERT [dbo].[LichHen] ([MaKH], [MaNS], [ThoiGian]) VALUES (N'KH53 ', N'NS79 ', CAST(N'1980-05-20' AS Date))
GO
INSERT [dbo].[LichHen] ([MaKH], [MaNS], [ThoiGian]) VALUES (N'KH42 ', N'NS79 ', CAST(N'1983-12-14' AS Date))
GO
INSERT [dbo].[LichHen] ([MaKH], [MaNS], [ThoiGian]) VALUES (N'KH22 ', N'NS79 ', CAST(N'1985-04-29' AS Date))
GO
INSERT [dbo].[LichHen] ([MaKH], [MaNS], [ThoiGian]) VALUES (N'KH92 ', N'NS79 ', CAST(N'1990-04-18' AS Date))
GO
INSERT [dbo].[LichHen] ([MaKH], [MaNS], [ThoiGian]) VALUES (N'KH68 ', N'NS79 ', CAST(N'1990-11-23' AS Date))
GO
INSERT [dbo].[LichHen] ([MaKH], [MaNS], [ThoiGian]) VALUES (N'KH83 ', N'NS79 ', CAST(N'2001-10-24' AS Date))
GO
INSERT [dbo].[LichHen] ([MaKH], [MaNS], [ThoiGian]) VALUES (N'KH24 ', N'NS79 ', CAST(N'2003-02-08' AS Date))
GO
INSERT [dbo].[LichHen] ([MaKH], [MaNS], [ThoiGian]) VALUES (N'KH71 ', N'NS79 ', CAST(N'2005-02-19' AS Date))
GO
INSERT [dbo].[LichHen] ([MaKH], [MaNS], [ThoiGian]) VALUES (N'KH64 ', N'NS79 ', CAST(N'2005-10-20' AS Date))
GO
INSERT [dbo].[LichHen] ([MaKH], [MaNS], [ThoiGian]) VALUES (N'KH83 ', N'NS79 ', CAST(N'2017-01-02' AS Date))
GO
INSERT [dbo].[LichHen] ([MaKH], [MaNS], [ThoiGian]) VALUES (N'KH21 ', N'NS80 ', CAST(N'1955-07-23' AS Date))
GO
INSERT [dbo].[LichHen] ([MaKH], [MaNS], [ThoiGian]) VALUES (N'KH77 ', N'NS80 ', CAST(N'1956-10-04' AS Date))
GO
INSERT [dbo].[LichHen] ([MaKH], [MaNS], [ThoiGian]) VALUES (N'KH01 ', N'NS80 ', CAST(N'1956-11-17' AS Date))
GO
INSERT [dbo].[LichHen] ([MaKH], [MaNS], [ThoiGian]) VALUES (N'KH02 ', N'NS80 ', CAST(N'1960-03-26' AS Date))
GO
INSERT [dbo].[LichHen] ([MaKH], [MaNS], [ThoiGian]) VALUES (N'KH96 ', N'NS80 ', CAST(N'1960-07-21' AS Date))
GO
INSERT [dbo].[LichHen] ([MaKH], [MaNS], [ThoiGian]) VALUES (N'KH46 ', N'NS80 ', CAST(N'2003-10-11' AS Date))
GO
INSERT [dbo].[LichHen] ([MaKH], [MaNS], [ThoiGian]) VALUES (N'KH11 ', N'NS80 ', CAST(N'2004-02-24' AS Date))
GO
INSERT [dbo].[LichHen] ([MaKH], [MaNS], [ThoiGian]) VALUES (N'KH75 ', N'NS80 ', CAST(N'2012-07-18' AS Date))
GO
INSERT [dbo].[LichHen] ([MaKH], [MaNS], [ThoiGian]) VALUES (N'KH85 ', N'NS80 ', CAST(N'2020-10-07' AS Date))
GO
INSERT [dbo].[LichHen] ([MaKH], [MaNS], [ThoiGian]) VALUES (N'KH81 ', N'NS80 ', CAST(N'2021-01-26' AS Date))
GO
INSERT [dbo].[LichHen] ([MaKH], [MaNS], [ThoiGian]) VALUES (N'KH16 ', N'NS81 ', CAST(N'1955-05-04' AS Date))
GO
INSERT [dbo].[LichHen] ([MaKH], [MaNS], [ThoiGian]) VALUES (NULL, N'NS81 ', CAST(N'1960-05-09' AS Date))
GO
INSERT [dbo].[LichHen] ([MaKH], [MaNS], [ThoiGian]) VALUES (N'KH17 ', N'NS81 ', CAST(N'1962-11-05' AS Date))
GO
INSERT [dbo].[LichHen] ([MaKH], [MaNS], [ThoiGian]) VALUES (N'KH23 ', N'NS81 ', CAST(N'1967-07-18' AS Date))
GO
INSERT [dbo].[LichHen] ([MaKH], [MaNS], [ThoiGian]) VALUES (N'KH55 ', N'NS81 ', CAST(N'1970-12-07' AS Date))
GO
INSERT [dbo].[LichHen] ([MaKH], [MaNS], [ThoiGian]) VALUES (N'KH44 ', N'NS81 ', CAST(N'1979-04-17' AS Date))
GO
INSERT [dbo].[LichHen] ([MaKH], [MaNS], [ThoiGian]) VALUES (N'KH22 ', N'NS81 ', CAST(N'1979-09-21' AS Date))
GO
INSERT [dbo].[LichHen] ([MaKH], [MaNS], [ThoiGian]) VALUES (N'KH89 ', N'NS81 ', CAST(N'1996-01-15' AS Date))
GO
INSERT [dbo].[LichHen] ([MaKH], [MaNS], [ThoiGian]) VALUES (N'KH77 ', N'NS81 ', CAST(N'2013-07-11' AS Date))
GO
INSERT [dbo].[LichHen] ([MaKH], [MaNS], [ThoiGian]) VALUES (N'KH15 ', N'NS81 ', CAST(N'2017-11-21' AS Date))
GO
INSERT [dbo].[LichHen] ([MaKH], [MaNS], [ThoiGian]) VALUES (N'KH60 ', N'NS82 ', CAST(N'1970-07-31' AS Date))
GO
INSERT [dbo].[LichHen] ([MaKH], [MaNS], [ThoiGian]) VALUES (N'KH11 ', N'NS82 ', CAST(N'1972-03-08' AS Date))
GO
INSERT [dbo].[LichHen] ([MaKH], [MaNS], [ThoiGian]) VALUES (N'KH61 ', N'NS82 ', CAST(N'1976-10-23' AS Date))
GO
INSERT [dbo].[LichHen] ([MaKH], [MaNS], [ThoiGian]) VALUES (N'KH07 ', N'NS82 ', CAST(N'1976-11-07' AS Date))
GO
INSERT [dbo].[LichHen] ([MaKH], [MaNS], [ThoiGian]) VALUES (N'KH27 ', N'NS82 ', CAST(N'1979-12-13' AS Date))
GO
INSERT [dbo].[LichHen] ([MaKH], [MaNS], [ThoiGian]) VALUES (N'KH19 ', N'NS82 ', CAST(N'1989-11-13' AS Date))
GO
INSERT [dbo].[LichHen] ([MaKH], [MaNS], [ThoiGian]) VALUES (N'KH38 ', N'NS82 ', CAST(N'2012-09-17' AS Date))
GO
INSERT [dbo].[LichHen] ([MaKH], [MaNS], [ThoiGian]) VALUES (N'KH07 ', N'NS82 ', CAST(N'2013-01-03' AS Date))
GO
INSERT [dbo].[LichHen] ([MaKH], [MaNS], [ThoiGian]) VALUES (N'KH99 ', N'NS82 ', CAST(N'2015-09-22' AS Date))
GO
INSERT [dbo].[LichHen] ([MaKH], [MaNS], [ThoiGian]) VALUES (N'KH10 ', N'NS82 ', CAST(N'2019-09-07' AS Date))
GO
INSERT [dbo].[LichHen] ([MaKH], [MaNS], [ThoiGian]) VALUES (N'KH99 ', N'NS83 ', CAST(N'1956-05-31' AS Date))
GO
INSERT [dbo].[LichHen] ([MaKH], [MaNS], [ThoiGian]) VALUES (N'KH61 ', N'NS83 ', CAST(N'1957-05-01' AS Date))
GO
INSERT [dbo].[LichHen] ([MaKH], [MaNS], [ThoiGian]) VALUES (N'KH56 ', N'NS83 ', CAST(N'1958-01-17' AS Date))
GO
INSERT [dbo].[LichHen] ([MaKH], [MaNS], [ThoiGian]) VALUES (N'KH96 ', N'NS83 ', CAST(N'1974-08-22' AS Date))
GO
INSERT [dbo].[LichHen] ([MaKH], [MaNS], [ThoiGian]) VALUES (N'KH03 ', N'NS83 ', CAST(N'1981-02-14' AS Date))
GO
INSERT [dbo].[LichHen] ([MaKH], [MaNS], [ThoiGian]) VALUES (N'KH50 ', N'NS83 ', CAST(N'1981-07-09' AS Date))
GO
INSERT [dbo].[LichHen] ([MaKH], [MaNS], [ThoiGian]) VALUES (N'KH50 ', N'NS83 ', CAST(N'1994-01-31' AS Date))
GO
INSERT [dbo].[LichHen] ([MaKH], [MaNS], [ThoiGian]) VALUES (N'KH17 ', N'NS83 ', CAST(N'2000-09-21' AS Date))
GO
INSERT [dbo].[LichHen] ([MaKH], [MaNS], [ThoiGian]) VALUES (N'KH62 ', N'NS83 ', CAST(N'2016-01-22' AS Date))
GO
INSERT [dbo].[LichHen] ([MaKH], [MaNS], [ThoiGian]) VALUES (N'KH42 ', N'NS83 ', CAST(N'2019-02-01' AS Date))
GO
INSERT [dbo].[LichHen] ([MaKH], [MaNS], [ThoiGian]) VALUES (N'KH26 ', N'NS84 ', CAST(N'1955-08-29' AS Date))
GO
INSERT [dbo].[LichHen] ([MaKH], [MaNS], [ThoiGian]) VALUES (N'KH10 ', N'NS84 ', CAST(N'1956-10-07' AS Date))
GO
INSERT [dbo].[LichHen] ([MaKH], [MaNS], [ThoiGian]) VALUES (N'KH56 ', N'NS84 ', CAST(N'1964-09-27' AS Date))
GO
INSERT [dbo].[LichHen] ([MaKH], [MaNS], [ThoiGian]) VALUES (N'KH70 ', N'NS84 ', CAST(N'1977-05-26' AS Date))
GO
INSERT [dbo].[LichHen] ([MaKH], [MaNS], [ThoiGian]) VALUES (N'KH72 ', N'NS84 ', CAST(N'1978-09-17' AS Date))
GO
INSERT [dbo].[LichHen] ([MaKH], [MaNS], [ThoiGian]) VALUES (N'KH15 ', N'NS84 ', CAST(N'1987-09-04' AS Date))
GO
INSERT [dbo].[LichHen] ([MaKH], [MaNS], [ThoiGian]) VALUES (N'KH99 ', N'NS84 ', CAST(N'1995-04-25' AS Date))
GO
INSERT [dbo].[LichHen] ([MaKH], [MaNS], [ThoiGian]) VALUES (N'KH71 ', N'NS84 ', CAST(N'1998-04-30' AS Date))
GO
INSERT [dbo].[LichHen] ([MaKH], [MaNS], [ThoiGian]) VALUES (N'KH43 ', N'NS84 ', CAST(N'2008-07-13' AS Date))
GO
INSERT [dbo].[LichHen] ([MaKH], [MaNS], [ThoiGian]) VALUES (N'KH71 ', N'NS84 ', CAST(N'2020-12-28' AS Date))
GO
INSERT [dbo].[LichHen] ([MaKH], [MaNS], [ThoiGian]) VALUES (N'KH02 ', N'NS85 ', CAST(N'1960-08-26' AS Date))
GO
INSERT [dbo].[LichHen] ([MaKH], [MaNS], [ThoiGian]) VALUES (N'KH67 ', N'NS85 ', CAST(N'1971-08-20' AS Date))
GO
INSERT [dbo].[LichHen] ([MaKH], [MaNS], [ThoiGian]) VALUES (N'KH64 ', N'NS85 ', CAST(N'1986-03-25' AS Date))
GO
INSERT [dbo].[LichHen] ([MaKH], [MaNS], [ThoiGian]) VALUES (N'KH51 ', N'NS85 ', CAST(N'1991-06-28' AS Date))
GO
INSERT [dbo].[LichHen] ([MaKH], [MaNS], [ThoiGian]) VALUES (N'KH06 ', N'NS85 ', CAST(N'1996-11-21' AS Date))
GO
INSERT [dbo].[LichHen] ([MaKH], [MaNS], [ThoiGian]) VALUES (N'KH58 ', N'NS85 ', CAST(N'2000-10-20' AS Date))
GO
INSERT [dbo].[LichHen] ([MaKH], [MaNS], [ThoiGian]) VALUES (N'KH26 ', N'NS85 ', CAST(N'2012-10-29' AS Date))
GO
INSERT [dbo].[LichHen] ([MaKH], [MaNS], [ThoiGian]) VALUES (N'KH83 ', N'NS85 ', CAST(N'2017-02-12' AS Date))
GO
INSERT [dbo].[LichHen] ([MaKH], [MaNS], [ThoiGian]) VALUES (N'KH98 ', N'NS85 ', CAST(N'2018-08-11' AS Date))
GO
INSERT [dbo].[LichHen] ([MaKH], [MaNS], [ThoiGian]) VALUES (N'KH82 ', N'NS85 ', CAST(N'2018-10-17' AS Date))
GO
INSERT [dbo].[LichHen] ([MaKH], [MaNS], [ThoiGian]) VALUES (N'KH72 ', N'NS86 ', CAST(N'1954-03-27' AS Date))
GO
INSERT [dbo].[LichHen] ([MaKH], [MaNS], [ThoiGian]) VALUES (N'KH25 ', N'NS86 ', CAST(N'1967-09-04' AS Date))
GO
INSERT [dbo].[LichHen] ([MaKH], [MaNS], [ThoiGian]) VALUES (N'KH76 ', N'NS86 ', CAST(N'1975-04-12' AS Date))
GO
INSERT [dbo].[LichHen] ([MaKH], [MaNS], [ThoiGian]) VALUES (N'KH55 ', N'NS86 ', CAST(N'1976-04-12' AS Date))
GO
INSERT [dbo].[LichHen] ([MaKH], [MaNS], [ThoiGian]) VALUES (N'KH81 ', N'NS86 ', CAST(N'1977-12-02' AS Date))
GO
INSERT [dbo].[LichHen] ([MaKH], [MaNS], [ThoiGian]) VALUES (N'KH43 ', N'NS86 ', CAST(N'1981-07-20' AS Date))
GO
INSERT [dbo].[LichHen] ([MaKH], [MaNS], [ThoiGian]) VALUES (N'KH76 ', N'NS86 ', CAST(N'1986-07-31' AS Date))
GO
INSERT [dbo].[LichHen] ([MaKH], [MaNS], [ThoiGian]) VALUES (N'KH62 ', N'NS86 ', CAST(N'1993-12-17' AS Date))
GO
INSERT [dbo].[LichHen] ([MaKH], [MaNS], [ThoiGian]) VALUES (N'KH73 ', N'NS86 ', CAST(N'1998-06-04' AS Date))
GO
INSERT [dbo].[LichHen] ([MaKH], [MaNS], [ThoiGian]) VALUES (N'KH52 ', N'NS86 ', CAST(N'2012-08-31' AS Date))
GO
INSERT [dbo].[LichHen] ([MaKH], [MaNS], [ThoiGian]) VALUES (N'KH29 ', N'NS87 ', CAST(N'1955-11-02' AS Date))
GO
INSERT [dbo].[LichHen] ([MaKH], [MaNS], [ThoiGian]) VALUES (N'KH95 ', N'NS87 ', CAST(N'1971-02-03' AS Date))
GO
INSERT [dbo].[LichHen] ([MaKH], [MaNS], [ThoiGian]) VALUES (N'KH52 ', N'NS87 ', CAST(N'1980-05-22' AS Date))
GO
INSERT [dbo].[LichHen] ([MaKH], [MaNS], [ThoiGian]) VALUES (N'KH36 ', N'NS87 ', CAST(N'1985-03-15' AS Date))
GO
INSERT [dbo].[LichHen] ([MaKH], [MaNS], [ThoiGian]) VALUES (N'KH48 ', N'NS87 ', CAST(N'1992-11-15' AS Date))
GO
INSERT [dbo].[LichHen] ([MaKH], [MaNS], [ThoiGian]) VALUES (N'KH62 ', N'NS87 ', CAST(N'2001-01-13' AS Date))
GO
INSERT [dbo].[LichHen] ([MaKH], [MaNS], [ThoiGian]) VALUES (N'KH30 ', N'NS87 ', CAST(N'2006-11-03' AS Date))
GO
INSERT [dbo].[LichHen] ([MaKH], [MaNS], [ThoiGian]) VALUES (N'KH51 ', N'NS87 ', CAST(N'2012-03-12' AS Date))
GO
INSERT [dbo].[LichHen] ([MaKH], [MaNS], [ThoiGian]) VALUES (N'KH76 ', N'NS87 ', CAST(N'2014-03-27' AS Date))
GO
INSERT [dbo].[LichHen] ([MaKH], [MaNS], [ThoiGian]) VALUES (N'KH93 ', N'NS87 ', CAST(N'2016-03-11' AS Date))
GO
INSERT [dbo].[LichHen] ([MaKH], [MaNS], [ThoiGian]) VALUES (N'KH64 ', N'NS88 ', CAST(N'1956-06-13' AS Date))
GO
INSERT [dbo].[LichHen] ([MaKH], [MaNS], [ThoiGian]) VALUES (N'KH52 ', N'NS88 ', CAST(N'1961-03-14' AS Date))
GO
INSERT [dbo].[LichHen] ([MaKH], [MaNS], [ThoiGian]) VALUES (N'KH02 ', N'NS88 ', CAST(N'1964-12-14' AS Date))
GO
INSERT [dbo].[LichHen] ([MaKH], [MaNS], [ThoiGian]) VALUES (N'KH29 ', N'NS88 ', CAST(N'1965-02-08' AS Date))
GO
INSERT [dbo].[LichHen] ([MaKH], [MaNS], [ThoiGian]) VALUES (N'KH73 ', N'NS88 ', CAST(N'1977-10-02' AS Date))
GO
INSERT [dbo].[LichHen] ([MaKH], [MaNS], [ThoiGian]) VALUES (N'KH05 ', N'NS88 ', CAST(N'1983-08-14' AS Date))
GO
INSERT [dbo].[LichHen] ([MaKH], [MaNS], [ThoiGian]) VALUES (N'KH42 ', N'NS88 ', CAST(N'2005-03-01' AS Date))
GO
INSERT [dbo].[LichHen] ([MaKH], [MaNS], [ThoiGian]) VALUES (N'KH38 ', N'NS88 ', CAST(N'2007-07-06' AS Date))
GO
INSERT [dbo].[LichHen] ([MaKH], [MaNS], [ThoiGian]) VALUES (N'KH28 ', N'NS88 ', CAST(N'2020-11-10' AS Date))
GO
INSERT [dbo].[LichHen] ([MaKH], [MaNS], [ThoiGian]) VALUES (N'KH01 ', N'NS88 ', CAST(N'2021-10-02' AS Date))
GO
INSERT [dbo].[LichHen] ([MaKH], [MaNS], [ThoiGian]) VALUES (N'KH12 ', N'NS89 ', CAST(N'1955-01-29' AS Date))
GO
INSERT [dbo].[LichHen] ([MaKH], [MaNS], [ThoiGian]) VALUES (N'KH49 ', N'NS89 ', CAST(N'1955-02-22' AS Date))
GO
INSERT [dbo].[LichHen] ([MaKH], [MaNS], [ThoiGian]) VALUES (N'KH22 ', N'NS89 ', CAST(N'1961-07-14' AS Date))
GO
INSERT [dbo].[LichHen] ([MaKH], [MaNS], [ThoiGian]) VALUES (N'KH40 ', N'NS89 ', CAST(N'1988-01-08' AS Date))
GO
INSERT [dbo].[LichHen] ([MaKH], [MaNS], [ThoiGian]) VALUES (N'KH03 ', N'NS89 ', CAST(N'1988-12-07' AS Date))
GO
INSERT [dbo].[LichHen] ([MaKH], [MaNS], [ThoiGian]) VALUES (N'KH34 ', N'NS89 ', CAST(N'1993-04-21' AS Date))
GO
INSERT [dbo].[LichHen] ([MaKH], [MaNS], [ThoiGian]) VALUES (N'KH64 ', N'NS89 ', CAST(N'1998-02-19' AS Date))
GO
INSERT [dbo].[LichHen] ([MaKH], [MaNS], [ThoiGian]) VALUES (N'KH18 ', N'NS89 ', CAST(N'2010-08-06' AS Date))
GO
INSERT [dbo].[LichHen] ([MaKH], [MaNS], [ThoiGian]) VALUES (N'KH65 ', N'NS89 ', CAST(N'2010-12-10' AS Date))
GO
INSERT [dbo].[LichHen] ([MaKH], [MaNS], [ThoiGian]) VALUES (N'KH36 ', N'NS89 ', CAST(N'2019-06-30' AS Date))
GO
INSERT [dbo].[LichHen] ([MaKH], [MaNS], [ThoiGian]) VALUES (NULL, N'NS90 ', CAST(N'1956-05-20' AS Date))
GO
INSERT [dbo].[LichHen] ([MaKH], [MaNS], [ThoiGian]) VALUES (N'KH30 ', N'NS90 ', CAST(N'1960-05-03' AS Date))
GO
INSERT [dbo].[LichHen] ([MaKH], [MaNS], [ThoiGian]) VALUES (N'KH04 ', N'NS90 ', CAST(N'1970-10-02' AS Date))
GO
INSERT [dbo].[LichHen] ([MaKH], [MaNS], [ThoiGian]) VALUES (N'KH11 ', N'NS90 ', CAST(N'1971-10-13' AS Date))
GO
INSERT [dbo].[LichHen] ([MaKH], [MaNS], [ThoiGian]) VALUES (N'KH63 ', N'NS90 ', CAST(N'1992-10-04' AS Date))
GO
INSERT [dbo].[LichHen] ([MaKH], [MaNS], [ThoiGian]) VALUES (N'KH19 ', N'NS90 ', CAST(N'1996-05-07' AS Date))
GO
INSERT [dbo].[LichHen] ([MaKH], [MaNS], [ThoiGian]) VALUES (N'KH11 ', N'NS90 ', CAST(N'2004-05-18' AS Date))
GO
INSERT [dbo].[LichHen] ([MaKH], [MaNS], [ThoiGian]) VALUES (N'KH48 ', N'NS90 ', CAST(N'2011-09-11' AS Date))
GO
INSERT [dbo].[LichHen] ([MaKH], [MaNS], [ThoiGian]) VALUES (N'KH96 ', N'NS90 ', CAST(N'2012-04-06' AS Date))
GO
INSERT [dbo].[LichHen] ([MaKH], [MaNS], [ThoiGian]) VALUES (N'KH49 ', N'NS90 ', CAST(N'2021-01-08' AS Date))
GO
INSERT [dbo].[LichHen] ([MaKH], [MaNS], [ThoiGian]) VALUES (N'KH12 ', N'NS91 ', CAST(N'1953-07-03' AS Date))
GO
INSERT [dbo].[LichHen] ([MaKH], [MaNS], [ThoiGian]) VALUES (N'KH53 ', N'NS91 ', CAST(N'1965-03-18' AS Date))
GO
INSERT [dbo].[LichHen] ([MaKH], [MaNS], [ThoiGian]) VALUES (N'KH18 ', N'NS91 ', CAST(N'1967-09-05' AS Date))
GO
INSERT [dbo].[LichHen] ([MaKH], [MaNS], [ThoiGian]) VALUES (N'KH01 ', N'NS91 ', CAST(N'1977-10-09' AS Date))
GO
INSERT [dbo].[LichHen] ([MaKH], [MaNS], [ThoiGian]) VALUES (N'KH65 ', N'NS91 ', CAST(N'1982-07-24' AS Date))
GO
INSERT [dbo].[LichHen] ([MaKH], [MaNS], [ThoiGian]) VALUES (N'KH46 ', N'NS91 ', CAST(N'1984-08-09' AS Date))
GO
INSERT [dbo].[LichHen] ([MaKH], [MaNS], [ThoiGian]) VALUES (N'KH74 ', N'NS91 ', CAST(N'1992-09-20' AS Date))
GO
INSERT [dbo].[LichHen] ([MaKH], [MaNS], [ThoiGian]) VALUES (N'KH02 ', N'NS91 ', CAST(N'2004-01-01' AS Date))
GO
INSERT [dbo].[LichHen] ([MaKH], [MaNS], [ThoiGian]) VALUES (N'KH60 ', N'NS91 ', CAST(N'2020-07-27' AS Date))
GO
INSERT [dbo].[LichHen] ([MaKH], [MaNS], [ThoiGian]) VALUES (N'KH32 ', N'NS91 ', CAST(N'2022-04-15' AS Date))
GO
INSERT [dbo].[LichHen] ([MaKH], [MaNS], [ThoiGian]) VALUES (N'KH86 ', N'NS92 ', CAST(N'1953-04-24' AS Date))
GO
INSERT [dbo].[LichHen] ([MaKH], [MaNS], [ThoiGian]) VALUES (N'KH37 ', N'NS92 ', CAST(N'1954-03-02' AS Date))
GO
INSERT [dbo].[LichHen] ([MaKH], [MaNS], [ThoiGian]) VALUES (N'KH53 ', N'NS92 ', CAST(N'1955-08-02' AS Date))
GO
INSERT [dbo].[LichHen] ([MaKH], [MaNS], [ThoiGian]) VALUES (N'KH09 ', N'NS92 ', CAST(N'1962-06-01' AS Date))
GO
INSERT [dbo].[LichHen] ([MaKH], [MaNS], [ThoiGian]) VALUES (N'KH88 ', N'NS92 ', CAST(N'1967-06-19' AS Date))
GO
INSERT [dbo].[LichHen] ([MaKH], [MaNS], [ThoiGian]) VALUES (N'KH71 ', N'NS92 ', CAST(N'1969-12-15' AS Date))
GO
INSERT [dbo].[LichHen] ([MaKH], [MaNS], [ThoiGian]) VALUES (N'KH90 ', N'NS92 ', CAST(N'1976-01-04' AS Date))
GO
INSERT [dbo].[LichHen] ([MaKH], [MaNS], [ThoiGian]) VALUES (N'KH77 ', N'NS92 ', CAST(N'1983-10-04' AS Date))
GO
INSERT [dbo].[LichHen] ([MaKH], [MaNS], [ThoiGian]) VALUES (NULL, N'NS92 ', CAST(N'1996-01-17' AS Date))
GO
INSERT [dbo].[LichHen] ([MaKH], [MaNS], [ThoiGian]) VALUES (NULL, N'NS92 ', CAST(N'1999-10-26' AS Date))
GO
INSERT [dbo].[LichHen] ([MaKH], [MaNS], [ThoiGian]) VALUES (N'KH21 ', N'NS93 ', CAST(N'1957-03-13' AS Date))
GO
INSERT [dbo].[LichHen] ([MaKH], [MaNS], [ThoiGian]) VALUES (N'KH78 ', N'NS93 ', CAST(N'1962-05-22' AS Date))
GO
INSERT [dbo].[LichHen] ([MaKH], [MaNS], [ThoiGian]) VALUES (N'KH53 ', N'NS93 ', CAST(N'1968-04-03' AS Date))
GO
INSERT [dbo].[LichHen] ([MaKH], [MaNS], [ThoiGian]) VALUES (N'KH42 ', N'NS93 ', CAST(N'1982-02-08' AS Date))
GO
INSERT [dbo].[LichHen] ([MaKH], [MaNS], [ThoiGian]) VALUES (N'KH40 ', N'NS93 ', CAST(N'1987-07-13' AS Date))
GO
INSERT [dbo].[LichHen] ([MaKH], [MaNS], [ThoiGian]) VALUES (N'KH24 ', N'NS93 ', CAST(N'1998-07-01' AS Date))
GO
INSERT [dbo].[LichHen] ([MaKH], [MaNS], [ThoiGian]) VALUES (N'KH73 ', N'NS93 ', CAST(N'2011-05-10' AS Date))
GO
INSERT [dbo].[LichHen] ([MaKH], [MaNS], [ThoiGian]) VALUES (N'KH01 ', N'NS93 ', CAST(N'2012-04-14' AS Date))
GO
INSERT [dbo].[LichHen] ([MaKH], [MaNS], [ThoiGian]) VALUES (N'KH49 ', N'NS93 ', CAST(N'2014-02-13' AS Date))
GO
INSERT [dbo].[LichHen] ([MaKH], [MaNS], [ThoiGian]) VALUES (NULL, N'NS93 ', CAST(N'2020-05-25' AS Date))
GO
INSERT [dbo].[LichHen] ([MaKH], [MaNS], [ThoiGian]) VALUES (N'KH56 ', N'NS94 ', CAST(N'1954-10-21' AS Date))
GO
INSERT [dbo].[LichHen] ([MaKH], [MaNS], [ThoiGian]) VALUES (N'KH86 ', N'NS94 ', CAST(N'1960-04-26' AS Date))
GO
INSERT [dbo].[LichHen] ([MaKH], [MaNS], [ThoiGian]) VALUES (N'KH40 ', N'NS94 ', CAST(N'1964-09-09' AS Date))
GO
INSERT [dbo].[LichHen] ([MaKH], [MaNS], [ThoiGian]) VALUES (N'KH77 ', N'NS94 ', CAST(N'1970-02-04' AS Date))
GO
INSERT [dbo].[LichHen] ([MaKH], [MaNS], [ThoiGian]) VALUES (N'KH26 ', N'NS94 ', CAST(N'1970-11-23' AS Date))
GO
INSERT [dbo].[LichHen] ([MaKH], [MaNS], [ThoiGian]) VALUES (N'KH12 ', N'NS94 ', CAST(N'1978-01-22' AS Date))
GO
INSERT [dbo].[LichHen] ([MaKH], [MaNS], [ThoiGian]) VALUES (N'KH65 ', N'NS94 ', CAST(N'1981-11-23' AS Date))
GO
INSERT [dbo].[LichHen] ([MaKH], [MaNS], [ThoiGian]) VALUES (N'KH41 ', N'NS94 ', CAST(N'1981-12-17' AS Date))
GO
INSERT [dbo].[LichHen] ([MaKH], [MaNS], [ThoiGian]) VALUES (N'KH72 ', N'NS94 ', CAST(N'1994-02-08' AS Date))
GO
INSERT [dbo].[LichHen] ([MaKH], [MaNS], [ThoiGian]) VALUES (N'KH89 ', N'NS94 ', CAST(N'1997-12-24' AS Date))
GO
INSERT [dbo].[LichHen] ([MaKH], [MaNS], [ThoiGian]) VALUES (N'KH45 ', N'NS95 ', CAST(N'1957-01-21' AS Date))
GO
INSERT [dbo].[LichHen] ([MaKH], [MaNS], [ThoiGian]) VALUES (N'KH64 ', N'NS95 ', CAST(N'1964-07-30' AS Date))
GO
INSERT [dbo].[LichHen] ([MaKH], [MaNS], [ThoiGian]) VALUES (N'KH18 ', N'NS95 ', CAST(N'1969-03-02' AS Date))
GO
INSERT [dbo].[LichHen] ([MaKH], [MaNS], [ThoiGian]) VALUES (N'KH90 ', N'NS95 ', CAST(N'1971-01-13' AS Date))
GO
INSERT [dbo].[LichHen] ([MaKH], [MaNS], [ThoiGian]) VALUES (N'KH77 ', N'NS95 ', CAST(N'1974-10-01' AS Date))
GO
INSERT [dbo].[LichHen] ([MaKH], [MaNS], [ThoiGian]) VALUES (N'KH39 ', N'NS95 ', CAST(N'2000-03-17' AS Date))
GO
INSERT [dbo].[LichHen] ([MaKH], [MaNS], [ThoiGian]) VALUES (N'KH16 ', N'NS95 ', CAST(N'2000-11-13' AS Date))
GO
INSERT [dbo].[LichHen] ([MaKH], [MaNS], [ThoiGian]) VALUES (N'KH36 ', N'NS95 ', CAST(N'2004-07-29' AS Date))
GO
INSERT [dbo].[LichHen] ([MaKH], [MaNS], [ThoiGian]) VALUES (N'KH33 ', N'NS95 ', CAST(N'2012-10-05' AS Date))
GO
INSERT [dbo].[LichHen] ([MaKH], [MaNS], [ThoiGian]) VALUES (N'KH51 ', N'NS95 ', CAST(N'2020-04-29' AS Date))
GO
INSERT [dbo].[LichHen] ([MaKH], [MaNS], [ThoiGian]) VALUES (N'KH25 ', N'NS96 ', CAST(N'1965-06-02' AS Date))
GO
INSERT [dbo].[LichHen] ([MaKH], [MaNS], [ThoiGian]) VALUES (N'KH54 ', N'NS96 ', CAST(N'1971-07-25' AS Date))
GO
INSERT [dbo].[LichHen] ([MaKH], [MaNS], [ThoiGian]) VALUES (N'KH34 ', N'NS96 ', CAST(N'1984-05-29' AS Date))
GO
INSERT [dbo].[LichHen] ([MaKH], [MaNS], [ThoiGian]) VALUES (N'KH58 ', N'NS96 ', CAST(N'1988-03-03' AS Date))
GO
INSERT [dbo].[LichHen] ([MaKH], [MaNS], [ThoiGian]) VALUES (NULL, N'NS96 ', CAST(N'1989-09-03' AS Date))
GO
INSERT [dbo].[LichHen] ([MaKH], [MaNS], [ThoiGian]) VALUES (N'KH20 ', N'NS96 ', CAST(N'1991-01-18' AS Date))
GO
INSERT [dbo].[LichHen] ([MaKH], [MaNS], [ThoiGian]) VALUES (N'KH24 ', N'NS96 ', CAST(N'1996-02-22' AS Date))
GO
INSERT [dbo].[LichHen] ([MaKH], [MaNS], [ThoiGian]) VALUES (N'KH79 ', N'NS96 ', CAST(N'1998-05-20' AS Date))
GO
INSERT [dbo].[LichHen] ([MaKH], [MaNS], [ThoiGian]) VALUES (N'KH86 ', N'NS96 ', CAST(N'2005-06-30' AS Date))
GO
INSERT [dbo].[LichHen] ([MaKH], [MaNS], [ThoiGian]) VALUES (N'KH20 ', N'NS96 ', CAST(N'2012-10-23' AS Date))
GO
INSERT [dbo].[LichHen] ([MaKH], [MaNS], [ThoiGian]) VALUES (N'KH15 ', N'NS97 ', CAST(N'1961-06-16' AS Date))
GO
INSERT [dbo].[LichHen] ([MaKH], [MaNS], [ThoiGian]) VALUES (N'KH53 ', N'NS97 ', CAST(N'1970-07-25' AS Date))
GO
INSERT [dbo].[LichHen] ([MaKH], [MaNS], [ThoiGian]) VALUES (N'KH91 ', N'NS97 ', CAST(N'1992-10-29' AS Date))
GO
INSERT [dbo].[LichHen] ([MaKH], [MaNS], [ThoiGian]) VALUES (N'KH79 ', N'NS97 ', CAST(N'1996-07-05' AS Date))
GO
INSERT [dbo].[LichHen] ([MaKH], [MaNS], [ThoiGian]) VALUES (N'KH10 ', N'NS97 ', CAST(N'1997-06-30' AS Date))
GO
INSERT [dbo].[LichHen] ([MaKH], [MaNS], [ThoiGian]) VALUES (N'KH06 ', N'NS97 ', CAST(N'2012-12-21' AS Date))
GO
INSERT [dbo].[LichHen] ([MaKH], [MaNS], [ThoiGian]) VALUES (N'KH05 ', N'NS97 ', CAST(N'2014-01-18' AS Date))
GO
INSERT [dbo].[LichHen] ([MaKH], [MaNS], [ThoiGian]) VALUES (N'KH26 ', N'NS97 ', CAST(N'2014-04-08' AS Date))
GO
INSERT [dbo].[LichHen] ([MaKH], [MaNS], [ThoiGian]) VALUES (N'KH28 ', N'NS97 ', CAST(N'2017-08-06' AS Date))
GO
INSERT [dbo].[LichHen] ([MaKH], [MaNS], [ThoiGian]) VALUES (N'KH99 ', N'NS97 ', CAST(N'2021-03-29' AS Date))
GO
INSERT [dbo].[LichHen] ([MaKH], [MaNS], [ThoiGian]) VALUES (N'KH55 ', N'NS98 ', CAST(N'1961-10-02' AS Date))
GO
INSERT [dbo].[LichHen] ([MaKH], [MaNS], [ThoiGian]) VALUES (N'KH71 ', N'NS98 ', CAST(N'1966-11-26' AS Date))
GO
INSERT [dbo].[LichHen] ([MaKH], [MaNS], [ThoiGian]) VALUES (N'KH86 ', N'NS98 ', CAST(N'1973-10-10' AS Date))
GO
INSERT [dbo].[LichHen] ([MaKH], [MaNS], [ThoiGian]) VALUES (N'KH08 ', N'NS98 ', CAST(N'1976-04-06' AS Date))
GO
INSERT [dbo].[LichHen] ([MaKH], [MaNS], [ThoiGian]) VALUES (N'KH97 ', N'NS98 ', CAST(N'1990-04-20' AS Date))
GO
INSERT [dbo].[LichHen] ([MaKH], [MaNS], [ThoiGian]) VALUES (N'KH77 ', N'NS98 ', CAST(N'2001-05-31' AS Date))
GO
INSERT [dbo].[LichHen] ([MaKH], [MaNS], [ThoiGian]) VALUES (N'KH57 ', N'NS98 ', CAST(N'2007-10-13' AS Date))
GO
INSERT [dbo].[LichHen] ([MaKH], [MaNS], [ThoiGian]) VALUES (N'KH69 ', N'NS98 ', CAST(N'2016-12-29' AS Date))
GO
INSERT [dbo].[LichHen] ([MaKH], [MaNS], [ThoiGian]) VALUES (N'KH05 ', N'NS98 ', CAST(N'2017-01-18' AS Date))
GO
INSERT [dbo].[LichHen] ([MaKH], [MaNS], [ThoiGian]) VALUES (N'KH20 ', N'NS98 ', CAST(N'2018-11-10' AS Date))
GO
INSERT [dbo].[LichHen] ([MaKH], [MaNS], [ThoiGian]) VALUES (N'KH76 ', N'NS99 ', CAST(N'1958-04-03' AS Date))
GO
INSERT [dbo].[LichHen] ([MaKH], [MaNS], [ThoiGian]) VALUES (N'KH10 ', N'NS99 ', CAST(N'1974-08-03' AS Date))
GO
INSERT [dbo].[LichHen] ([MaKH], [MaNS], [ThoiGian]) VALUES (N'KH19 ', N'NS99 ', CAST(N'1998-07-20' AS Date))
GO
INSERT [dbo].[LichHen] ([MaKH], [MaNS], [ThoiGian]) VALUES (N'KH90 ', N'NS99 ', CAST(N'2003-01-02' AS Date))
GO
INSERT [dbo].[LichHen] ([MaKH], [MaNS], [ThoiGian]) VALUES (N'KH69 ', N'NS99 ', CAST(N'2004-05-10' AS Date))
GO
INSERT [dbo].[LichHen] ([MaKH], [MaNS], [ThoiGian]) VALUES (N'KH33 ', N'NS99 ', CAST(N'2004-09-03' AS Date))
GO
INSERT [dbo].[LichHen] ([MaKH], [MaNS], [ThoiGian]) VALUES (N'KH32 ', N'NS99 ', CAST(N'2011-09-02' AS Date))
GO
INSERT [dbo].[LichHen] ([MaKH], [MaNS], [ThoiGian]) VALUES (N'KH77 ', N'NS99 ', CAST(N'2015-03-10' AS Date))
GO
INSERT [dbo].[LichHen] ([MaKH], [MaNS], [ThoiGian]) VALUES (N'KH67 ', N'NS99 ', CAST(N'2017-12-09' AS Date))
GO
INSERT [dbo].[LichHen] ([MaKH], [MaNS], [ThoiGian]) VALUES (N'KH03 ', N'NS99 ', CAST(N'2018-11-01' AS Date))
GO
INSERT [dbo].[HoSoKham] ([MaHS], [NgayKham], [NguoiKham], [BenhNhan]) VALUES (N'HS00 ', CAST(N'2009-02-03' AS Date), N'NS46 ', N'KH46 ')
GO
INSERT [dbo].[HoSoKham] ([MaHS], [NgayKham], [NguoiKham], [BenhNhan]) VALUES (N'HS01 ', CAST(N'1971-05-28' AS Date), N'NS89 ', N'KH89 ')
GO
INSERT [dbo].[HoSoKham] ([MaHS], [NgayKham], [NguoiKham], [BenhNhan]) VALUES (N'HS02 ', CAST(N'1994-06-21' AS Date), N'NS73 ', N'KH73 ')
GO
INSERT [dbo].[HoSoKham] ([MaHS], [NgayKham], [NguoiKham], [BenhNhan]) VALUES (N'HS03 ', CAST(N'2021-05-23' AS Date), N'NS80 ', N'KH80 ')
GO
INSERT [dbo].[HoSoKham] ([MaHS], [NgayKham], [NguoiKham], [BenhNhan]) VALUES (N'HS04 ', CAST(N'2022-08-11' AS Date), N'NS55 ', N'KH55 ')
GO
INSERT [dbo].[HoSoKham] ([MaHS], [NgayKham], [NguoiKham], [BenhNhan]) VALUES (N'HS05 ', CAST(N'1992-05-18' AS Date), N'NS10 ', N'KH10 ')
GO
INSERT [dbo].[HoSoKham] ([MaHS], [NgayKham], [NguoiKham], [BenhNhan]) VALUES (N'HS06 ', CAST(N'2011-12-18' AS Date), N'NS71 ', N'KH71 ')
GO
INSERT [dbo].[HoSoKham] ([MaHS], [NgayKham], [NguoiKham], [BenhNhan]) VALUES (N'HS07 ', CAST(N'2007-01-17' AS Date), N'NS90 ', N'KH90 ')
GO
INSERT [dbo].[HoSoKham] ([MaHS], [NgayKham], [NguoiKham], [BenhNhan]) VALUES (N'HS08 ', CAST(N'1986-02-11' AS Date), N'NS99 ', N'KH99 ')
GO
INSERT [dbo].[HoSoKham] ([MaHS], [NgayKham], [NguoiKham], [BenhNhan]) VALUES (N'HS09 ', CAST(N'1977-11-21' AS Date), N'NS61 ', N'KH61 ')
GO
INSERT [dbo].[HoSoKham] ([MaHS], [NgayKham], [NguoiKham], [BenhNhan]) VALUES (N'HS10 ', CAST(N'1975-04-09' AS Date), N'NS71 ', N'KH71 ')
GO
INSERT [dbo].[HoSoKham] ([MaHS], [NgayKham], [NguoiKham], [BenhNhan]) VALUES (N'HS11 ', CAST(N'1981-07-31' AS Date), N'NS87 ', N'KH87 ')
GO
INSERT [dbo].[HoSoKham] ([MaHS], [NgayKham], [NguoiKham], [BenhNhan]) VALUES (N'HS12 ', CAST(N'1955-07-19' AS Date), N'NS92 ', N'KH92 ')
GO
INSERT [dbo].[HoSoKham] ([MaHS], [NgayKham], [NguoiKham], [BenhNhan]) VALUES (N'HS13 ', CAST(N'1982-12-26' AS Date), N'NS21 ', N'KH21 ')
GO
INSERT [dbo].[HoSoKham] ([MaHS], [NgayKham], [NguoiKham], [BenhNhan]) VALUES (N'HS14 ', CAST(N'1965-04-20' AS Date), N'NS81 ', N'KH81 ')
GO
INSERT [dbo].[HoSoKham] ([MaHS], [NgayKham], [NguoiKham], [BenhNhan]) VALUES (N'HS15 ', CAST(N'1955-04-01' AS Date), N'NS55 ', N'KH55 ')
GO
INSERT [dbo].[HoSoKham] ([MaHS], [NgayKham], [NguoiKham], [BenhNhan]) VALUES (N'HS16 ', CAST(N'2021-03-12' AS Date), N'NS46 ', N'KH46 ')
GO
INSERT [dbo].[HoSoKham] ([MaHS], [NgayKham], [NguoiKham], [BenhNhan]) VALUES (N'HS17 ', CAST(N'1985-08-02' AS Date), N'NS95 ', N'KH95 ')
GO
INSERT [dbo].[HoSoKham] ([MaHS], [NgayKham], [NguoiKham], [BenhNhan]) VALUES (N'HS18 ', CAST(N'1970-06-11' AS Date), N'NS21 ', N'KH21 ')
GO
INSERT [dbo].[HoSoKham] ([MaHS], [NgayKham], [NguoiKham], [BenhNhan]) VALUES (N'HS19 ', CAST(N'1997-01-04' AS Date), N'NS97 ', N'KH97 ')
GO
INSERT [dbo].[HoSoKham] ([MaHS], [NgayKham], [NguoiKham], [BenhNhan]) VALUES (N'HS20 ', CAST(N'1988-07-04' AS Date), N'NS21 ', N'KH21 ')
GO
INSERT [dbo].[HoSoKham] ([MaHS], [NgayKham], [NguoiKham], [BenhNhan]) VALUES (N'HS21 ', CAST(N'2012-09-10' AS Date), N'NS84 ', N'KH84 ')
GO
INSERT [dbo].[HoSoKham] ([MaHS], [NgayKham], [NguoiKham], [BenhNhan]) VALUES (N'HS22 ', CAST(N'2001-10-26' AS Date), N'NS27 ', N'KH27 ')
GO
INSERT [dbo].[HoSoKham] ([MaHS], [NgayKham], [NguoiKham], [BenhNhan]) VALUES (N'HS23 ', CAST(N'1979-10-24' AS Date), N'NS99 ', N'KH99 ')
GO
INSERT [dbo].[HoSoKham] ([MaHS], [NgayKham], [NguoiKham], [BenhNhan]) VALUES (N'HS24 ', CAST(N'2012-02-17' AS Date), N'NS31 ', N'KH31 ')
GO
INSERT [dbo].[HoSoKham] ([MaHS], [NgayKham], [NguoiKham], [BenhNhan]) VALUES (N'HS25 ', CAST(N'2020-01-12' AS Date), N'NS81 ', N'KH81 ')
GO
INSERT [dbo].[HoSoKham] ([MaHS], [NgayKham], [NguoiKham], [BenhNhan]) VALUES (N'HS26 ', CAST(N'1960-09-05' AS Date), N'NS71 ', N'KH71 ')
GO
INSERT [dbo].[HoSoKham] ([MaHS], [NgayKham], [NguoiKham], [BenhNhan]) VALUES (N'HS27 ', CAST(N'1968-05-23' AS Date), N'NS52 ', N'KH52 ')
GO
INSERT [dbo].[HoSoKham] ([MaHS], [NgayKham], [NguoiKham], [BenhNhan]) VALUES (N'HS28 ', CAST(N'2006-02-03' AS Date), N'NS60 ', N'KH60 ')
GO
INSERT [dbo].[HoSoKham] ([MaHS], [NgayKham], [NguoiKham], [BenhNhan]) VALUES (N'HS29 ', CAST(N'1965-06-20' AS Date), N'NS38 ', N'KH38 ')
GO
INSERT [dbo].[HoSoKham] ([MaHS], [NgayKham], [NguoiKham], [BenhNhan]) VALUES (N'HS30 ', CAST(N'1974-01-09' AS Date), N'NS27 ', N'KH27 ')
GO
INSERT [dbo].[HoSoKham] ([MaHS], [NgayKham], [NguoiKham], [BenhNhan]) VALUES (N'HS31 ', CAST(N'1967-04-12' AS Date), N'NS90 ', N'KH90 ')
GO
INSERT [dbo].[HoSoKham] ([MaHS], [NgayKham], [NguoiKham], [BenhNhan]) VALUES (N'HS32 ', CAST(N'1965-10-30' AS Date), N'NS99 ', N'KH99 ')
GO
INSERT [dbo].[HoSoKham] ([MaHS], [NgayKham], [NguoiKham], [BenhNhan]) VALUES (N'HS33 ', CAST(N'2000-02-28' AS Date), N'NS76 ', N'KH76 ')
GO
INSERT [dbo].[HoSoKham] ([MaHS], [NgayKham], [NguoiKham], [BenhNhan]) VALUES (N'HS34 ', CAST(N'2013-04-25' AS Date), N'NS10 ', N'KH10 ')
GO
INSERT [dbo].[HoSoKham] ([MaHS], [NgayKham], [NguoiKham], [BenhNhan]) VALUES (N'HS35 ', CAST(N'1977-03-28' AS Date), N'NS65 ', N'KH65 ')
GO
INSERT [dbo].[HoSoKham] ([MaHS], [NgayKham], [NguoiKham], [BenhNhan]) VALUES (N'HS36 ', CAST(N'1988-12-15' AS Date), N'NS48 ', N'KH48 ')
GO
INSERT [dbo].[HoSoKham] ([MaHS], [NgayKham], [NguoiKham], [BenhNhan]) VALUES (N'HS37 ', CAST(N'2002-09-10' AS Date), N'NS95 ', N'KH95 ')
GO
INSERT [dbo].[HoSoKham] ([MaHS], [NgayKham], [NguoiKham], [BenhNhan]) VALUES (N'HS38 ', CAST(N'1978-01-29' AS Date), N'NS48 ', N'KH48 ')
GO
INSERT [dbo].[HoSoKham] ([MaHS], [NgayKham], [NguoiKham], [BenhNhan]) VALUES (N'HS39 ', CAST(N'1959-09-06' AS Date), N'NS84 ', N'KH84 ')
GO
INSERT [dbo].[HoSoKham] ([MaHS], [NgayKham], [NguoiKham], [BenhNhan]) VALUES (N'HS40 ', CAST(N'1967-09-18' AS Date), N'NS28 ', N'KH28 ')
GO
INSERT [dbo].[HoSoKham] ([MaHS], [NgayKham], [NguoiKham], [BenhNhan]) VALUES (N'HS41 ', CAST(N'1982-12-15' AS Date), N'NS23 ', N'KH23 ')
GO
INSERT [dbo].[HoSoKham] ([MaHS], [NgayKham], [NguoiKham], [BenhNhan]) VALUES (N'HS42 ', CAST(N'1975-06-28' AS Date), N'NS69 ', N'KH69 ')
GO
INSERT [dbo].[HoSoKham] ([MaHS], [NgayKham], [NguoiKham], [BenhNhan]) VALUES (N'HS43 ', CAST(N'1984-07-19' AS Date), N'NS22 ', N'KH22 ')
GO
INSERT [dbo].[HoSoKham] ([MaHS], [NgayKham], [NguoiKham], [BenhNhan]) VALUES (N'HS44 ', CAST(N'1981-06-03' AS Date), N'NS68 ', N'KH68 ')
GO
INSERT [dbo].[HoSoKham] ([MaHS], [NgayKham], [NguoiKham], [BenhNhan]) VALUES (N'HS45 ', CAST(N'1968-10-27' AS Date), N'NS28 ', N'KH28 ')
GO
INSERT [dbo].[HoSoKham] ([MaHS], [NgayKham], [NguoiKham], [BenhNhan]) VALUES (N'HS46 ', NULL, N'NS98 ', N'KH98 ')
GO
INSERT [dbo].[HoSoKham] ([MaHS], [NgayKham], [NguoiKham], [BenhNhan]) VALUES (N'HS47 ', CAST(N'1999-05-03' AS Date), N'NS13 ', N'KH13 ')
GO
INSERT [dbo].[HoSoKham] ([MaHS], [NgayKham], [NguoiKham], [BenhNhan]) VALUES (N'HS48 ', CAST(N'2000-07-09' AS Date), N'NS28 ', N'KH28 ')
GO
INSERT [dbo].[HoSoKham] ([MaHS], [NgayKham], [NguoiKham], [BenhNhan]) VALUES (N'HS49 ', CAST(N'1984-04-30' AS Date), N'NS76 ', N'KH76 ')
GO
INSERT [dbo].[HoSoKham] ([MaHS], [NgayKham], [NguoiKham], [BenhNhan]) VALUES (N'HS50 ', CAST(N'1964-08-16' AS Date), N'NS50 ', N'KH50 ')
GO
INSERT [dbo].[HoSoKham] ([MaHS], [NgayKham], [NguoiKham], [BenhNhan]) VALUES (N'HS51 ', CAST(N'1968-09-18' AS Date), N'NS45 ', N'KH45 ')
GO
INSERT [dbo].[HoSoKham] ([MaHS], [NgayKham], [NguoiKham], [BenhNhan]) VALUES (N'HS52 ', CAST(N'1972-10-27' AS Date), N'NS22 ', N'KH22 ')
GO
INSERT [dbo].[HoSoKham] ([MaHS], [NgayKham], [NguoiKham], [BenhNhan]) VALUES (N'HS53 ', CAST(N'1978-05-27' AS Date), N'NS40 ', N'KH40 ')
GO
INSERT [dbo].[HoSoKham] ([MaHS], [NgayKham], [NguoiKham], [BenhNhan]) VALUES (N'HS54 ', CAST(N'1980-03-27' AS Date), NULL, NULL)
GO
INSERT [dbo].[HoSoKham] ([MaHS], [NgayKham], [NguoiKham], [BenhNhan]) VALUES (N'HS55 ', CAST(N'2015-01-15' AS Date), N'NS38 ', N'KH38 ')
GO
INSERT [dbo].[HoSoKham] ([MaHS], [NgayKham], [NguoiKham], [BenhNhan]) VALUES (N'HS56 ', CAST(N'1965-03-05' AS Date), N'NS64 ', N'KH64 ')
GO
INSERT [dbo].[HoSoKham] ([MaHS], [NgayKham], [NguoiKham], [BenhNhan]) VALUES (N'HS57 ', CAST(N'1988-12-27' AS Date), N'NS46 ', N'KH46 ')
GO
INSERT [dbo].[HoSoKham] ([MaHS], [NgayKham], [NguoiKham], [BenhNhan]) VALUES (N'HS58 ', CAST(N'1959-06-01' AS Date), N'NS06 ', N'KH06 ')
GO
INSERT [dbo].[HoSoKham] ([MaHS], [NgayKham], [NguoiKham], [BenhNhan]) VALUES (N'HS59 ', CAST(N'1986-05-21' AS Date), N'NS81 ', N'KH81 ')
GO
INSERT [dbo].[HoSoKham] ([MaHS], [NgayKham], [NguoiKham], [BenhNhan]) VALUES (N'HS60 ', CAST(N'1993-10-25' AS Date), N'NS28 ', N'KH28 ')
GO
INSERT [dbo].[HoSoKham] ([MaHS], [NgayKham], [NguoiKham], [BenhNhan]) VALUES (N'HS61 ', CAST(N'1986-01-29' AS Date), N'NS68 ', N'KH68 ')
GO
INSERT [dbo].[HoSoKham] ([MaHS], [NgayKham], [NguoiKham], [BenhNhan]) VALUES (N'HS62 ', CAST(N'1985-12-18' AS Date), N'NS30 ', N'KH30 ')
GO
INSERT [dbo].[HoSoKham] ([MaHS], [NgayKham], [NguoiKham], [BenhNhan]) VALUES (N'HS63 ', CAST(N'1991-01-03' AS Date), N'NS45 ', N'KH45 ')
GO
INSERT [dbo].[HoSoKham] ([MaHS], [NgayKham], [NguoiKham], [BenhNhan]) VALUES (N'HS64 ', CAST(N'1957-10-21' AS Date), N'NS79 ', N'KH79 ')
GO
INSERT [dbo].[HoSoKham] ([MaHS], [NgayKham], [NguoiKham], [BenhNhan]) VALUES (N'HS65 ', CAST(N'2016-02-22' AS Date), N'NS84 ', N'KH84 ')
GO
INSERT [dbo].[HoSoKham] ([MaHS], [NgayKham], [NguoiKham], [BenhNhan]) VALUES (N'HS66 ', CAST(N'2009-12-15' AS Date), N'NS91 ', N'KH91 ')
GO
INSERT [dbo].[HoSoKham] ([MaHS], [NgayKham], [NguoiKham], [BenhNhan]) VALUES (N'HS67 ', CAST(N'1997-04-17' AS Date), N'NS14 ', N'KH14 ')
GO
INSERT [dbo].[HoSoKham] ([MaHS], [NgayKham], [NguoiKham], [BenhNhan]) VALUES (N'HS68 ', CAST(N'1980-07-19' AS Date), N'NS03 ', N'KH03 ')
GO
INSERT [dbo].[HoSoKham] ([MaHS], [NgayKham], [NguoiKham], [BenhNhan]) VALUES (N'HS69 ', CAST(N'2015-06-11' AS Date), N'NS85 ', N'KH85 ')
GO
INSERT [dbo].[HoSoKham] ([MaHS], [NgayKham], [NguoiKham], [BenhNhan]) VALUES (N'HS70 ', CAST(N'1985-04-24' AS Date), N'NS92 ', N'KH92 ')
GO
INSERT [dbo].[HoSoKham] ([MaHS], [NgayKham], [NguoiKham], [BenhNhan]) VALUES (N'HS71 ', CAST(N'1997-04-06' AS Date), N'NS83 ', N'KH83 ')
GO
INSERT [dbo].[HoSoKham] ([MaHS], [NgayKham], [NguoiKham], [BenhNhan]) VALUES (N'HS72 ', CAST(N'1963-04-04' AS Date), N'NS29 ', N'KH29 ')
GO
INSERT [dbo].[HoSoKham] ([MaHS], [NgayKham], [NguoiKham], [BenhNhan]) VALUES (N'HS73 ', CAST(N'1969-09-06' AS Date), N'NS47 ', N'KH47 ')
GO
INSERT [dbo].[HoSoKham] ([MaHS], [NgayKham], [NguoiKham], [BenhNhan]) VALUES (N'HS74 ', CAST(N'1980-01-07' AS Date), N'NS32 ', N'KH32 ')
GO
INSERT [dbo].[HoSoKham] ([MaHS], [NgayKham], [NguoiKham], [BenhNhan]) VALUES (N'HS75 ', CAST(N'1962-07-01' AS Date), N'NS17 ', N'KH17 ')
GO
INSERT [dbo].[HoSoKham] ([MaHS], [NgayKham], [NguoiKham], [BenhNhan]) VALUES (N'HS76 ', CAST(N'1971-07-04' AS Date), N'NS67 ', N'KH67 ')
GO
INSERT [dbo].[HoSoKham] ([MaHS], [NgayKham], [NguoiKham], [BenhNhan]) VALUES (N'HS77 ', CAST(N'1975-09-26' AS Date), N'NS44 ', N'KH44 ')
GO
INSERT [dbo].[HoSoKham] ([MaHS], [NgayKham], [NguoiKham], [BenhNhan]) VALUES (N'HS78 ', CAST(N'2016-03-10' AS Date), N'NS44 ', N'KH44 ')
GO
INSERT [dbo].[HoSoKham] ([MaHS], [NgayKham], [NguoiKham], [BenhNhan]) VALUES (N'HS79 ', CAST(N'1963-08-25' AS Date), N'NS61 ', N'KH61 ')
GO
INSERT [dbo].[HoSoKham] ([MaHS], [NgayKham], [NguoiKham], [BenhNhan]) VALUES (N'HS80 ', CAST(N'1973-02-19' AS Date), N'NS51 ', N'KH51 ')
GO
INSERT [dbo].[HoSoKham] ([MaHS], [NgayKham], [NguoiKham], [BenhNhan]) VALUES (N'HS81 ', CAST(N'1963-08-03' AS Date), N'NS03 ', N'KH03 ')
GO
INSERT [dbo].[HoSoKham] ([MaHS], [NgayKham], [NguoiKham], [BenhNhan]) VALUES (N'HS82 ', CAST(N'2009-04-19' AS Date), N'NS77 ', N'KH77 ')
GO
INSERT [dbo].[HoSoKham] ([MaHS], [NgayKham], [NguoiKham], [BenhNhan]) VALUES (N'HS83 ', CAST(N'2019-01-07' AS Date), N'NS67 ', N'KH67 ')
GO
INSERT [dbo].[HoSoKham] ([MaHS], [NgayKham], [NguoiKham], [BenhNhan]) VALUES (N'HS84 ', NULL, N'NS08 ', N'KH08 ')
GO
INSERT [dbo].[HoSoKham] ([MaHS], [NgayKham], [NguoiKham], [BenhNhan]) VALUES (N'HS85 ', CAST(N'1963-02-09' AS Date), N'NS71 ', N'KH71 ')
GO
INSERT [dbo].[HoSoKham] ([MaHS], [NgayKham], [NguoiKham], [BenhNhan]) VALUES (N'HS86 ', CAST(N'2005-03-22' AS Date), N'NS09 ', N'KH09 ')
GO
INSERT [dbo].[HoSoKham] ([MaHS], [NgayKham], [NguoiKham], [BenhNhan]) VALUES (N'HS87 ', CAST(N'1979-03-07' AS Date), N'NS95 ', N'KH95 ')
GO
INSERT [dbo].[HoSoKham] ([MaHS], [NgayKham], [NguoiKham], [BenhNhan]) VALUES (N'HS88 ', NULL, N'NS42 ', N'KH42 ')
GO
INSERT [dbo].[HoSoKham] ([MaHS], [NgayKham], [NguoiKham], [BenhNhan]) VALUES (N'HS89 ', CAST(N'1967-11-14' AS Date), N'NS53 ', N'KH53 ')
GO
INSERT [dbo].[HoSoKham] ([MaHS], [NgayKham], [NguoiKham], [BenhNhan]) VALUES (N'HS90 ', CAST(N'1962-07-27' AS Date), N'NS64 ', N'KH64 ')
GO
INSERT [dbo].[HoSoKham] ([MaHS], [NgayKham], [NguoiKham], [BenhNhan]) VALUES (N'HS91 ', CAST(N'2015-06-30' AS Date), N'NS01 ', N'KH01 ')
GO
INSERT [dbo].[HoSoKham] ([MaHS], [NgayKham], [NguoiKham], [BenhNhan]) VALUES (N'HS92 ', CAST(N'2009-03-15' AS Date), N'NS96 ', N'KH96 ')
GO
INSERT [dbo].[HoSoKham] ([MaHS], [NgayKham], [NguoiKham], [BenhNhan]) VALUES (N'HS93 ', CAST(N'2017-09-16' AS Date), N'NS10 ', N'KH10 ')
GO
INSERT [dbo].[HoSoKham] ([MaHS], [NgayKham], [NguoiKham], [BenhNhan]) VALUES (N'HS94 ', CAST(N'1967-12-15' AS Date), N'NS66 ', N'KH66 ')
GO
INSERT [dbo].[HoSoKham] ([MaHS], [NgayKham], [NguoiKham], [BenhNhan]) VALUES (N'HS95 ', CAST(N'1965-04-14' AS Date), N'NS46 ', N'KH46 ')
GO
INSERT [dbo].[HoSoKham] ([MaHS], [NgayKham], [NguoiKham], [BenhNhan]) VALUES (N'HS96 ', CAST(N'1959-05-09' AS Date), N'NS88 ', N'KH88 ')
GO
INSERT [dbo].[HoSoKham] ([MaHS], [NgayKham], [NguoiKham], [BenhNhan]) VALUES (N'HS97 ', CAST(N'2005-06-04' AS Date), N'NS56 ', N'KH56 ')
GO
INSERT [dbo].[HoSoKham] ([MaHS], [NgayKham], [NguoiKham], [BenhNhan]) VALUES (N'HS98 ', CAST(N'1955-07-05' AS Date), N'NS57 ', N'KH57 ')
GO
INSERT [dbo].[HoSoKham] ([MaHS], [NgayKham], [NguoiKham], [BenhNhan]) VALUES (N'HS99 ', CAST(N'1991-12-19' AS Date), N'NS06 ', N'KH06 ')
GO
INSERT [dbo].[LichLamViec] ([MaNS], [LichBan]) VALUES (N'NS00 ', CAST(N'2005-07-01' AS Date))
GO
INSERT [dbo].[LichLamViec] ([MaNS], [LichBan]) VALUES (N'NS01 ', CAST(N'1985-08-29' AS Date))
GO
INSERT [dbo].[LichLamViec] ([MaNS], [LichBan]) VALUES (N'NS02 ', CAST(N'1968-06-12' AS Date))
GO
INSERT [dbo].[LichLamViec] ([MaNS], [LichBan]) VALUES (N'NS03 ', CAST(N'1987-07-12' AS Date))
GO
INSERT [dbo].[LichLamViec] ([MaNS], [LichBan]) VALUES (N'NS04 ', CAST(N'1996-04-15' AS Date))
GO
INSERT [dbo].[LichLamViec] ([MaNS], [LichBan]) VALUES (N'NS05 ', CAST(N'1957-10-31' AS Date))
GO
INSERT [dbo].[LichLamViec] ([MaNS], [LichBan]) VALUES (N'NS06 ', CAST(N'1966-11-25' AS Date))
GO
INSERT [dbo].[LichLamViec] ([MaNS], [LichBan]) VALUES (N'NS07 ', CAST(N'2002-04-13' AS Date))
GO
INSERT [dbo].[LichLamViec] ([MaNS], [LichBan]) VALUES (N'NS08 ', CAST(N'1955-12-27' AS Date))
GO
INSERT [dbo].[LichLamViec] ([MaNS], [LichBan]) VALUES (N'NS09 ', CAST(N'1993-06-11' AS Date))
GO
INSERT [dbo].[LichLamViec] ([MaNS], [LichBan]) VALUES (N'NS10 ', CAST(N'2011-09-15' AS Date))
GO
INSERT [dbo].[LichLamViec] ([MaNS], [LichBan]) VALUES (N'NS11 ', CAST(N'1959-09-27' AS Date))
GO
INSERT [dbo].[LichLamViec] ([MaNS], [LichBan]) VALUES (N'NS12 ', CAST(N'1988-11-29' AS Date))
GO
INSERT [dbo].[LichLamViec] ([MaNS], [LichBan]) VALUES (N'NS13 ', NULL)
GO
INSERT [dbo].[LichLamViec] ([MaNS], [LichBan]) VALUES (N'NS14 ', CAST(N'1953-06-08' AS Date))
GO
INSERT [dbo].[LichLamViec] ([MaNS], [LichBan]) VALUES (N'NS15 ', CAST(N'2019-01-10' AS Date))
GO
INSERT [dbo].[LichLamViec] ([MaNS], [LichBan]) VALUES (N'NS16 ', CAST(N'2010-07-26' AS Date))
GO
INSERT [dbo].[LichLamViec] ([MaNS], [LichBan]) VALUES (N'NS17 ', CAST(N'1972-04-09' AS Date))
GO
INSERT [dbo].[LichLamViec] ([MaNS], [LichBan]) VALUES (N'NS18 ', CAST(N'2005-01-17' AS Date))
GO
INSERT [dbo].[LichLamViec] ([MaNS], [LichBan]) VALUES (N'NS19 ', CAST(N'2016-07-05' AS Date))
GO
INSERT [dbo].[LichLamViec] ([MaNS], [LichBan]) VALUES (N'NS20 ', CAST(N'1998-03-23' AS Date))
GO
INSERT [dbo].[LichLamViec] ([MaNS], [LichBan]) VALUES (N'NS21 ', CAST(N'1962-06-19' AS Date))
GO
INSERT [dbo].[LichLamViec] ([MaNS], [LichBan]) VALUES (N'NS22 ', CAST(N'1991-03-26' AS Date))
GO
INSERT [dbo].[LichLamViec] ([MaNS], [LichBan]) VALUES (N'NS23 ', CAST(N'2010-08-12' AS Date))
GO
INSERT [dbo].[LichLamViec] ([MaNS], [LichBan]) VALUES (N'NS24 ', CAST(N'2002-06-19' AS Date))
GO
INSERT [dbo].[LichLamViec] ([MaNS], [LichBan]) VALUES (N'NS25 ', CAST(N'2012-07-10' AS Date))
GO
INSERT [dbo].[LichLamViec] ([MaNS], [LichBan]) VALUES (N'NS26 ', CAST(N'1961-09-03' AS Date))
GO
INSERT [dbo].[LichLamViec] ([MaNS], [LichBan]) VALUES (N'NS27 ', CAST(N'1963-04-14' AS Date))
GO
INSERT [dbo].[LichLamViec] ([MaNS], [LichBan]) VALUES (N'NS28 ', CAST(N'2016-11-30' AS Date))
GO
INSERT [dbo].[LichLamViec] ([MaNS], [LichBan]) VALUES (N'NS29 ', CAST(N'1966-01-18' AS Date))
GO
INSERT [dbo].[LichLamViec] ([MaNS], [LichBan]) VALUES (N'NS30 ', CAST(N'1979-11-16' AS Date))
GO
INSERT [dbo].[LichLamViec] ([MaNS], [LichBan]) VALUES (N'NS31 ', CAST(N'1956-05-14' AS Date))
GO
INSERT [dbo].[LichLamViec] ([MaNS], [LichBan]) VALUES (N'NS32 ', CAST(N'2021-03-13' AS Date))
GO
INSERT [dbo].[LichLamViec] ([MaNS], [LichBan]) VALUES (N'NS33 ', CAST(N'1967-01-12' AS Date))
GO
INSERT [dbo].[LichLamViec] ([MaNS], [LichBan]) VALUES (N'NS34 ', CAST(N'1956-03-22' AS Date))
GO
INSERT [dbo].[LichLamViec] ([MaNS], [LichBan]) VALUES (N'NS35 ', CAST(N'2005-10-15' AS Date))
GO
INSERT [dbo].[LichLamViec] ([MaNS], [LichBan]) VALUES (N'NS36 ', CAST(N'1961-07-01' AS Date))
GO
INSERT [dbo].[LichLamViec] ([MaNS], [LichBan]) VALUES (N'NS37 ', CAST(N'1973-12-30' AS Date))
GO
INSERT [dbo].[LichLamViec] ([MaNS], [LichBan]) VALUES (N'NS38 ', CAST(N'1997-10-21' AS Date))
GO
INSERT [dbo].[LichLamViec] ([MaNS], [LichBan]) VALUES (N'NS39 ', CAST(N'2010-03-07' AS Date))
GO
INSERT [dbo].[LichLamViec] ([MaNS], [LichBan]) VALUES (N'NS40 ', CAST(N'2006-08-15' AS Date))
GO
INSERT [dbo].[LichLamViec] ([MaNS], [LichBan]) VALUES (N'NS41 ', CAST(N'1961-03-28' AS Date))
GO
INSERT [dbo].[LichLamViec] ([MaNS], [LichBan]) VALUES (N'NS42 ', CAST(N'1954-03-28' AS Date))
GO
INSERT [dbo].[LichLamViec] ([MaNS], [LichBan]) VALUES (N'NS43 ', CAST(N'2005-02-12' AS Date))
GO
INSERT [dbo].[LichLamViec] ([MaNS], [LichBan]) VALUES (N'NS44 ', CAST(N'1965-07-27' AS Date))
GO
INSERT [dbo].[LichLamViec] ([MaNS], [LichBan]) VALUES (N'NS45 ', CAST(N'1981-08-23' AS Date))
GO
INSERT [dbo].[LichLamViec] ([MaNS], [LichBan]) VALUES (N'NS46 ', CAST(N'1961-03-20' AS Date))
GO
INSERT [dbo].[LichLamViec] ([MaNS], [LichBan]) VALUES (N'NS47 ', CAST(N'1963-02-01' AS Date))
GO
INSERT [dbo].[LichLamViec] ([MaNS], [LichBan]) VALUES (N'NS48 ', CAST(N'1988-05-15' AS Date))
GO
INSERT [dbo].[LichLamViec] ([MaNS], [LichBan]) VALUES (N'NS49 ', CAST(N'2003-03-31' AS Date))
GO
INSERT [dbo].[LichLamViec] ([MaNS], [LichBan]) VALUES (N'NS50 ', CAST(N'2010-12-22' AS Date))
GO
INSERT [dbo].[LichLamViec] ([MaNS], [LichBan]) VALUES (N'NS51 ', CAST(N'1978-12-08' AS Date))
GO
INSERT [dbo].[LichLamViec] ([MaNS], [LichBan]) VALUES (N'NS52 ', CAST(N'1981-02-21' AS Date))
GO
INSERT [dbo].[LichLamViec] ([MaNS], [LichBan]) VALUES (N'NS53 ', CAST(N'1972-12-20' AS Date))
GO
INSERT [dbo].[LichLamViec] ([MaNS], [LichBan]) VALUES (N'NS54 ', CAST(N'2004-02-20' AS Date))
GO
INSERT [dbo].[LichLamViec] ([MaNS], [LichBan]) VALUES (N'NS55 ', CAST(N'1990-04-05' AS Date))
GO
INSERT [dbo].[LichLamViec] ([MaNS], [LichBan]) VALUES (N'NS56 ', CAST(N'2018-02-25' AS Date))
GO
INSERT [dbo].[LichLamViec] ([MaNS], [LichBan]) VALUES (N'NS57 ', CAST(N'2008-04-27' AS Date))
GO
INSERT [dbo].[LichLamViec] ([MaNS], [LichBan]) VALUES (N'NS58 ', CAST(N'1982-12-08' AS Date))
GO
INSERT [dbo].[LichLamViec] ([MaNS], [LichBan]) VALUES (N'NS59 ', CAST(N'2016-04-18' AS Date))
GO
INSERT [dbo].[LichLamViec] ([MaNS], [LichBan]) VALUES (N'NS60 ', CAST(N'2003-07-28' AS Date))
GO
INSERT [dbo].[LichLamViec] ([MaNS], [LichBan]) VALUES (N'NS61 ', CAST(N'1958-01-23' AS Date))
GO
INSERT [dbo].[LichLamViec] ([MaNS], [LichBan]) VALUES (N'NS62 ', CAST(N'2020-11-07' AS Date))
GO
INSERT [dbo].[LichLamViec] ([MaNS], [LichBan]) VALUES (N'NS63 ', CAST(N'1998-12-30' AS Date))
GO
INSERT [dbo].[LichLamViec] ([MaNS], [LichBan]) VALUES (N'NS64 ', CAST(N'1955-03-31' AS Date))
GO
INSERT [dbo].[LichLamViec] ([MaNS], [LichBan]) VALUES (N'NS65 ', CAST(N'2005-02-18' AS Date))
GO
INSERT [dbo].[LichLamViec] ([MaNS], [LichBan]) VALUES (N'NS66 ', CAST(N'1974-03-16' AS Date))
GO
INSERT [dbo].[LichLamViec] ([MaNS], [LichBan]) VALUES (N'NS67 ', CAST(N'2005-04-05' AS Date))
GO
INSERT [dbo].[LichLamViec] ([MaNS], [LichBan]) VALUES (N'NS68 ', CAST(N'1983-06-16' AS Date))
GO
INSERT [dbo].[LichLamViec] ([MaNS], [LichBan]) VALUES (N'NS69 ', NULL)
GO
INSERT [dbo].[LichLamViec] ([MaNS], [LichBan]) VALUES (N'NS70 ', CAST(N'1967-06-30' AS Date))
GO
INSERT [dbo].[LichLamViec] ([MaNS], [LichBan]) VALUES (N'NS71 ', CAST(N'1984-09-22' AS Date))
GO
INSERT [dbo].[LichLamViec] ([MaNS], [LichBan]) VALUES (N'NS72 ', CAST(N'2022-07-14' AS Date))
GO
INSERT [dbo].[LichLamViec] ([MaNS], [LichBan]) VALUES (N'NS73 ', CAST(N'1970-06-18' AS Date))
GO
INSERT [dbo].[LichLamViec] ([MaNS], [LichBan]) VALUES (N'NS74 ', CAST(N'1960-03-04' AS Date))
GO
INSERT [dbo].[LichLamViec] ([MaNS], [LichBan]) VALUES (N'NS75 ', CAST(N'1954-12-17' AS Date))
GO
INSERT [dbo].[LichLamViec] ([MaNS], [LichBan]) VALUES (N'NS76 ', CAST(N'2009-11-27' AS Date))
GO
INSERT [dbo].[LichLamViec] ([MaNS], [LichBan]) VALUES (N'NS77 ', CAST(N'1981-04-14' AS Date))
GO
INSERT [dbo].[LichLamViec] ([MaNS], [LichBan]) VALUES (N'NS78 ', CAST(N'1975-11-09' AS Date))
GO
INSERT [dbo].[LichLamViec] ([MaNS], [LichBan]) VALUES (N'NS79 ', CAST(N'1978-08-10' AS Date))
GO
INSERT [dbo].[LichLamViec] ([MaNS], [LichBan]) VALUES (N'NS80 ', CAST(N'1994-08-13' AS Date))
GO
INSERT [dbo].[LichLamViec] ([MaNS], [LichBan]) VALUES (N'NS81 ', CAST(N'1976-06-24' AS Date))
GO
INSERT [dbo].[LichLamViec] ([MaNS], [LichBan]) VALUES (N'NS82 ', CAST(N'1999-09-06' AS Date))
GO
INSERT [dbo].[LichLamViec] ([MaNS], [LichBan]) VALUES (N'NS83 ', CAST(N'1975-05-19' AS Date))
GO
INSERT [dbo].[LichLamViec] ([MaNS], [LichBan]) VALUES (N'NS84 ', CAST(N'1997-11-23' AS Date))
GO
INSERT [dbo].[LichLamViec] ([MaNS], [LichBan]) VALUES (N'NS85 ', CAST(N'1982-02-27' AS Date))
GO
INSERT [dbo].[LichLamViec] ([MaNS], [LichBan]) VALUES (N'NS86 ', CAST(N'1999-04-30' AS Date))
GO
INSERT [dbo].[LichLamViec] ([MaNS], [LichBan]) VALUES (N'NS87 ', CAST(N'1973-12-28' AS Date))
GO
INSERT [dbo].[LichLamViec] ([MaNS], [LichBan]) VALUES (N'NS88 ', CAST(N'1978-09-20' AS Date))
GO
INSERT [dbo].[LichLamViec] ([MaNS], [LichBan]) VALUES (N'NS89 ', CAST(N'2011-03-14' AS Date))
GO
INSERT [dbo].[LichLamViec] ([MaNS], [LichBan]) VALUES (N'NS90 ', CAST(N'1994-03-27' AS Date))
GO
INSERT [dbo].[LichLamViec] ([MaNS], [LichBan]) VALUES (N'NS91 ', CAST(N'1954-09-19' AS Date))
GO
INSERT [dbo].[LichLamViec] ([MaNS], [LichBan]) VALUES (N'NS92 ', CAST(N'1990-08-23' AS Date))
GO
INSERT [dbo].[LichLamViec] ([MaNS], [LichBan]) VALUES (N'NS93 ', CAST(N'1958-06-30' AS Date))
GO
INSERT [dbo].[LichLamViec] ([MaNS], [LichBan]) VALUES (N'NS94 ', CAST(N'1996-11-27' AS Date))
GO
INSERT [dbo].[LichLamViec] ([MaNS], [LichBan]) VALUES (N'NS95 ', CAST(N'2003-05-23' AS Date))
GO
INSERT [dbo].[LichLamViec] ([MaNS], [LichBan]) VALUES (N'NS96 ', CAST(N'1994-03-21' AS Date))
GO
INSERT [dbo].[LichLamViec] ([MaNS], [LichBan]) VALUES (N'NS97 ', CAST(N'2016-03-07' AS Date))
GO
INSERT [dbo].[LichLamViec] ([MaNS], [LichBan]) VALUES (N'NS98 ', CAST(N'1958-08-20' AS Date))
GO
INSERT [dbo].[LichLamViec] ([MaNS], [LichBan]) VALUES (N'NS99 ', CAST(N'2006-12-08' AS Date))
GO
INSERT [dbo].[Thuoc] ([MaThuoc], [TenThuoc], [DonVi], [ChiDinh], [SoLuongTonKho], [NgHetHan], [GiaTien]) VALUES (N'TH00 ', N'Surtinaquar', N'Chi?c', N'22', 21, CAST(N'2005-12-11' AS Date), CAST(792693.02 AS Decimal(10, 2)))
GO
INSERT [dbo].[Thuoc] ([MaThuoc], [TenThuoc], [DonVi], [ChiDinh], [SoLuongTonKho], [NgHetHan], [GiaTien]) VALUES (N'TH01 ', N'Surkilin', N'H?p', N'36', 47, CAST(N'1991-09-20' AS Date), CAST(1409449.71 AS Decimal(10, 2)))
GO
INSERT [dbo].[Thuoc] ([MaThuoc], [TenThuoc], [DonVi], [ChiDinh], [SoLuongTonKho], [NgHetHan], [GiaTien]) VALUES (N'TH02 ', N'Tupkilamantor', N'Chi?c', N'05', 16, CAST(N'1997-10-22' AS Date), CAST(463890.08 AS Decimal(10, 2)))
GO
INSERT [dbo].[Thuoc] ([MaThuoc], [TenThuoc], [DonVi], [ChiDinh], [SoLuongTonKho], [NgHetHan], [GiaTien]) VALUES (N'TH03 ', N'Thrueramover', N'V?', N'26', 44, CAST(N'2004-08-21' AS Date), CAST(246262.70 AS Decimal(10, 2)))
GO
INSERT [dbo].[Thuoc] ([MaThuoc], [TenThuoc], [DonVi], [ChiDinh], [SoLuongTonKho], [NgHetHan], [GiaTien]) VALUES (N'TH04 ', N'Supjubax', N'Chi?c', N'13', 92, CAST(N'1999-12-14' AS Date), CAST(904949.99 AS Decimal(10, 2)))
GO
INSERT [dbo].[Thuoc] ([MaThuoc], [TenThuoc], [DonVi], [ChiDinh], [SoLuongTonKho], [NgHetHan], [GiaTien]) VALUES (N'TH05 ', N'Thruglibackantor', N'H?p', N'07', 67, CAST(N'2012-04-04' AS Date), CAST(166978.33 AS Decimal(10, 2)))
GO
INSERT [dbo].[Thuoc] ([MaThuoc], [TenThuoc], [DonVi], [ChiDinh], [SoLuongTonKho], [NgHetHan], [GiaTien]) VALUES (N'TH06 ', N'Winsapinower', N'H?p', N'20', 80, CAST(N'1988-07-29' AS Date), CAST(527664.56 AS Decimal(10, 2)))
GO
INSERT [dbo].[Thuoc] ([MaThuoc], [TenThuoc], [DonVi], [ChiDinh], [SoLuongTonKho], [NgHetHan], [GiaTien]) VALUES (N'TH07 ', N'Thrutanicin', N'V?', N'22', 60, CAST(N'1995-06-01' AS Date), CAST(1336652.33 AS Decimal(10, 2)))
GO
INSERT [dbo].[Thuoc] ([MaThuoc], [TenThuoc], [DonVi], [ChiDinh], [SoLuongTonKho], [NgHetHan], [GiaTien]) VALUES (N'TH08 ', N'Windudin', N'H?p', N'40', 41, CAST(N'1991-03-12' AS Date), CAST(1500814.10 AS Decimal(10, 2)))
GO
INSERT [dbo].[Thuoc] ([MaThuoc], [TenThuoc], [DonVi], [ChiDinh], [SoLuongTonKho], [NgHetHan], [GiaTien]) VALUES (N'TH09 ', N'Dopwerax', N'H?p', N'07', 89, CAST(N'2001-11-29' AS Date), CAST(1077795.88 AS Decimal(10, 2)))
GO
INSERT [dbo].[Thuoc] ([MaThuoc], [TenThuoc], [DonVi], [ChiDinh], [SoLuongTonKho], [NgHetHan], [GiaTien]) VALUES (N'TH10 ', N'Parpickax', N'V?', N'50', 75, CAST(N'1999-06-12' AS Date), CAST(1225368.49 AS Decimal(10, 2)))
GO
INSERT [dbo].[Thuoc] ([MaThuoc], [TenThuoc], [DonVi], [ChiDinh], [SoLuongTonKho], [NgHetHan], [GiaTien]) VALUES (N'TH11 ', N'Updimackazz', N'Chi?c', N'32', 19, CAST(N'2017-11-06' AS Date), CAST(1514947.09 AS Decimal(10, 2)))
GO
INSERT [dbo].[Thuoc] ([MaThuoc], [TenThuoc], [DonVi], [ChiDinh], [SoLuongTonKho], [NgHetHan], [GiaTien]) VALUES (N'TH12 ', N'Bartinicator', NULL, N'13', 23, CAST(N'1985-05-23' AS Date), CAST(1573079.07 AS Decimal(10, 2)))
GO
INSERT [dbo].[Thuoc] ([MaThuoc], [TenThuoc], [DonVi], [ChiDinh], [SoLuongTonKho], [NgHetHan], [GiaTien]) VALUES (N'TH13 ', N'Frosaponor', N'H?p', N'35', 10, CAST(N'1965-08-31' AS Date), CAST(736703.76 AS Decimal(10, 2)))
GO
INSERT [dbo].[Thuoc] ([MaThuoc], [TenThuoc], [DonVi], [ChiDinh], [SoLuongTonKho], [NgHetHan], [GiaTien]) VALUES (N'TH14 ', N'Supwerax', N'H?p', N'50', 21, CAST(N'1988-06-09' AS Date), CAST(1775434.52 AS Decimal(10, 2)))
GO
INSERT [dbo].[Thuoc] ([MaThuoc], [TenThuoc], [DonVi], [ChiDinh], [SoLuongTonKho], [NgHetHan], [GiaTien]) VALUES (N'TH15 ', N'Qwihupedgax', N'H?p', N'93', 95, CAST(N'2022-05-10' AS Date), CAST(140926.85 AS Decimal(10, 2)))
GO
INSERT [dbo].[Thuoc] ([MaThuoc], [TenThuoc], [DonVi], [ChiDinh], [SoLuongTonKho], [NgHetHan], [GiaTien]) VALUES (N'TH16 ', N'Rapnipewor', N'V?', N'60', 54, CAST(N'1988-08-28' AS Date), CAST(1092217.86 AS Decimal(10, 2)))
GO
INSERT [dbo].[Thuoc] ([MaThuoc], [TenThuoc], [DonVi], [ChiDinh], [SoLuongTonKho], [NgHetHan], [GiaTien]) VALUES (N'TH17 ', N'Endcadupazz', N'V?', N'60', 42, CAST(N'2004-02-02' AS Date), CAST(242221.02 AS Decimal(10, 2)))
GO
INSERT [dbo].[Thuoc] ([MaThuoc], [TenThuoc], [DonVi], [ChiDinh], [SoLuongTonKho], [NgHetHan], [GiaTien]) VALUES (N'TH18 ', N'Surrobazz', N'Chi?c', N'93', 82, CAST(N'1976-05-29' AS Date), CAST(1748517.92 AS Decimal(10, 2)))
GO
INSERT [dbo].[Thuoc] ([MaThuoc], [TenThuoc], [DonVi], [ChiDinh], [SoLuongTonKho], [NgHetHan], [GiaTien]) VALUES (N'TH19 ', N'Montinower', N'H?p', N'58', 79, CAST(N'1996-10-11' AS Date), CAST(996063.09 AS Decimal(10, 2)))
GO
INSERT [dbo].[Thuoc] ([MaThuoc], [TenThuoc], [DonVi], [ChiDinh], [SoLuongTonKho], [NgHetHan], [GiaTien]) VALUES (N'TH20 ', N'Mondimonicator', N'H?p', N'48', 99, CAST(N'2022-09-25' AS Date), CAST(73095.24 AS Decimal(10, 2)))
GO
INSERT [dbo].[Thuoc] ([MaThuoc], [TenThuoc], [DonVi], [ChiDinh], [SoLuongTonKho], [NgHetHan], [GiaTien]) VALUES (N'TH21 ', N'Doptinantor', N'Chi?c', N'14', 94, CAST(N'1965-06-02' AS Date), CAST(890811.01 AS Decimal(10, 2)))
GO
INSERT [dbo].[Thuoc] ([MaThuoc], [TenThuoc], [DonVi], [ChiDinh], [SoLuongTonKho], [NgHetHan], [GiaTien]) VALUES (N'TH22 ', N'Endsipax', N'H?p', N'59', 25, CAST(N'2010-10-28' AS Date), CAST(991200.60 AS Decimal(10, 2)))
GO
INSERT [dbo].[Thuoc] ([MaThuoc], [TenThuoc], [DonVi], [ChiDinh], [SoLuongTonKho], [NgHetHan], [GiaTien]) VALUES (N'TH23 ', NULL, N'H?p', N'53', 89, CAST(N'2008-03-24' AS Date), CAST(1429483.86 AS Decimal(10, 2)))
GO
INSERT [dbo].[Thuoc] ([MaThuoc], [TenThuoc], [DonVi], [ChiDinh], [SoLuongTonKho], [NgHetHan], [GiaTien]) VALUES (N'TH24 ', N'Parjubover', N'V?', N'04', 57, CAST(N'2001-04-08' AS Date), CAST(1728192.07 AS Decimal(10, 2)))
GO
INSERT [dbo].[Thuoc] ([MaThuoc], [TenThuoc], [DonVi], [ChiDinh], [SoLuongTonKho], [NgHetHan], [GiaTien]) VALUES (N'TH25 ', N'Monglibar', N'V?', N'28', 93, CAST(N'1991-11-23' AS Date), CAST(437683.54 AS Decimal(10, 2)))
GO
INSERT [dbo].[Thuoc] ([MaThuoc], [TenThuoc], [DonVi], [ChiDinh], [SoLuongTonKho], [NgHetHan], [GiaTien]) VALUES (N'TH26 ', N'Supwerax', N'V?', N'00', 52, CAST(N'2022-06-22' AS Date), CAST(1053075.97 AS Decimal(10, 2)))
GO
INSERT [dbo].[Thuoc] ([MaThuoc], [TenThuoc], [DonVi], [ChiDinh], [SoLuongTonKho], [NgHetHan], [GiaTien]) VALUES (N'TH27 ', N'Grosapower', N'Chi?c', N'42', 70, CAST(N'1986-09-28' AS Date), CAST(643033.48 AS Decimal(10, 2)))
GO
INSERT [dbo].[Thuoc] ([MaThuoc], [TenThuoc], [DonVi], [ChiDinh], [SoLuongTonKho], [NgHetHan], [GiaTien]) VALUES (N'TH28 ', N'Varnipepicator', N'H?p', N'27', 40, CAST(N'1988-08-27' AS Date), CAST(1372819.33 AS Decimal(10, 2)))
GO
INSERT [dbo].[Thuoc] ([MaThuoc], [TenThuoc], [DonVi], [ChiDinh], [SoLuongTonKho], [NgHetHan], [GiaTien]) VALUES (N'TH29 ', N'Cipwerax', N'Chi?c', N'34', 23, CAST(N'2006-09-29' AS Date), CAST(806137.81 AS Decimal(10, 2)))
GO
INSERT [dbo].[Thuoc] ([MaThuoc], [TenThuoc], [DonVi], [ChiDinh], [SoLuongTonKho], [NgHetHan], [GiaTien]) VALUES (N'TH30 ', N'Endnipupover', N'V?', N'88', 85, CAST(N'1989-04-22' AS Date), CAST(451880.08 AS Decimal(10, 2)))
GO
INSERT [dbo].[Thuoc] ([MaThuoc], [TenThuoc], [DonVi], [ChiDinh], [SoLuongTonKho], [NgHetHan], [GiaTien]) VALUES (N'TH31 ', N'Haptinaquower', N'H?p', N'22', 17, CAST(N'1973-01-21' AS Date), CAST(1006019.54 AS Decimal(10, 2)))
GO
INSERT [dbo].[Thuoc] ([MaThuoc], [TenThuoc], [DonVi], [ChiDinh], [SoLuongTonKho], [NgHetHan], [GiaTien]) VALUES (N'TH32 ', N'Lomnipax', N'Chi?c', N'80', 60, CAST(N'1976-09-08' AS Date), CAST(282268.15 AS Decimal(10, 2)))
GO
INSERT [dbo].[Thuoc] ([MaThuoc], [TenThuoc], [DonVi], [ChiDinh], [SoLuongTonKho], [NgHetHan], [GiaTien]) VALUES (N'TH33 ', N'Happebaquex', N'Chi?c', N'29', 11, CAST(N'1962-11-16' AS Date), CAST(566288.67 AS Decimal(10, 2)))
GO
INSERT [dbo].[Thuoc] ([MaThuoc], [TenThuoc], [DonVi], [ChiDinh], [SoLuongTonKho], [NgHetHan], [GiaTien]) VALUES (N'TH34 ', N'Lompickplistor', N'Chi?c', N'67', 46, CAST(N'1989-04-20' AS Date), CAST(1281892.47 AS Decimal(10, 2)))
GO
INSERT [dbo].[Thuoc] ([MaThuoc], [TenThuoc], [DonVi], [ChiDinh], [SoLuongTonKho], [NgHetHan], [GiaTien]) VALUES (N'TH35 ', N'Winsapicator', N'H?p', N'92', 89, CAST(N'2000-06-26' AS Date), CAST(993209.60 AS Decimal(10, 2)))
GO
INSERT [dbo].[Thuoc] ([MaThuoc], [TenThuoc], [DonVi], [ChiDinh], [SoLuongTonKho], [NgHetHan], [GiaTien]) VALUES (N'TH36 ', N'Raphupopar', N'Chi?c', N'62', 79, CAST(N'1996-07-21' AS Date), CAST(980640.17 AS Decimal(10, 2)))
GO
INSERT [dbo].[Thuoc] ([MaThuoc], [TenThuoc], [DonVi], [ChiDinh], [SoLuongTonKho], [NgHetHan], [GiaTien]) VALUES (N'TH37 ', N'Dopzaponover', N'V?', N'59', 44, CAST(N'1973-10-08' AS Date), CAST(470486.80 AS Decimal(10, 2)))
GO
INSERT [dbo].[Thuoc] ([MaThuoc], [TenThuoc], [DonVi], [ChiDinh], [SoLuongTonKho], [NgHetHan], [GiaTien]) VALUES (N'TH38 ', N'Wintanimar', N'Chi?c', N'33', 44, CAST(N'1993-10-23' AS Date), CAST(1577270.77 AS Decimal(10, 2)))
GO
INSERT [dbo].[Thuoc] ([MaThuoc], [TenThuoc], [DonVi], [ChiDinh], [SoLuongTonKho], [NgHetHan], [GiaTien]) VALUES (N'TH39 ', N'Frodimefazz', N'Chi?c', N'00', 20, CAST(N'1980-04-15' AS Date), CAST(1350456.95 AS Decimal(10, 2)))
GO
INSERT [dbo].[Thuoc] ([MaThuoc], [TenThuoc], [DonVi], [ChiDinh], [SoLuongTonKho], [NgHetHan], [GiaTien]) VALUES (N'TH40 ', N'Barmunplex', N'V?', N'11', 48, CAST(N'2017-08-29' AS Date), CAST(879525.31 AS Decimal(10, 2)))
GO
INSERT [dbo].[Thuoc] ([MaThuoc], [TenThuoc], [DonVi], [ChiDinh], [SoLuongTonKho], [NgHetHan], [GiaTien]) VALUES (N'TH41 ', N'Frowerazz', N'V?', N'45', 55, CAST(N'2012-08-30' AS Date), CAST(443880.82 AS Decimal(10, 2)))
GO
INSERT [dbo].[Thuoc] ([MaThuoc], [TenThuoc], [DonVi], [ChiDinh], [SoLuongTonKho], [NgHetHan], [GiaTien]) VALUES (N'TH42 ', N'Monrobexan', N'V?', N'65', 56, CAST(N'2004-04-14' AS Date), CAST(1918328.62 AS Decimal(10, 2)))
GO
INSERT [dbo].[Thuoc] ([MaThuoc], [TenThuoc], [DonVi], [ChiDinh], [SoLuongTonKho], [NgHetHan], [GiaTien]) VALUES (N'TH43 ', N'Emsipegicator', N'H?p', N'20', 33, CAST(N'1957-01-13' AS Date), CAST(1714897.15 AS Decimal(10, 2)))
GO
INSERT [dbo].[Thuoc] ([MaThuoc], [TenThuoc], [DonVi], [ChiDinh], [SoLuongTonKho], [NgHetHan], [GiaTien]) VALUES (N'TH44 ', N'Surglibin', NULL, N'29', 27, CAST(N'1990-07-25' AS Date), CAST(1777280.98 AS Decimal(10, 2)))
GO
INSERT [dbo].[Thuoc] ([MaThuoc], [TenThuoc], [DonVi], [ChiDinh], [SoLuongTonKho], [NgHetHan], [GiaTien]) VALUES (N'TH45 ', N'Barwerpaquex', N'H?p', N'22', 56, CAST(N'1966-05-21' AS Date), CAST(1751731.50 AS Decimal(10, 2)))
GO
INSERT [dbo].[Thuoc] ([MaThuoc], [TenThuoc], [DonVi], [ChiDinh], [SoLuongTonKho], [NgHetHan], [GiaTien]) VALUES (N'TH46 ', N'Adcadex', N'Chi?c', N'16', 97, CAST(N'2001-10-30' AS Date), CAST(900995.30 AS Decimal(10, 2)))
GO
INSERT [dbo].[Thuoc] ([MaThuoc], [TenThuoc], [DonVi], [ChiDinh], [SoLuongTonKho], [NgHetHan], [GiaTien]) VALUES (N'TH47 ', NULL, N'Chi?c', N'42', 12, CAST(N'1961-11-04' AS Date), CAST(487449.05 AS Decimal(10, 2)))
GO
INSERT [dbo].[Thuoc] ([MaThuoc], [TenThuoc], [DonVi], [ChiDinh], [SoLuongTonKho], [NgHetHan], [GiaTien]) VALUES (N'TH48 ', N'Varnipicazz', N'H?p', N'38', 41, CAST(N'1953-08-25' AS Date), CAST(1359662.22 AS Decimal(10, 2)))
GO
INSERT [dbo].[Thuoc] ([MaThuoc], [TenThuoc], [DonVi], [ChiDinh], [SoLuongTonKho], [NgHetHan], [GiaTien]) VALUES (N'TH49 ', N'Addudan', N'Chi?c', N'94', 97, CAST(N'1990-02-15' AS Date), CAST(241394.32 AS Decimal(10, 2)))
GO
INSERT [dbo].[Thuoc] ([MaThuoc], [TenThuoc], [DonVi], [ChiDinh], [SoLuongTonKho], [NgHetHan], [GiaTien]) VALUES (N'TH50 ', N'Bartinegicator', N'V?', N'69', 52, CAST(N'2015-03-19' AS Date), CAST(652726.79 AS Decimal(10, 2)))
GO
INSERT [dbo].[Thuoc] ([MaThuoc], [TenThuoc], [DonVi], [ChiDinh], [SoLuongTonKho], [NgHetHan], [GiaTien]) VALUES (N'TH51 ', N'Inbanexantor', N'V?', N'07', 15, CAST(N'1977-08-15' AS Date), CAST(1308033.92 AS Decimal(10, 2)))
GO
INSERT [dbo].[Thuoc] ([MaThuoc], [TenThuoc], [DonVi], [ChiDinh], [SoLuongTonKho], [NgHetHan], [GiaTien]) VALUES (N'TH52 ', N'Dopwerplin', N'H?p', N'10', 97, CAST(N'1971-07-02' AS Date), CAST(1156065.28 AS Decimal(10, 2)))
GO
INSERT [dbo].[Thuoc] ([MaThuoc], [TenThuoc], [DonVi], [ChiDinh], [SoLuongTonKho], [NgHetHan], [GiaTien]) VALUES (N'TH53 ', N'Thrurobover', N'V?', N'15', 59, CAST(N'2022-12-02' AS Date), CAST(928124.61 AS Decimal(10, 2)))
GO
INSERT [dbo].[Thuoc] ([MaThuoc], [TenThuoc], [DonVi], [ChiDinh], [SoLuongTonKho], [NgHetHan], [GiaTien]) VALUES (N'TH54 ', N'Adpickommicator', N'V?', N'89', 75, CAST(N'2011-12-19' AS Date), CAST(1935214.60 AS Decimal(10, 2)))
GO
INSERT [dbo].[Thuoc] ([MaThuoc], [TenThuoc], [DonVi], [ChiDinh], [SoLuongTonKho], [NgHetHan], [GiaTien]) VALUES (N'TH55 ', N'Qwivenentor', N'H?p', N'65', 29, CAST(N'1999-05-09' AS Date), CAST(270048.13 AS Decimal(10, 2)))
GO
INSERT [dbo].[Thuoc] ([MaThuoc], [TenThuoc], [DonVi], [ChiDinh], [SoLuongTonKho], [NgHetHan], [GiaTien]) VALUES (N'TH56 ', N'Monfropor', N'H?p', N'35', 96, CAST(N'1973-05-25' AS Date), CAST(1281618.26 AS Decimal(10, 2)))
GO
INSERT [dbo].[Thuoc] ([MaThuoc], [TenThuoc], [DonVi], [ChiDinh], [SoLuongTonKho], [NgHetHan], [GiaTien]) VALUES (N'TH57 ', N'Lomdudplin', N'Chi?c', N'98', 65, CAST(N'1956-12-27' AS Date), CAST(1034767.33 AS Decimal(10, 2)))
GO
INSERT [dbo].[Thuoc] ([MaThuoc], [TenThuoc], [DonVi], [ChiDinh], [SoLuongTonKho], [NgHetHan], [GiaTien]) VALUES (N'TH58 ', N'Grotanicator', N'Chi?c', N'83', 57, CAST(N'2007-12-09' AS Date), CAST(144014.21 AS Decimal(10, 2)))
GO
INSERT [dbo].[Thuoc] ([MaThuoc], [TenThuoc], [DonVi], [ChiDinh], [SoLuongTonKho], [NgHetHan], [GiaTien]) VALUES (N'TH59 ', N'Suptumackover', N'V?', N'19', 74, CAST(N'1968-10-30' AS Date), CAST(1505473.04 AS Decimal(10, 2)))
GO
INSERT [dbo].[Thuoc] ([MaThuoc], [TenThuoc], [DonVi], [ChiDinh], [SoLuongTonKho], [NgHetHan], [GiaTien]) VALUES (N'TH60 ', N'Uneredgicator', N'Chi?c', N'00', 97, CAST(N'1957-01-03' AS Date), CAST(352109.86 AS Decimal(10, 2)))
GO
INSERT [dbo].[Thuoc] ([MaThuoc], [TenThuoc], [DonVi], [ChiDinh], [SoLuongTonKho], [NgHetHan], [GiaTien]) VALUES (N'TH61 ', N'Truerantor', N'V?', N'98', 74, CAST(N'2004-05-02' AS Date), CAST(1532848.82 AS Decimal(10, 2)))
GO
INSERT [dbo].[Thuoc] ([MaThuoc], [TenThuoc], [DonVi], [ChiDinh], [SoLuongTonKho], [NgHetHan], [GiaTien]) VALUES (N'TH62 ', N'Frotanar', N'Chi?c', N'05', 68, CAST(N'1988-12-05' AS Date), CAST(804973.91 AS Decimal(10, 2)))
GO
INSERT [dbo].[Thuoc] ([MaThuoc], [TenThuoc], [DonVi], [ChiDinh], [SoLuongTonKho], [NgHetHan], [GiaTien]) VALUES (N'TH63 ', N'Emrobedgover', N'H?p', N'06', 49, CAST(N'1956-11-24' AS Date), CAST(1366602.15 AS Decimal(10, 2)))
GO
INSERT [dbo].[Thuoc] ([MaThuoc], [TenThuoc], [DonVi], [ChiDinh], [SoLuongTonKho], [NgHetHan], [GiaTien]) VALUES (N'TH64 ', N'Tipkilower', N'V?', N'26', 21, CAST(N'1969-10-16' AS Date), CAST(739203.43 AS Decimal(10, 2)))
GO
INSERT [dbo].[Thuoc] ([MaThuoc], [TenThuoc], [DonVi], [ChiDinh], [SoLuongTonKho], [NgHetHan], [GiaTien]) VALUES (N'TH65 ', N'Trubanax', N'H?p', N'46', 31, CAST(N'2016-07-03' AS Date), CAST(1181744.62 AS Decimal(10, 2)))
GO
INSERT [dbo].[Thuoc] ([MaThuoc], [TenThuoc], [DonVi], [ChiDinh], [SoLuongTonKho], [NgHetHan], [GiaTien]) VALUES (N'TH66 ', N'Retananover', N'V?', N'84', 92, CAST(N'1985-12-20' AS Date), CAST(122202.20 AS Decimal(10, 2)))
GO
INSERT [dbo].[Thuoc] ([MaThuoc], [TenThuoc], [DonVi], [ChiDinh], [SoLuongTonKho], [NgHetHan], [GiaTien]) VALUES (N'TH67 ', N'Uprobar', N'V?', N'85', 40, CAST(N'2003-11-07' AS Date), CAST(271552.13 AS Decimal(10, 2)))
GO
INSERT [dbo].[Thuoc] ([MaThuoc], [TenThuoc], [DonVi], [ChiDinh], [SoLuongTonKho], [NgHetHan], [GiaTien]) VALUES (N'TH68 ', N'Suptumor', N'H?p', N'86', 57, CAST(N'1997-06-23' AS Date), CAST(1515494.08 AS Decimal(10, 2)))
GO
INSERT [dbo].[Thuoc] ([MaThuoc], [TenThuoc], [DonVi], [ChiDinh], [SoLuongTonKho], [NgHetHan], [GiaTien]) VALUES (N'TH69 ', N'Upglibistor', N'H?p', N'20', 35, CAST(N'1972-07-06' AS Date), CAST(592689.04 AS Decimal(10, 2)))
GO
INSERT [dbo].[Thuoc] ([MaThuoc], [TenThuoc], [DonVi], [ChiDinh], [SoLuongTonKho], [NgHetHan], [GiaTien]) VALUES (N'TH70 ', N'Survenicator', N'Chi?c', N'32', 22, CAST(N'1994-01-30' AS Date), CAST(119434.05 AS Decimal(10, 2)))
GO
INSERT [dbo].[Thuoc] ([MaThuoc], [TenThuoc], [DonVi], [ChiDinh], [SoLuongTonKho], [NgHetHan], [GiaTien]) VALUES (N'TH71 ', N'Gropickex', N'Chi?c', N'40', 26, CAST(N'1981-01-03' AS Date), CAST(1254097.06 AS Decimal(10, 2)))
GO
INSERT [dbo].[Thuoc] ([MaThuoc], [TenThuoc], [DonVi], [ChiDinh], [SoLuongTonKho], [NgHetHan], [GiaTien]) VALUES (N'TH72 ', N'Mondudplazz', N'H?p', N'96', 75, CAST(N'1984-07-12' AS Date), CAST(395496.30 AS Decimal(10, 2)))
GO
INSERT [dbo].[Thuoc] ([MaThuoc], [TenThuoc], [DonVi], [ChiDinh], [SoLuongTonKho], [NgHetHan], [GiaTien]) VALUES (N'TH73 ', N'Qwitumedazz', N'V?', N'01', 32, CAST(N'2003-08-22' AS Date), CAST(433650.34 AS Decimal(10, 2)))
GO
INSERT [dbo].[Thuoc] ([MaThuoc], [TenThuoc], [DonVi], [ChiDinh], [SoLuongTonKho], [NgHetHan], [GiaTien]) VALUES (N'TH74 ', N'Klinipistor', N'Chi?c', N'11', 18, CAST(N'1997-12-22' AS Date), CAST(432483.50 AS Decimal(10, 2)))
GO
INSERT [dbo].[Thuoc] ([MaThuoc], [TenThuoc], [DonVi], [ChiDinh], [SoLuongTonKho], [NgHetHan], [GiaTien]) VALUES (N'TH75 ', N'Tuptanexistor', N'Chi?c', N'17', 43, CAST(N'2012-03-31' AS Date), CAST(683915.05 AS Decimal(10, 2)))
GO
INSERT [dbo].[Thuoc] ([MaThuoc], [TenThuoc], [DonVi], [ChiDinh], [SoLuongTonKho], [NgHetHan], [GiaTien]) VALUES (N'TH76 ', N'Unglibower', N'V?', N'95', 67, CAST(N'1984-01-10' AS Date), CAST(540441.06 AS Decimal(10, 2)))
GO
INSERT [dbo].[Thuoc] ([MaThuoc], [TenThuoc], [DonVi], [ChiDinh], [SoLuongTonKho], [NgHetHan], [GiaTien]) VALUES (N'TH77 ', N'Barcadaquin', N'Chi?c', N'37', 86, CAST(N'2003-11-01' AS Date), CAST(1233351.99 AS Decimal(10, 2)))
GO
INSERT [dbo].[Thuoc] ([MaThuoc], [TenThuoc], [DonVi], [ChiDinh], [SoLuongTonKho], [NgHetHan], [GiaTien]) VALUES (N'TH78 ', N'Barfropicicator', N'Chi?c', N'75', 56, CAST(N'1997-08-28' AS Date), CAST(1551746.99 AS Decimal(10, 2)))
GO
INSERT [dbo].[Thuoc] ([MaThuoc], [TenThuoc], [DonVi], [ChiDinh], [SoLuongTonKho], [NgHetHan], [GiaTien]) VALUES (N'TH79 ', N'Thrutinupentor', N'Chi?c', N'32', 37, CAST(N'1991-04-24' AS Date), CAST(1595634.71 AS Decimal(10, 2)))
GO
INSERT [dbo].[Thuoc] ([MaThuoc], [TenThuoc], [DonVi], [ChiDinh], [SoLuongTonKho], [NgHetHan], [GiaTien]) VALUES (N'TH80 ', N'Thruwericator', N'Chi?c', N'63', 52, CAST(N'2009-10-17' AS Date), CAST(363336.15 AS Decimal(10, 2)))
GO
INSERT [dbo].[Thuoc] ([MaThuoc], [TenThuoc], [DonVi], [ChiDinh], [SoLuongTonKho], [NgHetHan], [GiaTien]) VALUES (N'TH81 ', N'Groquestackazz', N'Chi?c', N'59', 81, CAST(N'1997-01-17' AS Date), CAST(972967.84 AS Decimal(10, 2)))
GO
INSERT [dbo].[Thuoc] ([MaThuoc], [TenThuoc], [DonVi], [ChiDinh], [SoLuongTonKho], [NgHetHan], [GiaTien]) VALUES (N'TH82 ', N'Tiprobollex', N'H?p', N'28', 82, CAST(N'1976-01-20' AS Date), CAST(1720302.67 AS Decimal(10, 2)))
GO
INSERT [dbo].[Thuoc] ([MaThuoc], [TenThuoc], [DonVi], [ChiDinh], [SoLuongTonKho], [NgHetHan], [GiaTien]) VALUES (N'TH83 ', N'Cipquestollor', N'V?', N'98', 97, CAST(N'1999-06-17' AS Date), CAST(757216.97 AS Decimal(10, 2)))
GO
INSERT [dbo].[Thuoc] ([MaThuoc], [TenThuoc], [DonVi], [ChiDinh], [SoLuongTonKho], [NgHetHan], [GiaTien]) VALUES (N'TH84 ', N'Monwerpistor', N'V?', N'92', 93, CAST(N'1966-05-18' AS Date), CAST(961196.70 AS Decimal(10, 2)))
GO
INSERT [dbo].[Thuoc] ([MaThuoc], [TenThuoc], [DonVi], [ChiDinh], [SoLuongTonKho], [NgHetHan], [GiaTien]) VALUES (N'TH85 ', N'Thrusapopor', N'H?p', N'96', 49, CAST(N'1956-06-25' AS Date), CAST(1355185.83 AS Decimal(10, 2)))
GO
INSERT [dbo].[Thuoc] ([MaThuoc], [TenThuoc], [DonVi], [ChiDinh], [SoLuongTonKho], [NgHetHan], [GiaTien]) VALUES (N'TH86 ', N'Adkilegower', N'V?', N'64', 31, CAST(N'1988-11-23' AS Date), CAST(1591713.49 AS Decimal(10, 2)))
GO
INSERT [dbo].[Thuoc] ([MaThuoc], [TenThuoc], [DonVi], [ChiDinh], [SoLuongTonKho], [NgHetHan], [GiaTien]) VALUES (N'TH87 ', N'Adjubonover', N'V?', N'83', 77, CAST(N'1967-03-19' AS Date), CAST(1341454.49 AS Decimal(10, 2)))
GO
INSERT [dbo].[Thuoc] ([MaThuoc], [TenThuoc], [DonVi], [ChiDinh], [SoLuongTonKho], [NgHetHan], [GiaTien]) VALUES (N'TH88 ', N'Qwikilamentor', N'Chi?c', N'08', 26, CAST(N'1953-07-04' AS Date), CAST(1679581.51 AS Decimal(10, 2)))
GO
INSERT [dbo].[Thuoc] ([MaThuoc], [TenThuoc], [DonVi], [ChiDinh], [SoLuongTonKho], [NgHetHan], [GiaTien]) VALUES (N'TH89 ', N'Cipsapin', N'H?p', N'63', 89, CAST(N'2015-02-25' AS Date), CAST(1808910.82 AS Decimal(10, 2)))
GO
INSERT [dbo].[Thuoc] ([MaThuoc], [TenThuoc], [DonVi], [ChiDinh], [SoLuongTonKho], [NgHetHan], [GiaTien]) VALUES (N'TH90 ', N'Cipkilantor', N'Chi?c', N'79', 76, CAST(N'2007-08-12' AS Date), CAST(1673384.88 AS Decimal(10, 2)))
GO
INSERT [dbo].[Thuoc] ([MaThuoc], [TenThuoc], [DonVi], [ChiDinh], [SoLuongTonKho], [NgHetHan], [GiaTien]) VALUES (N'TH91 ', N'Zeetumower', N'V?', N'39', 18, CAST(N'1962-09-26' AS Date), CAST(405701.40 AS Decimal(10, 2)))
GO
INSERT [dbo].[Thuoc] ([MaThuoc], [TenThuoc], [DonVi], [ChiDinh], [SoLuongTonKho], [NgHetHan], [GiaTien]) VALUES (N'TH92 ', N'Zeejubupower', N'Chi?c', NULL, 34, CAST(N'2020-07-22' AS Date), CAST(1346902.00 AS Decimal(10, 2)))
GO
INSERT [dbo].[Thuoc] ([MaThuoc], [TenThuoc], [DonVi], [ChiDinh], [SoLuongTonKho], [NgHetHan], [GiaTien]) VALUES (N'TH93 ', N'Truvenewentor', N'Chi?c', N'66', 65, CAST(N'2003-06-01' AS Date), CAST(1679529.29 AS Decimal(10, 2)))
GO
INSERT [dbo].[Thuoc] ([MaThuoc], [TenThuoc], [DonVi], [ChiDinh], [SoLuongTonKho], [NgHetHan], [GiaTien]) VALUES (N'TH94 ', N'Dopmunentor', N'Chi?c', N'48', 10, CAST(N'1962-06-14' AS Date), CAST(572353.66 AS Decimal(10, 2)))
GO
INSERT [dbo].[Thuoc] ([MaThuoc], [TenThuoc], [DonVi], [ChiDinh], [SoLuongTonKho], [NgHetHan], [GiaTien]) VALUES (N'TH95 ', N'Emtumor', N'V?', N'97', 42, CAST(N'1956-01-04' AS Date), CAST(1477715.52 AS Decimal(10, 2)))
GO
INSERT [dbo].[Thuoc] ([MaThuoc], [TenThuoc], [DonVi], [ChiDinh], [SoLuongTonKho], [NgHetHan], [GiaTien]) VALUES (N'TH96 ', N'Zeetumefan', N'V?', N'20', 17, CAST(N'1984-07-30' AS Date), CAST(1649531.99 AS Decimal(10, 2)))
GO
INSERT [dbo].[Thuoc] ([MaThuoc], [TenThuoc], [DonVi], [ChiDinh], [SoLuongTonKho], [NgHetHan], [GiaTien]) VALUES (N'TH97 ', N'Emsipepentor', N'Chi?c', N'66', 16, CAST(N'1963-04-12' AS Date), CAST(476824.03 AS Decimal(10, 2)))
GO
INSERT [dbo].[Thuoc] ([MaThuoc], [TenThuoc], [DonVi], [ChiDinh], [SoLuongTonKho], [NgHetHan], [GiaTien]) VALUES (N'TH98 ', N'Unerazz', N'V?', N'72', 47, CAST(N'2018-08-07' AS Date), CAST(946091.65 AS Decimal(10, 2)))
GO
INSERT [dbo].[Thuoc] ([MaThuoc], [TenThuoc], [DonVi], [ChiDinh], [SoLuongTonKho], [NgHetHan], [GiaTien]) VALUES (N'TH99 ', N'Revenommicator', N'V?', N'57', 49, CAST(N'2011-04-02' AS Date), CAST(506833.64 AS Decimal(10, 2)))
GO
INSERT [dbo].[DichVu] ([MaDV], [TenDV], [ChiPhi]) VALUES (N'DV00 ', N'Meat', CAST(6239264.64 AS Decimal(10, 2)))
GO
INSERT [dbo].[DichVu] ([MaDV], [TenDV], [ChiPhi]) VALUES (N'DV01 ', N'Seafood', CAST(274269.78 AS Decimal(10, 2)))
GO
INSERT [dbo].[DichVu] ([MaDV], [TenDV], [ChiPhi]) VALUES (N'DV02 ', N'Meat', CAST(2789039.85 AS Decimal(10, 2)))
GO
INSERT [dbo].[DichVu] ([MaDV], [TenDV], [ChiPhi]) VALUES (N'DV03 ', N'Meat', CAST(3465088.65 AS Decimal(10, 2)))
GO
INSERT [dbo].[DichVu] ([MaDV], [TenDV], [ChiPhi]) VALUES (N'DV04 ', N'Meat', CAST(501158.92 AS Decimal(10, 2)))
GO
INSERT [dbo].[DichVu] ([MaDV], [TenDV], [ChiPhi]) VALUES (N'DV05 ', N'Seafood', CAST(7465621.22 AS Decimal(10, 2)))
GO
INSERT [dbo].[DichVu] ([MaDV], [TenDV], [ChiPhi]) VALUES (N'DV06 ', N'Snails', CAST(5371308.09 AS Decimal(10, 2)))
GO
INSERT [dbo].[DichVu] ([MaDV], [TenDV], [ChiPhi]) VALUES (N'DV07 ', N'Dairy', CAST(4403348.96 AS Decimal(10, 2)))
GO
INSERT [dbo].[DichVu] ([MaDV], [TenDV], [ChiPhi]) VALUES (N'DV08 ', N'Snails', CAST(8041190.57 AS Decimal(10, 2)))
GO
INSERT [dbo].[DichVu] ([MaDV], [TenDV], [ChiPhi]) VALUES (N'DV09 ', N'Beverages', CAST(918224.95 AS Decimal(10, 2)))
GO
INSERT [dbo].[DichVu] ([MaDV], [TenDV], [ChiPhi]) VALUES (N'DV10 ', N'Meat', CAST(7970966.84 AS Decimal(10, 2)))
GO
INSERT [dbo].[DichVu] ([MaDV], [TenDV], [ChiPhi]) VALUES (N'DV11 ', N'Dairy', CAST(1733579.29 AS Decimal(10, 2)))
GO
INSERT [dbo].[DichVu] ([MaDV], [TenDV], [ChiPhi]) VALUES (N'DV12 ', N'Poultry', CAST(6902219.76 AS Decimal(10, 2)))
GO
INSERT [dbo].[DichVu] ([MaDV], [TenDV], [ChiPhi]) VALUES (N'DV13 ', N'Shell fish', CAST(6174520.65 AS Decimal(10, 2)))
GO
INSERT [dbo].[DichVu] ([MaDV], [TenDV], [ChiPhi]) VALUES (N'DV14 ', N'Shell fish', CAST(4488791.41 AS Decimal(10, 2)))
GO
INSERT [dbo].[DichVu] ([MaDV], [TenDV], [ChiPhi]) VALUES (N'DV15 ', N'Poultry', CAST(1743386.83 AS Decimal(10, 2)))
GO
INSERT [dbo].[DichVu] ([MaDV], [TenDV], [ChiPhi]) VALUES (N'DV16 ', N'Grain', CAST(8765512.17 AS Decimal(10, 2)))
GO
INSERT [dbo].[DichVu] ([MaDV], [TenDV], [ChiPhi]) VALUES (N'DV17 ', N'Shell fish', CAST(948693.29 AS Decimal(10, 2)))
GO
INSERT [dbo].[DichVu] ([MaDV], [TenDV], [ChiPhi]) VALUES (N'DV18 ', N'Produce', NULL)
GO
INSERT [dbo].[DichVu] ([MaDV], [TenDV], [ChiPhi]) VALUES (N'DV19 ', N'Snails', CAST(8964676.58 AS Decimal(10, 2)))
GO
INSERT [dbo].[DichVu] ([MaDV], [TenDV], [ChiPhi]) VALUES (N'DV20 ', N'Beverages', CAST(3953982.81 AS Decimal(10, 2)))
GO
INSERT [dbo].[DichVu] ([MaDV], [TenDV], [ChiPhi]) VALUES (N'DV21 ', N'Confections', CAST(9280505.55 AS Decimal(10, 2)))
GO
INSERT [dbo].[DichVu] ([MaDV], [TenDV], [ChiPhi]) VALUES (N'DV22 ', N'Confections', CAST(5604850.12 AS Decimal(10, 2)))
GO
INSERT [dbo].[DichVu] ([MaDV], [TenDV], [ChiPhi]) VALUES (N'DV23 ', N'Dairy', CAST(9803394.22 AS Decimal(10, 2)))
GO
INSERT [dbo].[DichVu] ([MaDV], [TenDV], [ChiPhi]) VALUES (N'DV24 ', N'Seafood', CAST(384561.54 AS Decimal(10, 2)))
GO
INSERT [dbo].[DichVu] ([MaDV], [TenDV], [ChiPhi]) VALUES (N'DV25 ', N'Shell fish', CAST(3476441.73 AS Decimal(10, 2)))
GO
INSERT [dbo].[DichVu] ([MaDV], [TenDV], [ChiPhi]) VALUES (N'DV26 ', N'Grain', CAST(5887775.06 AS Decimal(10, 2)))
GO
INSERT [dbo].[DichVu] ([MaDV], [TenDV], [ChiPhi]) VALUES (N'DV27 ', N'Poultry', CAST(8318313.84 AS Decimal(10, 2)))
GO
INSERT [dbo].[DichVu] ([MaDV], [TenDV], [ChiPhi]) VALUES (N'DV28 ', N'Snails', CAST(5542030.72 AS Decimal(10, 2)))
GO
INSERT [dbo].[DichVu] ([MaDV], [TenDV], [ChiPhi]) VALUES (N'DV29 ', N'Poultry', CAST(8511432.26 AS Decimal(10, 2)))
GO
INSERT [dbo].[DichVu] ([MaDV], [TenDV], [ChiPhi]) VALUES (N'DV30 ', N'Confections', CAST(3033909.25 AS Decimal(10, 2)))
GO
INSERT [dbo].[DichVu] ([MaDV], [TenDV], [ChiPhi]) VALUES (N'DV31 ', N'Cereals', CAST(2706186.15 AS Decimal(10, 2)))
GO
INSERT [dbo].[DichVu] ([MaDV], [TenDV], [ChiPhi]) VALUES (N'DV32 ', N'Poultry', CAST(579956.49 AS Decimal(10, 2)))
GO
INSERT [dbo].[DichVu] ([MaDV], [TenDV], [ChiPhi]) VALUES (N'DV33 ', N'Poultry', CAST(4936551.72 AS Decimal(10, 2)))
GO
INSERT [dbo].[DichVu] ([MaDV], [TenDV], [ChiPhi]) VALUES (N'DV34 ', N'Dairy', NULL)
GO
INSERT [dbo].[DichVu] ([MaDV], [TenDV], [ChiPhi]) VALUES (N'DV35 ', N'Seafood', CAST(3136136.04 AS Decimal(10, 2)))
GO
INSERT [dbo].[DichVu] ([MaDV], [TenDV], [ChiPhi]) VALUES (N'DV36 ', N'Grain', CAST(1082490.12 AS Decimal(10, 2)))
GO
INSERT [dbo].[DichVu] ([MaDV], [TenDV], [ChiPhi]) VALUES (N'DV37 ', N'Beverages', CAST(4510912.12 AS Decimal(10, 2)))
GO
INSERT [dbo].[DichVu] ([MaDV], [TenDV], [ChiPhi]) VALUES (N'DV38 ', N'Produce', CAST(3366130.74 AS Decimal(10, 2)))
GO
INSERT [dbo].[DichVu] ([MaDV], [TenDV], [ChiPhi]) VALUES (N'DV39 ', N'Beverages', CAST(3487903.34 AS Decimal(10, 2)))
GO
INSERT [dbo].[DichVu] ([MaDV], [TenDV], [ChiPhi]) VALUES (N'DV40 ', N'Dairy', CAST(847193.11 AS Decimal(10, 2)))
GO
INSERT [dbo].[DichVu] ([MaDV], [TenDV], [ChiPhi]) VALUES (N'DV41 ', N'Shell fish', CAST(7776353.31 AS Decimal(10, 2)))
GO
INSERT [dbo].[DichVu] ([MaDV], [TenDV], [ChiPhi]) VALUES (N'DV42 ', N'Cereals', CAST(9851965.83 AS Decimal(10, 2)))
GO
INSERT [dbo].[DichVu] ([MaDV], [TenDV], [ChiPhi]) VALUES (N'DV43 ', N'Confections', CAST(7677136.68 AS Decimal(10, 2)))
GO
INSERT [dbo].[DichVu] ([MaDV], [TenDV], [ChiPhi]) VALUES (N'DV44 ', N'Seafood', CAST(7720495.82 AS Decimal(10, 2)))
GO
INSERT [dbo].[DichVu] ([MaDV], [TenDV], [ChiPhi]) VALUES (N'DV45 ', N'Poultry', CAST(2598870.80 AS Decimal(10, 2)))
GO
INSERT [dbo].[DichVu] ([MaDV], [TenDV], [ChiPhi]) VALUES (N'DV46 ', N'Produce', CAST(8969938.77 AS Decimal(10, 2)))
GO
INSERT [dbo].[DichVu] ([MaDV], [TenDV], [ChiPhi]) VALUES (N'DV47 ', N'Meat', CAST(3453379.26 AS Decimal(10, 2)))
GO
INSERT [dbo].[DichVu] ([MaDV], [TenDV], [ChiPhi]) VALUES (N'DV48 ', N'Produce', CAST(3122987.93 AS Decimal(10, 2)))
GO
INSERT [dbo].[DichVu] ([MaDV], [TenDV], [ChiPhi]) VALUES (N'DV49 ', N'Produce', CAST(9594952.90 AS Decimal(10, 2)))
GO
INSERT [dbo].[DichVu] ([MaDV], [TenDV], [ChiPhi]) VALUES (N'DV50 ', N'Seafood', CAST(8129185.10 AS Decimal(10, 2)))
GO
INSERT [dbo].[DichVu] ([MaDV], [TenDV], [ChiPhi]) VALUES (N'DV51 ', N'Cereals', CAST(6460076.93 AS Decimal(10, 2)))
GO
INSERT [dbo].[DichVu] ([MaDV], [TenDV], [ChiPhi]) VALUES (N'DV52 ', N'Beverages', CAST(826118.87 AS Decimal(10, 2)))
GO
INSERT [dbo].[DichVu] ([MaDV], [TenDV], [ChiPhi]) VALUES (N'DV53 ', N'Snails', NULL)
GO
INSERT [dbo].[DichVu] ([MaDV], [TenDV], [ChiPhi]) VALUES (N'DV54 ', N'Meat', CAST(5963927.19 AS Decimal(10, 2)))
GO
INSERT [dbo].[DichVu] ([MaDV], [TenDV], [ChiPhi]) VALUES (N'DV55 ', N'Snails', CAST(1104056.00 AS Decimal(10, 2)))
GO
INSERT [dbo].[DichVu] ([MaDV], [TenDV], [ChiPhi]) VALUES (N'DV56 ', N'Cereals', NULL)
GO
INSERT [dbo].[DichVu] ([MaDV], [TenDV], [ChiPhi]) VALUES (N'DV57 ', N'Poultry', CAST(835078.94 AS Decimal(10, 2)))
GO
INSERT [dbo].[DichVu] ([MaDV], [TenDV], [ChiPhi]) VALUES (N'DV58 ', N'Beverages', CAST(9691874.03 AS Decimal(10, 2)))
GO
INSERT [dbo].[DichVu] ([MaDV], [TenDV], [ChiPhi]) VALUES (N'DV59 ', N'Meat', CAST(1179145.87 AS Decimal(10, 2)))
GO
INSERT [dbo].[DichVu] ([MaDV], [TenDV], [ChiPhi]) VALUES (N'DV60 ', N'Dairy', CAST(2139379.43 AS Decimal(10, 2)))
GO
INSERT [dbo].[DichVu] ([MaDV], [TenDV], [ChiPhi]) VALUES (N'DV61 ', N'Dairy', CAST(9077275.34 AS Decimal(10, 2)))
GO
INSERT [dbo].[DichVu] ([MaDV], [TenDV], [ChiPhi]) VALUES (N'DV62 ', N'Shell fish', CAST(6570131.01 AS Decimal(10, 2)))
GO
INSERT [dbo].[DichVu] ([MaDV], [TenDV], [ChiPhi]) VALUES (N'DV63 ', N'Seafood', CAST(3528422.00 AS Decimal(10, 2)))
GO
INSERT [dbo].[DichVu] ([MaDV], [TenDV], [ChiPhi]) VALUES (N'DV64 ', N'Cereals', CAST(5047816.90 AS Decimal(10, 2)))
GO
INSERT [dbo].[DichVu] ([MaDV], [TenDV], [ChiPhi]) VALUES (N'DV65 ', N'Shell fish', CAST(589031.47 AS Decimal(10, 2)))
GO
INSERT [dbo].[DichVu] ([MaDV], [TenDV], [ChiPhi]) VALUES (N'DV66 ', N'Seafood', CAST(4907969.47 AS Decimal(10, 2)))
GO
INSERT [dbo].[DichVu] ([MaDV], [TenDV], [ChiPhi]) VALUES (N'DV67 ', N'Seafood', CAST(3882740.35 AS Decimal(10, 2)))
GO
INSERT [dbo].[DichVu] ([MaDV], [TenDV], [ChiPhi]) VALUES (N'DV68 ', N'Beverages', CAST(982027.05 AS Decimal(10, 2)))
GO
INSERT [dbo].[DichVu] ([MaDV], [TenDV], [ChiPhi]) VALUES (N'DV69 ', N'Beverages', CAST(981115.42 AS Decimal(10, 2)))
GO
INSERT [dbo].[DichVu] ([MaDV], [TenDV], [ChiPhi]) VALUES (N'DV70 ', N'Cereals', CAST(9262252.57 AS Decimal(10, 2)))
GO
INSERT [dbo].[DichVu] ([MaDV], [TenDV], [ChiPhi]) VALUES (N'DV71 ', N'Dairy', CAST(6566005.03 AS Decimal(10, 2)))
GO
INSERT [dbo].[DichVu] ([MaDV], [TenDV], [ChiPhi]) VALUES (N'DV72 ', N'Poultry', CAST(9619542.07 AS Decimal(10, 2)))
GO
INSERT [dbo].[DichVu] ([MaDV], [TenDV], [ChiPhi]) VALUES (N'DV73 ', N'Cereals', CAST(5149221.93 AS Decimal(10, 2)))
GO
INSERT [dbo].[DichVu] ([MaDV], [TenDV], [ChiPhi]) VALUES (N'DV74 ', N'Meat', CAST(1772780.20 AS Decimal(10, 2)))
GO
INSERT [dbo].[DichVu] ([MaDV], [TenDV], [ChiPhi]) VALUES (N'DV75 ', N'Beverages', CAST(7340037.88 AS Decimal(10, 2)))
GO
INSERT [dbo].[DichVu] ([MaDV], [TenDV], [ChiPhi]) VALUES (N'DV76 ', N'Beverages', NULL)
GO
INSERT [dbo].[DichVu] ([MaDV], [TenDV], [ChiPhi]) VALUES (N'DV77 ', N'Produce', CAST(482981.75 AS Decimal(10, 2)))
GO
INSERT [dbo].[DichVu] ([MaDV], [TenDV], [ChiPhi]) VALUES (N'DV78 ', N'Cereals', CAST(1021307.09 AS Decimal(10, 2)))
GO
INSERT [dbo].[DichVu] ([MaDV], [TenDV], [ChiPhi]) VALUES (N'DV79 ', N'Cereals', CAST(6949108.40 AS Decimal(10, 2)))
GO
INSERT [dbo].[DichVu] ([MaDV], [TenDV], [ChiPhi]) VALUES (N'DV80 ', N'Cereals', CAST(2429922.78 AS Decimal(10, 2)))
GO
INSERT [dbo].[DichVu] ([MaDV], [TenDV], [ChiPhi]) VALUES (N'DV81 ', N'Snails', CAST(5378224.82 AS Decimal(10, 2)))
GO
INSERT [dbo].[DichVu] ([MaDV], [TenDV], [ChiPhi]) VALUES (N'DV82 ', N'Seafood', CAST(8145236.62 AS Decimal(10, 2)))
GO
INSERT [dbo].[DichVu] ([MaDV], [TenDV], [ChiPhi]) VALUES (N'DV83 ', N'Snails', CAST(7340087.03 AS Decimal(10, 2)))
GO
INSERT [dbo].[DichVu] ([MaDV], [TenDV], [ChiPhi]) VALUES (N'DV84 ', N'Confections', CAST(9095991.40 AS Decimal(10, 2)))
GO
INSERT [dbo].[DichVu] ([MaDV], [TenDV], [ChiPhi]) VALUES (N'DV85 ', N'Produce', CAST(7873742.46 AS Decimal(10, 2)))
GO
INSERT [dbo].[DichVu] ([MaDV], [TenDV], [ChiPhi]) VALUES (N'DV86 ', N'Seafood', CAST(6583594.16 AS Decimal(10, 2)))
GO
INSERT [dbo].[DichVu] ([MaDV], [TenDV], [ChiPhi]) VALUES (N'DV87 ', N'Cereals', CAST(2327333.22 AS Decimal(10, 2)))
GO
INSERT [dbo].[DichVu] ([MaDV], [TenDV], [ChiPhi]) VALUES (N'DV88 ', N'Seafood', NULL)
GO
INSERT [dbo].[DichVu] ([MaDV], [TenDV], [ChiPhi]) VALUES (N'DV89 ', N'Snails', CAST(6887892.06 AS Decimal(10, 2)))
GO
INSERT [dbo].[DichVu] ([MaDV], [TenDV], [ChiPhi]) VALUES (N'DV90 ', N'Cereals', CAST(7060574.11 AS Decimal(10, 2)))
GO
INSERT [dbo].[DichVu] ([MaDV], [TenDV], [ChiPhi]) VALUES (N'DV91 ', N'Snails', CAST(4380450.33 AS Decimal(10, 2)))
GO
INSERT [dbo].[DichVu] ([MaDV], [TenDV], [ChiPhi]) VALUES (N'DV92 ', N'Beverages', CAST(6418779.93 AS Decimal(10, 2)))
GO
INSERT [dbo].[DichVu] ([MaDV], [TenDV], [ChiPhi]) VALUES (N'DV93 ', N'Shell fish', CAST(9275678.40 AS Decimal(10, 2)))
GO
INSERT [dbo].[DichVu] ([MaDV], [TenDV], [ChiPhi]) VALUES (N'DV94 ', N'Beverages', CAST(4101209.69 AS Decimal(10, 2)))
GO
INSERT [dbo].[DichVu] ([MaDV], [TenDV], [ChiPhi]) VALUES (N'DV95 ', N'Grain', CAST(2866146.95 AS Decimal(10, 2)))
GO
INSERT [dbo].[DichVu] ([MaDV], [TenDV], [ChiPhi]) VALUES (N'DV96 ', N'Confections', CAST(7733829.60 AS Decimal(10, 2)))
GO
INSERT [dbo].[DichVu] ([MaDV], [TenDV], [ChiPhi]) VALUES (N'DV97 ', N'Dairy', CAST(5994190.35 AS Decimal(10, 2)))
GO
INSERT [dbo].[DichVu] ([MaDV], [TenDV], [ChiPhi]) VALUES (N'DV98 ', N'Cereals', CAST(174855.78 AS Decimal(10, 2)))
GO
INSERT [dbo].[DichVu] ([MaDV], [TenDV], [ChiPhi]) VALUES (N'DV99 ', N'Dairy', CAST(210945.86 AS Decimal(10, 2)))
GO
INSERT [dbo].[HS_DV] ([MaHS], [MaDV]) VALUES (N'HS00 ', N'DV00 ')
GO
INSERT [dbo].[HS_DV] ([MaHS], [MaDV]) VALUES (N'HS00 ', N'DV19 ')
GO
INSERT [dbo].[HS_DV] ([MaHS], [MaDV]) VALUES (N'HS00 ', N'DV21 ')
GO
INSERT [dbo].[HS_DV] ([MaHS], [MaDV]) VALUES (N'HS00 ', N'DV38 ')
GO
INSERT [dbo].[HS_DV] ([MaHS], [MaDV]) VALUES (N'HS00 ', N'DV54 ')
GO
INSERT [dbo].[HS_DV] ([MaHS], [MaDV]) VALUES (N'HS00 ', N'DV55 ')
GO
INSERT [dbo].[HS_DV] ([MaHS], [MaDV]) VALUES (N'HS00 ', N'DV72 ')
GO
INSERT [dbo].[HS_DV] ([MaHS], [MaDV]) VALUES (N'HS00 ', N'DV76 ')
GO
INSERT [dbo].[HS_DV] ([MaHS], [MaDV]) VALUES (N'HS00 ', N'DV81 ')
GO
INSERT [dbo].[HS_DV] ([MaHS], [MaDV]) VALUES (N'HS00 ', N'DV91 ')
GO
INSERT [dbo].[HS_DV] ([MaHS], [MaDV]) VALUES (N'HS01 ', N'DV01 ')
GO
INSERT [dbo].[HS_DV] ([MaHS], [MaDV]) VALUES (N'HS01 ', N'DV10 ')
GO
INSERT [dbo].[HS_DV] ([MaHS], [MaDV]) VALUES (N'HS01 ', N'DV22 ')
GO
INSERT [dbo].[HS_DV] ([MaHS], [MaDV]) VALUES (N'HS01 ', N'DV31 ')
GO
INSERT [dbo].[HS_DV] ([MaHS], [MaDV]) VALUES (N'HS01 ', N'DV34 ')
GO
INSERT [dbo].[HS_DV] ([MaHS], [MaDV]) VALUES (N'HS01 ', N'DV46 ')
GO
INSERT [dbo].[HS_DV] ([MaHS], [MaDV]) VALUES (N'HS01 ', N'DV68 ')
GO
INSERT [dbo].[HS_DV] ([MaHS], [MaDV]) VALUES (N'HS01 ', N'DV74 ')
GO
INSERT [dbo].[HS_DV] ([MaHS], [MaDV]) VALUES (N'HS01 ', N'DV86 ')
GO
INSERT [dbo].[HS_DV] ([MaHS], [MaDV]) VALUES (N'HS01 ', N'DV92 ')
GO
INSERT [dbo].[HS_DV] ([MaHS], [MaDV]) VALUES (N'HS02 ', N'DV02 ')
GO
INSERT [dbo].[HS_DV] ([MaHS], [MaDV]) VALUES (N'HS02 ', N'DV03 ')
GO
INSERT [dbo].[HS_DV] ([MaHS], [MaDV]) VALUES (N'HS02 ', N'DV29 ')
GO
INSERT [dbo].[HS_DV] ([MaHS], [MaDV]) VALUES (N'HS02 ', N'DV65 ')
GO
INSERT [dbo].[HS_DV] ([MaHS], [MaDV]) VALUES (N'HS02 ', N'DV66 ')
GO
INSERT [dbo].[HS_DV] ([MaHS], [MaDV]) VALUES (N'HS02 ', N'DV79 ')
GO
INSERT [dbo].[HS_DV] ([MaHS], [MaDV]) VALUES (N'HS02 ', N'DV82 ')
GO
INSERT [dbo].[HS_DV] ([MaHS], [MaDV]) VALUES (N'HS02 ', N'DV85 ')
GO
INSERT [dbo].[HS_DV] ([MaHS], [MaDV]) VALUES (N'HS02 ', N'DV96 ')
GO
INSERT [dbo].[HS_DV] ([MaHS], [MaDV]) VALUES (N'HS02 ', N'DV99 ')
GO
INSERT [dbo].[HS_DV] ([MaHS], [MaDV]) VALUES (N'HS03 ', N'DV03 ')
GO
INSERT [dbo].[HS_DV] ([MaHS], [MaDV]) VALUES (N'HS03 ', N'DV07 ')
GO
INSERT [dbo].[HS_DV] ([MaHS], [MaDV]) VALUES (N'HS03 ', N'DV16 ')
GO
INSERT [dbo].[HS_DV] ([MaHS], [MaDV]) VALUES (N'HS03 ', N'DV26 ')
GO
INSERT [dbo].[HS_DV] ([MaHS], [MaDV]) VALUES (N'HS03 ', N'DV39 ')
GO
INSERT [dbo].[HS_DV] ([MaHS], [MaDV]) VALUES (N'HS03 ', N'DV48 ')
GO
INSERT [dbo].[HS_DV] ([MaHS], [MaDV]) VALUES (N'HS03 ', N'DV49 ')
GO
INSERT [dbo].[HS_DV] ([MaHS], [MaDV]) VALUES (N'HS03 ', N'DV63 ')
GO
INSERT [dbo].[HS_DV] ([MaHS], [MaDV]) VALUES (N'HS03 ', N'DV66 ')
GO
INSERT [dbo].[HS_DV] ([MaHS], [MaDV]) VALUES (N'HS03 ', N'DV90 ')
GO
INSERT [dbo].[HS_DV] ([MaHS], [MaDV]) VALUES (N'HS04 ', N'DV00 ')
GO
INSERT [dbo].[HS_DV] ([MaHS], [MaDV]) VALUES (N'HS04 ', N'DV04 ')
GO
INSERT [dbo].[HS_DV] ([MaHS], [MaDV]) VALUES (N'HS04 ', N'DV20 ')
GO
INSERT [dbo].[HS_DV] ([MaHS], [MaDV]) VALUES (N'HS04 ', N'DV21 ')
GO
INSERT [dbo].[HS_DV] ([MaHS], [MaDV]) VALUES (N'HS04 ', N'DV38 ')
GO
INSERT [dbo].[HS_DV] ([MaHS], [MaDV]) VALUES (N'HS04 ', N'DV54 ')
GO
INSERT [dbo].[HS_DV] ([MaHS], [MaDV]) VALUES (N'HS04 ', N'DV72 ')
GO
INSERT [dbo].[HS_DV] ([MaHS], [MaDV]) VALUES (N'HS04 ', N'DV76 ')
GO
INSERT [dbo].[HS_DV] ([MaHS], [MaDV]) VALUES (N'HS04 ', N'DV80 ')
GO
INSERT [dbo].[HS_DV] ([MaHS], [MaDV]) VALUES (N'HS04 ', N'DV81 ')
GO
INSERT [dbo].[HS_DV] ([MaHS], [MaDV]) VALUES (N'HS05 ', N'DV05 ')
GO
INSERT [dbo].[HS_DV] ([MaHS], [MaDV]) VALUES (N'HS05 ', N'DV08 ')
GO
INSERT [dbo].[HS_DV] ([MaHS], [MaDV]) VALUES (N'HS05 ', N'DV13 ')
GO
INSERT [dbo].[HS_DV] ([MaHS], [MaDV]) VALUES (N'HS05 ', N'DV23 ')
GO
INSERT [dbo].[HS_DV] ([MaHS], [MaDV]) VALUES (N'HS05 ', N'DV33 ')
GO
INSERT [dbo].[HS_DV] ([MaHS], [MaDV]) VALUES (N'HS05 ', N'DV36 ')
GO
INSERT [dbo].[HS_DV] ([MaHS], [MaDV]) VALUES (N'HS05 ', N'DV47 ')
GO
INSERT [dbo].[HS_DV] ([MaHS], [MaDV]) VALUES (N'HS05 ', N'DV50 ')
GO
INSERT [dbo].[HS_DV] ([MaHS], [MaDV]) VALUES (N'HS05 ', N'DV56 ')
GO
INSERT [dbo].[HS_DV] ([MaHS], [MaDV]) VALUES (N'HS05 ', N'DV89 ')
GO
INSERT [dbo].[HS_DV] ([MaHS], [MaDV]) VALUES (N'HS06 ', N'DV06 ')
GO
INSERT [dbo].[HS_DV] ([MaHS], [MaDV]) VALUES (N'HS06 ', N'DV11 ')
GO
INSERT [dbo].[HS_DV] ([MaHS], [MaDV]) VALUES (N'HS06 ', N'DV17 ')
GO
INSERT [dbo].[HS_DV] ([MaHS], [MaDV]) VALUES (N'HS06 ', N'DV35 ')
GO
INSERT [dbo].[HS_DV] ([MaHS], [MaDV]) VALUES (N'HS06 ', N'DV51 ')
GO
INSERT [dbo].[HS_DV] ([MaHS], [MaDV]) VALUES (N'HS06 ', N'DV53 ')
GO
INSERT [dbo].[HS_DV] ([MaHS], [MaDV]) VALUES (N'HS06 ', N'DV60 ')
GO
INSERT [dbo].[HS_DV] ([MaHS], [MaDV]) VALUES (N'HS06 ', N'DV73 ')
GO
INSERT [dbo].[HS_DV] ([MaHS], [MaDV]) VALUES (N'HS06 ', N'DV75 ')
GO
INSERT [dbo].[HS_DV] ([MaHS], [MaDV]) VALUES (N'HS06 ', N'DV94 ')
GO
INSERT [dbo].[HS_DV] ([MaHS], [MaDV]) VALUES (N'HS07 ', N'DV01 ')
GO
INSERT [dbo].[HS_DV] ([MaHS], [MaDV]) VALUES (N'HS07 ', N'DV07 ')
GO
INSERT [dbo].[HS_DV] ([MaHS], [MaDV]) VALUES (N'HS07 ', N'DV16 ')
GO
INSERT [dbo].[HS_DV] ([MaHS], [MaDV]) VALUES (N'HS07 ', N'DV26 ')
GO
INSERT [dbo].[HS_DV] ([MaHS], [MaDV]) VALUES (N'HS07 ', N'DV31 ')
GO
INSERT [dbo].[HS_DV] ([MaHS], [MaDV]) VALUES (N'HS07 ', N'DV34 ')
GO
INSERT [dbo].[HS_DV] ([MaHS], [MaDV]) VALUES (N'HS07 ', N'DV39 ')
GO
INSERT [dbo].[HS_DV] ([MaHS], [MaDV]) VALUES (N'HS07 ', N'DV59 ')
GO
INSERT [dbo].[HS_DV] ([MaHS], [MaDV]) VALUES (N'HS07 ', N'DV71 ')
GO
INSERT [dbo].[HS_DV] ([MaHS], [MaDV]) VALUES (N'HS07 ', N'DV95 ')
GO
INSERT [dbo].[HS_DV] ([MaHS], [MaDV]) VALUES (N'HS08 ', N'DV08 ')
GO
INSERT [dbo].[HS_DV] ([MaHS], [MaDV]) VALUES (N'HS08 ', N'DV13 ')
GO
INSERT [dbo].[HS_DV] ([MaHS], [MaDV]) VALUES (N'HS08 ', N'DV23 ')
GO
INSERT [dbo].[HS_DV] ([MaHS], [MaDV]) VALUES (N'HS08 ', N'DV32 ')
GO
INSERT [dbo].[HS_DV] ([MaHS], [MaDV]) VALUES (N'HS08 ', N'DV33 ')
GO
INSERT [dbo].[HS_DV] ([MaHS], [MaDV]) VALUES (N'HS08 ', N'DV36 ')
GO
INSERT [dbo].[HS_DV] ([MaHS], [MaDV]) VALUES (N'HS08 ', N'DV47 ')
GO
INSERT [dbo].[HS_DV] ([MaHS], [MaDV]) VALUES (N'HS08 ', N'DV64 ')
GO
INSERT [dbo].[HS_DV] ([MaHS], [MaDV]) VALUES (N'HS08 ', N'DV77 ')
GO
INSERT [dbo].[HS_DV] ([MaHS], [MaDV]) VALUES (N'HS08 ', N'DV89 ')
GO
INSERT [dbo].[HS_DV] ([MaHS], [MaDV]) VALUES (N'HS09 ', N'DV00 ')
GO
INSERT [dbo].[HS_DV] ([MaHS], [MaDV]) VALUES (N'HS09 ', N'DV04 ')
GO
INSERT [dbo].[HS_DV] ([MaHS], [MaDV]) VALUES (N'HS09 ', N'DV09 ')
GO
INSERT [dbo].[HS_DV] ([MaHS], [MaDV]) VALUES (N'HS09 ', N'DV20 ')
GO
INSERT [dbo].[HS_DV] ([MaHS], [MaDV]) VALUES (N'HS09 ', N'DV21 ')
GO
INSERT [dbo].[HS_DV] ([MaHS], [MaDV]) VALUES (N'HS09 ', N'DV24 ')
GO
INSERT [dbo].[HS_DV] ([MaHS], [MaDV]) VALUES (N'HS09 ', N'DV27 ')
GO
INSERT [dbo].[HS_DV] ([MaHS], [MaDV]) VALUES (N'HS09 ', N'DV38 ')
GO
INSERT [dbo].[HS_DV] ([MaHS], [MaDV]) VALUES (N'HS09 ', N'DV72 ')
GO
INSERT [dbo].[HS_DV] ([MaHS], [MaDV]) VALUES (N'HS09 ', N'DV80 ')
GO
INSERT [dbo].[HS_DV] ([MaHS], [MaDV]) VALUES (N'HS10 ', N'DV10 ')
GO
INSERT [dbo].[HS_DV] ([MaHS], [MaDV]) VALUES (N'HS10 ', N'DV12 ')
GO
INSERT [dbo].[HS_DV] ([MaHS], [MaDV]) VALUES (N'HS10 ', N'DV18 ')
GO
INSERT [dbo].[HS_DV] ([MaHS], [MaDV]) VALUES (N'HS10 ', N'DV22 ')
GO
INSERT [dbo].[HS_DV] ([MaHS], [MaDV]) VALUES (N'HS10 ', N'DV30 ')
GO
INSERT [dbo].[HS_DV] ([MaHS], [MaDV]) VALUES (N'HS10 ', N'DV37 ')
GO
INSERT [dbo].[HS_DV] ([MaHS], [MaDV]) VALUES (N'HS10 ', N'DV40 ')
GO
INSERT [dbo].[HS_DV] ([MaHS], [MaDV]) VALUES (N'HS10 ', N'DV69 ')
GO
INSERT [dbo].[HS_DV] ([MaHS], [MaDV]) VALUES (N'HS10 ', N'DV74 ')
GO
INSERT [dbo].[HS_DV] ([MaHS], [MaDV]) VALUES (N'HS10 ', N'DV86 ')
GO
INSERT [dbo].[HS_DV] ([MaHS], [MaDV]) VALUES (N'HS11 ', N'DV05 ')
GO
INSERT [dbo].[HS_DV] ([MaHS], [MaDV]) VALUES (N'HS11 ', N'DV11 ')
GO
INSERT [dbo].[HS_DV] ([MaHS], [MaDV]) VALUES (N'HS11 ', N'DV17 ')
GO
INSERT [dbo].[HS_DV] ([MaHS], [MaDV]) VALUES (N'HS11 ', N'DV35 ')
GO
INSERT [dbo].[HS_DV] ([MaHS], [MaDV]) VALUES (N'HS11 ', N'DV51 ')
GO
INSERT [dbo].[HS_DV] ([MaHS], [MaDV]) VALUES (N'HS11 ', N'DV53 ')
GO
INSERT [dbo].[HS_DV] ([MaHS], [MaDV]) VALUES (N'HS11 ', N'DV60 ')
GO
INSERT [dbo].[HS_DV] ([MaHS], [MaDV]) VALUES (N'HS11 ', N'DV70 ')
GO
INSERT [dbo].[HS_DV] ([MaHS], [MaDV]) VALUES (N'HS11 ', N'DV73 ')
GO
INSERT [dbo].[HS_DV] ([MaHS], [MaDV]) VALUES (N'HS11 ', N'DV94 ')
GO
INSERT [dbo].[HS_DV] ([MaHS], [MaDV]) VALUES (N'HS12 ', N'DV12 ')
GO
INSERT [dbo].[HS_DV] ([MaHS], [MaDV]) VALUES (N'HS12 ', N'DV14 ')
GO
INSERT [dbo].[HS_DV] ([MaHS], [MaDV]) VALUES (N'HS12 ', N'DV18 ')
GO
INSERT [dbo].[HS_DV] ([MaHS], [MaDV]) VALUES (N'HS12 ', N'DV37 ')
GO
INSERT [dbo].[HS_DV] ([MaHS], [MaDV]) VALUES (N'HS12 ', N'DV43 ')
GO
INSERT [dbo].[HS_DV] ([MaHS], [MaDV]) VALUES (N'HS12 ', N'DV57 ')
GO
INSERT [dbo].[HS_DV] ([MaHS], [MaDV]) VALUES (N'HS12 ', N'DV67 ')
GO
INSERT [dbo].[HS_DV] ([MaHS], [MaDV]) VALUES (N'HS12 ', N'DV69 ')
GO
INSERT [dbo].[HS_DV] ([MaHS], [MaDV]) VALUES (N'HS12 ', N'DV78 ')
GO
INSERT [dbo].[HS_DV] ([MaHS], [MaDV]) VALUES (N'HS12 ', N'DV84 ')
GO
INSERT [dbo].[HS_DV] ([MaHS], [MaDV]) VALUES (N'HS13 ', N'DV13 ')
GO
INSERT [dbo].[HS_DV] ([MaHS], [MaDV]) VALUES (N'HS13 ', N'DV23 ')
GO
INSERT [dbo].[HS_DV] ([MaHS], [MaDV]) VALUES (N'HS13 ', N'DV32 ')
GO
INSERT [dbo].[HS_DV] ([MaHS], [MaDV]) VALUES (N'HS13 ', N'DV33 ')
GO
INSERT [dbo].[HS_DV] ([MaHS], [MaDV]) VALUES (N'HS13 ', N'DV36 ')
GO
INSERT [dbo].[HS_DV] ([MaHS], [MaDV]) VALUES (N'HS13 ', N'DV41 ')
GO
INSERT [dbo].[HS_DV] ([MaHS], [MaDV]) VALUES (N'HS13 ', N'DV47 ')
GO
INSERT [dbo].[HS_DV] ([MaHS], [MaDV]) VALUES (N'HS13 ', N'DV61 ')
GO
INSERT [dbo].[HS_DV] ([MaHS], [MaDV]) VALUES (N'HS13 ', N'DV64 ')
GO
INSERT [dbo].[HS_DV] ([MaHS], [MaDV]) VALUES (N'HS13 ', N'DV77 ')
GO
INSERT [dbo].[HS_DV] ([MaHS], [MaDV]) VALUES (N'HS14 ', N'DV14 ')
GO
INSERT [dbo].[HS_DV] ([MaHS], [MaDV]) VALUES (N'HS14 ', N'DV15 ')
GO
INSERT [dbo].[HS_DV] ([MaHS], [MaDV]) VALUES (N'HS14 ', N'DV52 ')
GO
INSERT [dbo].[HS_DV] ([MaHS], [MaDV]) VALUES (N'HS14 ', N'DV58 ')
GO
INSERT [dbo].[HS_DV] ([MaHS], [MaDV]) VALUES (N'HS14 ', N'DV67 ')
GO
INSERT [dbo].[HS_DV] ([MaHS], [MaDV]) VALUES (N'HS14 ', N'DV78 ')
GO
INSERT [dbo].[HS_DV] ([MaHS], [MaDV]) VALUES (N'HS14 ', N'DV83 ')
GO
INSERT [dbo].[HS_DV] ([MaHS], [MaDV]) VALUES (N'HS14 ', N'DV84 ')
GO
INSERT [dbo].[HS_DV] ([MaHS], [MaDV]) VALUES (N'HS14 ', N'DV87 ')
GO
INSERT [dbo].[HS_DV] ([MaHS], [MaDV]) VALUES (N'HS14 ', N'DV88 ')
GO
INSERT [dbo].[HS_DV] ([MaHS], [MaDV]) VALUES (N'HS15 ', N'DV06 ')
GO
INSERT [dbo].[HS_DV] ([MaHS], [MaDV]) VALUES (N'HS15 ', N'DV11 ')
GO
INSERT [dbo].[HS_DV] ([MaHS], [MaDV]) VALUES (N'HS15 ', N'DV15 ')
GO
INSERT [dbo].[HS_DV] ([MaHS], [MaDV]) VALUES (N'HS15 ', N'DV17 ')
GO
INSERT [dbo].[HS_DV] ([MaHS], [MaDV]) VALUES (N'HS15 ', N'DV53 ')
GO
INSERT [dbo].[HS_DV] ([MaHS], [MaDV]) VALUES (N'HS15 ', N'DV73 ')
GO
INSERT [dbo].[HS_DV] ([MaHS], [MaDV]) VALUES (N'HS15 ', N'DV75 ')
GO
INSERT [dbo].[HS_DV] ([MaHS], [MaDV]) VALUES (N'HS15 ', N'DV87 ')
GO
INSERT [dbo].[HS_DV] ([MaHS], [MaDV]) VALUES (N'HS15 ', N'DV88 ')
GO
INSERT [dbo].[HS_DV] ([MaHS], [MaDV]) VALUES (N'HS15 ', N'DV94 ')
GO
INSERT [dbo].[HS_DV] ([MaHS], [MaDV]) VALUES (N'HS16 ', N'DV01 ')
GO
INSERT [dbo].[HS_DV] ([MaHS], [MaDV]) VALUES (N'HS16 ', N'DV16 ')
GO
INSERT [dbo].[HS_DV] ([MaHS], [MaDV]) VALUES (N'HS16 ', N'DV26 ')
GO
INSERT [dbo].[HS_DV] ([MaHS], [MaDV]) VALUES (N'HS16 ', N'DV31 ')
GO
INSERT [dbo].[HS_DV] ([MaHS], [MaDV]) VALUES (N'HS16 ', N'DV34 ')
GO
INSERT [dbo].[HS_DV] ([MaHS], [MaDV]) VALUES (N'HS16 ', N'DV39 ')
GO
INSERT [dbo].[HS_DV] ([MaHS], [MaDV]) VALUES (N'HS16 ', N'DV59 ')
GO
INSERT [dbo].[HS_DV] ([MaHS], [MaDV]) VALUES (N'HS16 ', N'DV71 ')
GO
INSERT [dbo].[HS_DV] ([MaHS], [MaDV]) VALUES (N'HS16 ', N'DV92 ')
GO
INSERT [dbo].[HS_DV] ([MaHS], [MaDV]) VALUES (N'HS16 ', N'DV95 ')
GO
INSERT [dbo].[HS_DV] ([MaHS], [MaDV]) VALUES (N'HS17 ', N'DV05 ')
GO
INSERT [dbo].[HS_DV] ([MaHS], [MaDV]) VALUES (N'HS17 ', N'DV08 ')
GO
INSERT [dbo].[HS_DV] ([MaHS], [MaDV]) VALUES (N'HS17 ', N'DV17 ')
GO
INSERT [dbo].[HS_DV] ([MaHS], [MaDV]) VALUES (N'HS17 ', N'DV35 ')
GO
INSERT [dbo].[HS_DV] ([MaHS], [MaDV]) VALUES (N'HS17 ', N'DV50 ')
GO
INSERT [dbo].[HS_DV] ([MaHS], [MaDV]) VALUES (N'HS17 ', N'DV51 ')
GO
INSERT [dbo].[HS_DV] ([MaHS], [MaDV]) VALUES (N'HS17 ', N'DV56 ')
GO
INSERT [dbo].[HS_DV] ([MaHS], [MaDV]) VALUES (N'HS17 ', N'DV60 ')
GO
INSERT [dbo].[HS_DV] ([MaHS], [MaDV]) VALUES (N'HS17 ', N'DV70 ')
GO
INSERT [dbo].[HS_DV] ([MaHS], [MaDV]) VALUES (N'HS17 ', N'DV94 ')
GO
INSERT [dbo].[HS_DV] ([MaHS], [MaDV]) VALUES (N'HS18 ', N'DV14 ')
GO
INSERT [dbo].[HS_DV] ([MaHS], [MaDV]) VALUES (N'HS18 ', N'DV18 ')
GO
INSERT [dbo].[HS_DV] ([MaHS], [MaDV]) VALUES (N'HS18 ', N'DV37 ')
GO
INSERT [dbo].[HS_DV] ([MaHS], [MaDV]) VALUES (N'HS18 ', N'DV43 ')
GO
INSERT [dbo].[HS_DV] ([MaHS], [MaDV]) VALUES (N'HS18 ', N'DV57 ')
GO
INSERT [dbo].[HS_DV] ([MaHS], [MaDV]) VALUES (N'HS18 ', N'DV67 ')
GO
INSERT [dbo].[HS_DV] ([MaHS], [MaDV]) VALUES (N'HS18 ', N'DV69 ')
GO
INSERT [dbo].[HS_DV] ([MaHS], [MaDV]) VALUES (N'HS18 ', N'DV78 ')
GO
INSERT [dbo].[HS_DV] ([MaHS], [MaDV]) VALUES (N'HS18 ', N'DV83 ')
GO
INSERT [dbo].[HS_DV] ([MaHS], [MaDV]) VALUES (N'HS18 ', N'DV84 ')
GO
INSERT [dbo].[HS_DV] ([MaHS], [MaDV]) VALUES (N'HS19 ', N'DV19 ')
GO
INSERT [dbo].[HS_DV] ([MaHS], [MaDV]) VALUES (N'HS19 ', N'DV25 ')
GO
INSERT [dbo].[HS_DV] ([MaHS], [MaDV]) VALUES (N'HS19 ', N'DV28 ')
GO
INSERT [dbo].[HS_DV] ([MaHS], [MaDV]) VALUES (N'HS19 ', N'DV42 ')
GO
INSERT [dbo].[HS_DV] ([MaHS], [MaDV]) VALUES (N'HS19 ', N'DV44 ')
GO
INSERT [dbo].[HS_DV] ([MaHS], [MaDV]) VALUES (N'HS19 ', N'DV45 ')
GO
INSERT [dbo].[HS_DV] ([MaHS], [MaDV]) VALUES (N'HS19 ', N'DV55 ')
GO
INSERT [dbo].[HS_DV] ([MaHS], [MaDV]) VALUES (N'HS19 ', N'DV62 ')
GO
INSERT [dbo].[HS_DV] ([MaHS], [MaDV]) VALUES (N'HS19 ', N'DV91 ')
GO
INSERT [dbo].[HS_DV] ([MaHS], [MaDV]) VALUES (N'HS19 ', N'DV97 ')
GO
INSERT [dbo].[HS_DV] ([MaHS], [MaDV]) VALUES (N'HS20 ', N'DV00 ')
GO
INSERT [dbo].[HS_DV] ([MaHS], [MaDV]) VALUES (N'HS20 ', N'DV19 ')
GO
INSERT [dbo].[HS_DV] ([MaHS], [MaDV]) VALUES (N'HS20 ', N'DV20 ')
GO
INSERT [dbo].[HS_DV] ([MaHS], [MaDV]) VALUES (N'HS20 ', N'DV21 ')
GO
INSERT [dbo].[HS_DV] ([MaHS], [MaDV]) VALUES (N'HS20 ', N'DV38 ')
GO
INSERT [dbo].[HS_DV] ([MaHS], [MaDV]) VALUES (N'HS20 ', N'DV54 ')
GO
INSERT [dbo].[HS_DV] ([MaHS], [MaDV]) VALUES (N'HS20 ', N'DV72 ')
GO
INSERT [dbo].[HS_DV] ([MaHS], [MaDV]) VALUES (N'HS20 ', N'DV76 ')
GO
INSERT [dbo].[HS_DV] ([MaHS], [MaDV]) VALUES (N'HS20 ', N'DV80 ')
GO
INSERT [dbo].[HS_DV] ([MaHS], [MaDV]) VALUES (N'HS20 ', N'DV81 ')
GO
INSERT [dbo].[HS_DV] ([MaHS], [MaDV]) VALUES (N'HS21 ', N'DV19 ')
GO
INSERT [dbo].[HS_DV] ([MaHS], [MaDV]) VALUES (N'HS21 ', N'DV21 ')
GO
INSERT [dbo].[HS_DV] ([MaHS], [MaDV]) VALUES (N'HS21 ', N'DV38 ')
GO
INSERT [dbo].[HS_DV] ([MaHS], [MaDV]) VALUES (N'HS21 ', N'DV42 ')
GO
INSERT [dbo].[HS_DV] ([MaHS], [MaDV]) VALUES (N'HS21 ', N'DV54 ')
GO
INSERT [dbo].[HS_DV] ([MaHS], [MaDV]) VALUES (N'HS21 ', N'DV55 ')
GO
INSERT [dbo].[HS_DV] ([MaHS], [MaDV]) VALUES (N'HS21 ', N'DV72 ')
GO
INSERT [dbo].[HS_DV] ([MaHS], [MaDV]) VALUES (N'HS21 ', N'DV76 ')
GO
INSERT [dbo].[HS_DV] ([MaHS], [MaDV]) VALUES (N'HS21 ', N'DV81 ')
GO
INSERT [dbo].[HS_DV] ([MaHS], [MaDV]) VALUES (N'HS21 ', N'DV91 ')
GO
INSERT [dbo].[HS_DV] ([MaHS], [MaDV]) VALUES (N'HS22 ', N'DV12 ')
GO
INSERT [dbo].[HS_DV] ([MaHS], [MaDV]) VALUES (N'HS22 ', N'DV18 ')
GO
INSERT [dbo].[HS_DV] ([MaHS], [MaDV]) VALUES (N'HS22 ', N'DV22 ')
GO
INSERT [dbo].[HS_DV] ([MaHS], [MaDV]) VALUES (N'HS22 ', N'DV30 ')
GO
INSERT [dbo].[HS_DV] ([MaHS], [MaDV]) VALUES (N'HS22 ', N'DV37 ')
GO
INSERT [dbo].[HS_DV] ([MaHS], [MaDV]) VALUES (N'HS22 ', N'DV40 ')
GO
INSERT [dbo].[HS_DV] ([MaHS], [MaDV]) VALUES (N'HS22 ', N'DV57 ')
GO
INSERT [dbo].[HS_DV] ([MaHS], [MaDV]) VALUES (N'HS22 ', N'DV69 ')
GO
INSERT [dbo].[HS_DV] ([MaHS], [MaDV]) VALUES (N'HS22 ', N'DV74 ')
GO
INSERT [dbo].[HS_DV] ([MaHS], [MaDV]) VALUES (N'HS22 ', N'DV86 ')
GO
INSERT [dbo].[HS_DV] ([MaHS], [MaDV]) VALUES (N'HS23 ', N'DV09 ')
GO
INSERT [dbo].[HS_DV] ([MaHS], [MaDV]) VALUES (N'HS23 ', N'DV23 ')
GO
INSERT [dbo].[HS_DV] ([MaHS], [MaDV]) VALUES (N'HS23 ', N'DV24 ')
GO
INSERT [dbo].[HS_DV] ([MaHS], [MaDV]) VALUES (N'HS23 ', N'DV32 ')
GO
INSERT [dbo].[HS_DV] ([MaHS], [MaDV]) VALUES (N'HS23 ', N'DV41 ')
GO
INSERT [dbo].[HS_DV] ([MaHS], [MaDV]) VALUES (N'HS23 ', N'DV47 ')
GO
INSERT [dbo].[HS_DV] ([MaHS], [MaDV]) VALUES (N'HS23 ', N'DV61 ')
GO
INSERT [dbo].[HS_DV] ([MaHS], [MaDV]) VALUES (N'HS23 ', N'DV64 ')
GO
INSERT [dbo].[HS_DV] ([MaHS], [MaDV]) VALUES (N'HS23 ', N'DV77 ')
GO
INSERT [dbo].[HS_DV] ([MaHS], [MaDV]) VALUES (N'HS23 ', N'DV93 ')
GO
INSERT [dbo].[HS_DV] ([MaHS], [MaDV]) VALUES (N'HS24 ', N'DV00 ')
GO
INSERT [dbo].[HS_DV] ([MaHS], [MaDV]) VALUES (N'HS24 ', N'DV04 ')
GO
INSERT [dbo].[HS_DV] ([MaHS], [MaDV]) VALUES (N'HS24 ', N'DV20 ')
GO
INSERT [dbo].[HS_DV] ([MaHS], [MaDV]) VALUES (N'HS24 ', N'DV21 ')
GO
INSERT [dbo].[HS_DV] ([MaHS], [MaDV]) VALUES (N'HS24 ', N'DV24 ')
GO
INSERT [dbo].[HS_DV] ([MaHS], [MaDV]) VALUES (N'HS24 ', N'DV27 ')
GO
INSERT [dbo].[HS_DV] ([MaHS], [MaDV]) VALUES (N'HS24 ', N'DV38 ')
GO
INSERT [dbo].[HS_DV] ([MaHS], [MaDV]) VALUES (N'HS24 ', N'DV72 ')
GO
INSERT [dbo].[HS_DV] ([MaHS], [MaDV]) VALUES (N'HS24 ', N'DV80 ')
GO
INSERT [dbo].[HS_DV] ([MaHS], [MaDV]) VALUES (N'HS24 ', N'DV81 ')
GO
INSERT [dbo].[HS_DV] ([MaHS], [MaDV]) VALUES (N'HS25 ', N'DV02 ')
GO
INSERT [dbo].[HS_DV] ([MaHS], [MaDV]) VALUES (N'HS25 ', N'DV25 ')
GO
INSERT [dbo].[HS_DV] ([MaHS], [MaDV]) VALUES (N'HS25 ', N'DV28 ')
GO
INSERT [dbo].[HS_DV] ([MaHS], [MaDV]) VALUES (N'HS25 ', N'DV44 ')
GO
INSERT [dbo].[HS_DV] ([MaHS], [MaDV]) VALUES (N'HS25 ', N'DV45 ')
GO
INSERT [dbo].[HS_DV] ([MaHS], [MaDV]) VALUES (N'HS25 ', N'DV62 ')
GO
INSERT [dbo].[HS_DV] ([MaHS], [MaDV]) VALUES (N'HS25 ', N'DV65 ')
GO
INSERT [dbo].[HS_DV] ([MaHS], [MaDV]) VALUES (N'HS25 ', N'DV85 ')
GO
INSERT [dbo].[HS_DV] ([MaHS], [MaDV]) VALUES (N'HS25 ', N'DV98 ')
GO
INSERT [dbo].[HS_DV] ([MaHS], [MaDV]) VALUES (N'HS25 ', N'DV99 ')
GO
INSERT [dbo].[HS_DV] ([MaHS], [MaDV]) VALUES (N'HS26 ', N'DV01 ')
GO
INSERT [dbo].[HS_DV] ([MaHS], [MaDV]) VALUES (N'HS26 ', N'DV26 ')
GO
INSERT [dbo].[HS_DV] ([MaHS], [MaDV]) VALUES (N'HS26 ', N'DV31 ')
GO
INSERT [dbo].[HS_DV] ([MaHS], [MaDV]) VALUES (N'HS26 ', N'DV34 ')
GO
INSERT [dbo].[HS_DV] ([MaHS], [MaDV]) VALUES (N'HS26 ', N'DV46 ')
GO
INSERT [dbo].[HS_DV] ([MaHS], [MaDV]) VALUES (N'HS26 ', N'DV59 ')
GO
INSERT [dbo].[HS_DV] ([MaHS], [MaDV]) VALUES (N'HS26 ', N'DV68 ')
GO
INSERT [dbo].[HS_DV] ([MaHS], [MaDV]) VALUES (N'HS26 ', N'DV71 ')
GO
INSERT [dbo].[HS_DV] ([MaHS], [MaDV]) VALUES (N'HS26 ', N'DV92 ')
GO
INSERT [dbo].[HS_DV] ([MaHS], [MaDV]) VALUES (N'HS26 ', N'DV95 ')
GO
INSERT [dbo].[HS_DV] ([MaHS], [MaDV]) VALUES (N'HS27 ', N'DV00 ')
GO
INSERT [dbo].[HS_DV] ([MaHS], [MaDV]) VALUES (N'HS27 ', N'DV04 ')
GO
INSERT [dbo].[HS_DV] ([MaHS], [MaDV]) VALUES (N'HS27 ', N'DV20 ')
GO
INSERT [dbo].[HS_DV] ([MaHS], [MaDV]) VALUES (N'HS27 ', N'DV21 ')
GO
INSERT [dbo].[HS_DV] ([MaHS], [MaDV]) VALUES (N'HS27 ', N'DV27 ')
GO
INSERT [dbo].[HS_DV] ([MaHS], [MaDV]) VALUES (N'HS27 ', N'DV38 ')
GO
INSERT [dbo].[HS_DV] ([MaHS], [MaDV]) VALUES (N'HS27 ', N'DV72 ')
GO
INSERT [dbo].[HS_DV] ([MaHS], [MaDV]) VALUES (N'HS27 ', N'DV76 ')
GO
INSERT [dbo].[HS_DV] ([MaHS], [MaDV]) VALUES (N'HS27 ', N'DV80 ')
GO
INSERT [dbo].[HS_DV] ([MaHS], [MaDV]) VALUES (N'HS27 ', N'DV81 ')
GO
INSERT [dbo].[HS_DV] ([MaHS], [MaDV]) VALUES (N'HS28 ', N'DV02 ')
GO
INSERT [dbo].[HS_DV] ([MaHS], [MaDV]) VALUES (N'HS28 ', N'DV28 ')
GO
INSERT [dbo].[HS_DV] ([MaHS], [MaDV]) VALUES (N'HS28 ', N'DV29 ')
GO
INSERT [dbo].[HS_DV] ([MaHS], [MaDV]) VALUES (N'HS28 ', N'DV44 ')
GO
INSERT [dbo].[HS_DV] ([MaHS], [MaDV]) VALUES (N'HS28 ', N'DV45 ')
GO
INSERT [dbo].[HS_DV] ([MaHS], [MaDV]) VALUES (N'HS28 ', N'DV62 ')
GO
INSERT [dbo].[HS_DV] ([MaHS], [MaDV]) VALUES (N'HS28 ', N'DV65 ')
GO
INSERT [dbo].[HS_DV] ([MaHS], [MaDV]) VALUES (N'HS28 ', N'DV85 ')
GO
INSERT [dbo].[HS_DV] ([MaHS], [MaDV]) VALUES (N'HS28 ', N'DV98 ')
GO
INSERT [dbo].[HS_DV] ([MaHS], [MaDV]) VALUES (N'HS28 ', N'DV99 ')
GO
INSERT [dbo].[HS_DV] ([MaHS], [MaDV]) VALUES (N'HS29 ', N'DV03 ')
GO
INSERT [dbo].[HS_DV] ([MaHS], [MaDV]) VALUES (N'HS29 ', N'DV29 ')
GO
INSERT [dbo].[HS_DV] ([MaHS], [MaDV]) VALUES (N'HS29 ', N'DV48 ')
GO
INSERT [dbo].[HS_DV] ([MaHS], [MaDV]) VALUES (N'HS29 ', N'DV49 ')
GO
INSERT [dbo].[HS_DV] ([MaHS], [MaDV]) VALUES (N'HS29 ', N'DV63 ')
GO
INSERT [dbo].[HS_DV] ([MaHS], [MaDV]) VALUES (N'HS29 ', N'DV66 ')
GO
INSERT [dbo].[HS_DV] ([MaHS], [MaDV]) VALUES (N'HS29 ', N'DV79 ')
GO
INSERT [dbo].[HS_DV] ([MaHS], [MaDV]) VALUES (N'HS29 ', N'DV82 ')
GO
INSERT [dbo].[HS_DV] ([MaHS], [MaDV]) VALUES (N'HS29 ', N'DV90 ')
GO
INSERT [dbo].[HS_DV] ([MaHS], [MaDV]) VALUES (N'HS29 ', N'DV96 ')
GO
INSERT [dbo].[HS_DV] ([MaHS], [MaDV]) VALUES (N'HS30 ', N'DV12 ')
GO
INSERT [dbo].[HS_DV] ([MaHS], [MaDV]) VALUES (N'HS30 ', N'DV14 ')
GO
INSERT [dbo].[HS_DV] ([MaHS], [MaDV]) VALUES (N'HS30 ', N'DV18 ')
GO
INSERT [dbo].[HS_DV] ([MaHS], [MaDV]) VALUES (N'HS30 ', N'DV30 ')
GO
INSERT [dbo].[HS_DV] ([MaHS], [MaDV]) VALUES (N'HS30 ', N'DV37 ')
GO
INSERT [dbo].[HS_DV] ([MaHS], [MaDV]) VALUES (N'HS30 ', N'DV40 ')
GO
INSERT [dbo].[HS_DV] ([MaHS], [MaDV]) VALUES (N'HS30 ', N'DV43 ')
GO
INSERT [dbo].[HS_DV] ([MaHS], [MaDV]) VALUES (N'HS30 ', N'DV57 ')
GO
INSERT [dbo].[HS_DV] ([MaHS], [MaDV]) VALUES (N'HS30 ', N'DV69 ')
GO
INSERT [dbo].[HS_DV] ([MaHS], [MaDV]) VALUES (N'HS30 ', N'DV84 ')
GO
INSERT [dbo].[HS_DV] ([MaHS], [MaDV]) VALUES (N'HS31 ', N'DV10 ')
GO
INSERT [dbo].[HS_DV] ([MaHS], [MaDV]) VALUES (N'HS31 ', N'DV22 ')
GO
INSERT [dbo].[HS_DV] ([MaHS], [MaDV]) VALUES (N'HS31 ', N'DV30 ')
GO
INSERT [dbo].[HS_DV] ([MaHS], [MaDV]) VALUES (N'HS31 ', N'DV31 ')
GO
INSERT [dbo].[HS_DV] ([MaHS], [MaDV]) VALUES (N'HS31 ', N'DV40 ')
GO
INSERT [dbo].[HS_DV] ([MaHS], [MaDV]) VALUES (N'HS31 ', N'DV46 ')
GO
INSERT [dbo].[HS_DV] ([MaHS], [MaDV]) VALUES (N'HS31 ', N'DV68 ')
GO
INSERT [dbo].[HS_DV] ([MaHS], [MaDV]) VALUES (N'HS31 ', N'DV74 ')
GO
INSERT [dbo].[HS_DV] ([MaHS], [MaDV]) VALUES (N'HS31 ', N'DV86 ')
GO
INSERT [dbo].[HS_DV] ([MaHS], [MaDV]) VALUES (N'HS31 ', N'DV92 ')
GO
INSERT [dbo].[HS_DV] ([MaHS], [MaDV]) VALUES (N'HS32 ', N'DV04 ')
GO
INSERT [dbo].[HS_DV] ([MaHS], [MaDV]) VALUES (N'HS32 ', N'DV09 ')
GO
INSERT [dbo].[HS_DV] ([MaHS], [MaDV]) VALUES (N'HS32 ', N'DV24 ')
GO
INSERT [dbo].[HS_DV] ([MaHS], [MaDV]) VALUES (N'HS32 ', N'DV27 ')
GO
INSERT [dbo].[HS_DV] ([MaHS], [MaDV]) VALUES (N'HS32 ', N'DV32 ')
GO
INSERT [dbo].[HS_DV] ([MaHS], [MaDV]) VALUES (N'HS32 ', N'DV41 ')
GO
INSERT [dbo].[HS_DV] ([MaHS], [MaDV]) VALUES (N'HS32 ', N'DV61 ')
GO
INSERT [dbo].[HS_DV] ([MaHS], [MaDV]) VALUES (N'HS32 ', N'DV64 ')
GO
INSERT [dbo].[HS_DV] ([MaHS], [MaDV]) VALUES (N'HS32 ', N'DV77 ')
GO
INSERT [dbo].[HS_DV] ([MaHS], [MaDV]) VALUES (N'HS32 ', N'DV93 ')
GO
INSERT [dbo].[HS_DV] ([MaHS], [MaDV]) VALUES (N'HS33 ', N'DV23 ')
GO
INSERT [dbo].[HS_DV] ([MaHS], [MaDV]) VALUES (N'HS33 ', N'DV32 ')
GO
INSERT [dbo].[HS_DV] ([MaHS], [MaDV]) VALUES (N'HS33 ', N'DV33 ')
GO
INSERT [dbo].[HS_DV] ([MaHS], [MaDV]) VALUES (N'HS33 ', N'DV36 ')
GO
INSERT [dbo].[HS_DV] ([MaHS], [MaDV]) VALUES (N'HS33 ', N'DV41 ')
GO
INSERT [dbo].[HS_DV] ([MaHS], [MaDV]) VALUES (N'HS33 ', N'DV47 ')
GO
INSERT [dbo].[HS_DV] ([MaHS], [MaDV]) VALUES (N'HS33 ', N'DV61 ')
GO
INSERT [dbo].[HS_DV] ([MaHS], [MaDV]) VALUES (N'HS33 ', N'DV64 ')
GO
INSERT [dbo].[HS_DV] ([MaHS], [MaDV]) VALUES (N'HS33 ', N'DV77 ')
GO
INSERT [dbo].[HS_DV] ([MaHS], [MaDV]) VALUES (N'HS33 ', N'DV93 ')
GO
INSERT [dbo].[HS_DV] ([MaHS], [MaDV]) VALUES (N'HS34 ', N'DV10 ')
GO
INSERT [dbo].[HS_DV] ([MaHS], [MaDV]) VALUES (N'HS34 ', N'DV22 ')
GO
INSERT [dbo].[HS_DV] ([MaHS], [MaDV]) VALUES (N'HS34 ', N'DV30 ')
GO
INSERT [dbo].[HS_DV] ([MaHS], [MaDV]) VALUES (N'HS34 ', N'DV31 ')
GO
INSERT [dbo].[HS_DV] ([MaHS], [MaDV]) VALUES (N'HS34 ', N'DV34 ')
GO
INSERT [dbo].[HS_DV] ([MaHS], [MaDV]) VALUES (N'HS34 ', N'DV46 ')
GO
INSERT [dbo].[HS_DV] ([MaHS], [MaDV]) VALUES (N'HS34 ', N'DV68 ')
GO
INSERT [dbo].[HS_DV] ([MaHS], [MaDV]) VALUES (N'HS34 ', N'DV74 ')
GO
INSERT [dbo].[HS_DV] ([MaHS], [MaDV]) VALUES (N'HS34 ', N'DV86 ')
GO
INSERT [dbo].[HS_DV] ([MaHS], [MaDV]) VALUES (N'HS34 ', N'DV92 ')
GO
INSERT [dbo].[HS_DV] ([MaHS], [MaDV]) VALUES (N'HS35 ', N'DV05 ')
GO
INSERT [dbo].[HS_DV] ([MaHS], [MaDV]) VALUES (N'HS35 ', N'DV08 ')
GO
INSERT [dbo].[HS_DV] ([MaHS], [MaDV]) VALUES (N'HS35 ', N'DV13 ')
GO
INSERT [dbo].[HS_DV] ([MaHS], [MaDV]) VALUES (N'HS35 ', N'DV35 ')
GO
INSERT [dbo].[HS_DV] ([MaHS], [MaDV]) VALUES (N'HS35 ', N'DV50 ')
GO
INSERT [dbo].[HS_DV] ([MaHS], [MaDV]) VALUES (N'HS35 ', N'DV51 ')
GO
INSERT [dbo].[HS_DV] ([MaHS], [MaDV]) VALUES (N'HS35 ', N'DV56 ')
GO
INSERT [dbo].[HS_DV] ([MaHS], [MaDV]) VALUES (N'HS35 ', N'DV60 ')
GO
INSERT [dbo].[HS_DV] ([MaHS], [MaDV]) VALUES (N'HS35 ', N'DV70 ')
GO
INSERT [dbo].[HS_DV] ([MaHS], [MaDV]) VALUES (N'HS35 ', N'DV89 ')
GO
INSERT [dbo].[HS_DV] ([MaHS], [MaDV]) VALUES (N'HS36 ', N'DV09 ')
GO
INSERT [dbo].[HS_DV] ([MaHS], [MaDV]) VALUES (N'HS36 ', N'DV23 ')
GO
INSERT [dbo].[HS_DV] ([MaHS], [MaDV]) VALUES (N'HS36 ', N'DV32 ')
GO
INSERT [dbo].[HS_DV] ([MaHS], [MaDV]) VALUES (N'HS36 ', N'DV36 ')
GO
INSERT [dbo].[HS_DV] ([MaHS], [MaDV]) VALUES (N'HS36 ', N'DV41 ')
GO
INSERT [dbo].[HS_DV] ([MaHS], [MaDV]) VALUES (N'HS36 ', N'DV47 ')
GO
INSERT [dbo].[HS_DV] ([MaHS], [MaDV]) VALUES (N'HS36 ', N'DV61 ')
GO
INSERT [dbo].[HS_DV] ([MaHS], [MaDV]) VALUES (N'HS36 ', N'DV64 ')
GO
INSERT [dbo].[HS_DV] ([MaHS], [MaDV]) VALUES (N'HS36 ', N'DV77 ')
GO
INSERT [dbo].[HS_DV] ([MaHS], [MaDV]) VALUES (N'HS36 ', N'DV93 ')
GO
INSERT [dbo].[HS_DV] ([MaHS], [MaDV]) VALUES (N'HS37 ', N'DV14 ')
GO
INSERT [dbo].[HS_DV] ([MaHS], [MaDV]) VALUES (N'HS37 ', N'DV37 ')
GO
INSERT [dbo].[HS_DV] ([MaHS], [MaDV]) VALUES (N'HS37 ', N'DV43 ')
GO
INSERT [dbo].[HS_DV] ([MaHS], [MaDV]) VALUES (N'HS37 ', N'DV57 ')
GO
INSERT [dbo].[HS_DV] ([MaHS], [MaDV]) VALUES (N'HS37 ', N'DV58 ')
GO
INSERT [dbo].[HS_DV] ([MaHS], [MaDV]) VALUES (N'HS37 ', N'DV67 ')
GO
INSERT [dbo].[HS_DV] ([MaHS], [MaDV]) VALUES (N'HS37 ', N'DV69 ')
GO
INSERT [dbo].[HS_DV] ([MaHS], [MaDV]) VALUES (N'HS37 ', N'DV78 ')
GO
INSERT [dbo].[HS_DV] ([MaHS], [MaDV]) VALUES (N'HS37 ', N'DV83 ')
GO
INSERT [dbo].[HS_DV] ([MaHS], [MaDV]) VALUES (N'HS37 ', N'DV84 ')
GO
INSERT [dbo].[HS_DV] ([MaHS], [MaDV]) VALUES (N'HS38 ', N'DV19 ')
GO
INSERT [dbo].[HS_DV] ([MaHS], [MaDV]) VALUES (N'HS38 ', N'DV38 ')
GO
INSERT [dbo].[HS_DV] ([MaHS], [MaDV]) VALUES (N'HS38 ', N'DV42 ')
GO
INSERT [dbo].[HS_DV] ([MaHS], [MaDV]) VALUES (N'HS38 ', N'DV54 ')
GO
INSERT [dbo].[HS_DV] ([MaHS], [MaDV]) VALUES (N'HS38 ', N'DV55 ')
GO
INSERT [dbo].[HS_DV] ([MaHS], [MaDV]) VALUES (N'HS38 ', N'DV72 ')
GO
INSERT [dbo].[HS_DV] ([MaHS], [MaDV]) VALUES (N'HS38 ', N'DV76 ')
GO
INSERT [dbo].[HS_DV] ([MaHS], [MaDV]) VALUES (N'HS38 ', N'DV81 ')
GO
INSERT [dbo].[HS_DV] ([MaHS], [MaDV]) VALUES (N'HS38 ', N'DV91 ')
GO
INSERT [dbo].[HS_DV] ([MaHS], [MaDV]) VALUES (N'HS38 ', N'DV97 ')
GO
INSERT [dbo].[HS_DV] ([MaHS], [MaDV]) VALUES (N'HS39 ', N'DV01 ')
GO
INSERT [dbo].[HS_DV] ([MaHS], [MaDV]) VALUES (N'HS39 ', N'DV26 ')
GO
INSERT [dbo].[HS_DV] ([MaHS], [MaDV]) VALUES (N'HS39 ', N'DV31 ')
GO
INSERT [dbo].[HS_DV] ([MaHS], [MaDV]) VALUES (N'HS39 ', N'DV34 ')
GO
INSERT [dbo].[HS_DV] ([MaHS], [MaDV]) VALUES (N'HS39 ', N'DV39 ')
GO
INSERT [dbo].[HS_DV] ([MaHS], [MaDV]) VALUES (N'HS39 ', N'DV46 ')
GO
INSERT [dbo].[HS_DV] ([MaHS], [MaDV]) VALUES (N'HS39 ', N'DV59 ')
GO
INSERT [dbo].[HS_DV] ([MaHS], [MaDV]) VALUES (N'HS39 ', N'DV71 ')
GO
INSERT [dbo].[HS_DV] ([MaHS], [MaDV]) VALUES (N'HS39 ', N'DV92 ')
GO
INSERT [dbo].[HS_DV] ([MaHS], [MaDV]) VALUES (N'HS39 ', N'DV95 ')
GO
INSERT [dbo].[HS_DV] ([MaHS], [MaDV]) VALUES (N'HS40 ', N'DV12 ')
GO
INSERT [dbo].[HS_DV] ([MaHS], [MaDV]) VALUES (N'HS40 ', N'DV14 ')
GO
INSERT [dbo].[HS_DV] ([MaHS], [MaDV]) VALUES (N'HS40 ', N'DV18 ')
GO
INSERT [dbo].[HS_DV] ([MaHS], [MaDV]) VALUES (N'HS40 ', N'DV37 ')
GO
INSERT [dbo].[HS_DV] ([MaHS], [MaDV]) VALUES (N'HS40 ', N'DV40 ')
GO
INSERT [dbo].[HS_DV] ([MaHS], [MaDV]) VALUES (N'HS40 ', N'DV43 ')
GO
INSERT [dbo].[HS_DV] ([MaHS], [MaDV]) VALUES (N'HS40 ', N'DV57 ')
GO
INSERT [dbo].[HS_DV] ([MaHS], [MaDV]) VALUES (N'HS40 ', N'DV69 ')
GO
INSERT [dbo].[HS_DV] ([MaHS], [MaDV]) VALUES (N'HS40 ', N'DV78 ')
GO
INSERT [dbo].[HS_DV] ([MaHS], [MaDV]) VALUES (N'HS40 ', N'DV84 ')
GO
INSERT [dbo].[HS_DV] ([MaHS], [MaDV]) VALUES (N'HS41 ', N'DV00 ')
GO
INSERT [dbo].[HS_DV] ([MaHS], [MaDV]) VALUES (N'HS41 ', N'DV04 ')
GO
INSERT [dbo].[HS_DV] ([MaHS], [MaDV]) VALUES (N'HS41 ', N'DV09 ')
GO
INSERT [dbo].[HS_DV] ([MaHS], [MaDV]) VALUES (N'HS41 ', N'DV20 ')
GO
INSERT [dbo].[HS_DV] ([MaHS], [MaDV]) VALUES (N'HS41 ', N'DV21 ')
GO
INSERT [dbo].[HS_DV] ([MaHS], [MaDV]) VALUES (N'HS41 ', N'DV24 ')
GO
INSERT [dbo].[HS_DV] ([MaHS], [MaDV]) VALUES (N'HS41 ', N'DV27 ')
GO
INSERT [dbo].[HS_DV] ([MaHS], [MaDV]) VALUES (N'HS41 ', N'DV41 ')
GO
INSERT [dbo].[HS_DV] ([MaHS], [MaDV]) VALUES (N'HS41 ', N'DV80 ')
GO
INSERT [dbo].[HS_DV] ([MaHS], [MaDV]) VALUES (N'HS41 ', N'DV93 ')
GO
INSERT [dbo].[HS_DV] ([MaHS], [MaDV]) VALUES (N'HS42 ', N'DV02 ')
GO
INSERT [dbo].[HS_DV] ([MaHS], [MaDV]) VALUES (N'HS42 ', N'DV25 ')
GO
INSERT [dbo].[HS_DV] ([MaHS], [MaDV]) VALUES (N'HS42 ', N'DV28 ')
GO
INSERT [dbo].[HS_DV] ([MaHS], [MaDV]) VALUES (N'HS42 ', N'DV42 ')
GO
INSERT [dbo].[HS_DV] ([MaHS], [MaDV]) VALUES (N'HS42 ', N'DV44 ')
GO
INSERT [dbo].[HS_DV] ([MaHS], [MaDV]) VALUES (N'HS42 ', N'DV45 ')
GO
INSERT [dbo].[HS_DV] ([MaHS], [MaDV]) VALUES (N'HS42 ', N'DV62 ')
GO
INSERT [dbo].[HS_DV] ([MaHS], [MaDV]) VALUES (N'HS42 ', N'DV85 ')
GO
INSERT [dbo].[HS_DV] ([MaHS], [MaDV]) VALUES (N'HS42 ', N'DV97 ')
GO
INSERT [dbo].[HS_DV] ([MaHS], [MaDV]) VALUES (N'HS42 ', N'DV98 ')
GO
INSERT [dbo].[HS_DV] ([MaHS], [MaDV]) VALUES (N'HS43 ', N'DV14 ')
GO
INSERT [dbo].[HS_DV] ([MaHS], [MaDV]) VALUES (N'HS43 ', N'DV15 ')
GO
INSERT [dbo].[HS_DV] ([MaHS], [MaDV]) VALUES (N'HS43 ', N'DV43 ')
GO
INSERT [dbo].[HS_DV] ([MaHS], [MaDV]) VALUES (N'HS43 ', N'DV52 ')
GO
INSERT [dbo].[HS_DV] ([MaHS], [MaDV]) VALUES (N'HS43 ', N'DV58 ')
GO
INSERT [dbo].[HS_DV] ([MaHS], [MaDV]) VALUES (N'HS43 ', N'DV67 ')
GO
INSERT [dbo].[HS_DV] ([MaHS], [MaDV]) VALUES (N'HS43 ', N'DV78 ')
GO
INSERT [dbo].[HS_DV] ([MaHS], [MaDV]) VALUES (N'HS43 ', N'DV83 ')
GO
INSERT [dbo].[HS_DV] ([MaHS], [MaDV]) VALUES (N'HS43 ', N'DV84 ')
GO
INSERT [dbo].[HS_DV] ([MaHS], [MaDV]) VALUES (N'HS43 ', N'DV88 ')
GO
INSERT [dbo].[HS_DV] ([MaHS], [MaDV]) VALUES (N'HS44 ', N'DV02 ')
GO
INSERT [dbo].[HS_DV] ([MaHS], [MaDV]) VALUES (N'HS44 ', N'DV29 ')
GO
INSERT [dbo].[HS_DV] ([MaHS], [MaDV]) VALUES (N'HS44 ', N'DV44 ')
GO
INSERT [dbo].[HS_DV] ([MaHS], [MaDV]) VALUES (N'HS44 ', N'DV65 ')
GO
INSERT [dbo].[HS_DV] ([MaHS], [MaDV]) VALUES (N'HS44 ', N'DV79 ')
GO
INSERT [dbo].[HS_DV] ([MaHS], [MaDV]) VALUES (N'HS44 ', N'DV82 ')
GO
INSERT [dbo].[HS_DV] ([MaHS], [MaDV]) VALUES (N'HS44 ', N'DV85 ')
GO
INSERT [dbo].[HS_DV] ([MaHS], [MaDV]) VALUES (N'HS44 ', N'DV96 ')
GO
INSERT [dbo].[HS_DV] ([MaHS], [MaDV]) VALUES (N'HS44 ', N'DV98 ')
GO
INSERT [dbo].[HS_DV] ([MaHS], [MaDV]) VALUES (N'HS44 ', N'DV99 ')
GO
INSERT [dbo].[HS_DV] ([MaHS], [MaDV]) VALUES (N'HS45 ', N'DV02 ')
GO
INSERT [dbo].[HS_DV] ([MaHS], [MaDV]) VALUES (N'HS45 ', N'DV29 ')
GO
INSERT [dbo].[HS_DV] ([MaHS], [MaDV]) VALUES (N'HS45 ', N'DV44 ')
GO
INSERT [dbo].[HS_DV] ([MaHS], [MaDV]) VALUES (N'HS45 ', N'DV45 ')
GO
INSERT [dbo].[HS_DV] ([MaHS], [MaDV]) VALUES (N'HS45 ', N'DV62 ')
GO
INSERT [dbo].[HS_DV] ([MaHS], [MaDV]) VALUES (N'HS45 ', N'DV65 ')
GO
INSERT [dbo].[HS_DV] ([MaHS], [MaDV]) VALUES (N'HS45 ', N'DV79 ')
GO
INSERT [dbo].[HS_DV] ([MaHS], [MaDV]) VALUES (N'HS45 ', N'DV85 ')
GO
INSERT [dbo].[HS_DV] ([MaHS], [MaDV]) VALUES (N'HS45 ', N'DV98 ')
GO
INSERT [dbo].[HS_DV] ([MaHS], [MaDV]) VALUES (N'HS45 ', N'DV99 ')
GO
INSERT [dbo].[HS_DV] ([MaHS], [MaDV]) VALUES (N'HS46 ', N'DV10 ')
GO
INSERT [dbo].[HS_DV] ([MaHS], [MaDV]) VALUES (N'HS46 ', N'DV12 ')
GO
INSERT [dbo].[HS_DV] ([MaHS], [MaDV]) VALUES (N'HS46 ', N'DV18 ')
GO
INSERT [dbo].[HS_DV] ([MaHS], [MaDV]) VALUES (N'HS46 ', N'DV22 ')
GO
INSERT [dbo].[HS_DV] ([MaHS], [MaDV]) VALUES (N'HS46 ', N'DV30 ')
GO
INSERT [dbo].[HS_DV] ([MaHS], [MaDV]) VALUES (N'HS46 ', N'DV40 ')
GO
INSERT [dbo].[HS_DV] ([MaHS], [MaDV]) VALUES (N'HS46 ', N'DV46 ')
GO
INSERT [dbo].[HS_DV] ([MaHS], [MaDV]) VALUES (N'HS46 ', N'DV68 ')
GO
INSERT [dbo].[HS_DV] ([MaHS], [MaDV]) VALUES (N'HS46 ', N'DV74 ')
GO
INSERT [dbo].[HS_DV] ([MaHS], [MaDV]) VALUES (N'HS46 ', N'DV86 ')
GO
INSERT [dbo].[HS_DV] ([MaHS], [MaDV]) VALUES (N'HS47 ', N'DV09 ')
GO
INSERT [dbo].[HS_DV] ([MaHS], [MaDV]) VALUES (N'HS47 ', N'DV24 ')
GO
INSERT [dbo].[HS_DV] ([MaHS], [MaDV]) VALUES (N'HS47 ', N'DV27 ')
GO
INSERT [dbo].[HS_DV] ([MaHS], [MaDV]) VALUES (N'HS47 ', N'DV32 ')
GO
INSERT [dbo].[HS_DV] ([MaHS], [MaDV]) VALUES (N'HS47 ', N'DV41 ')
GO
INSERT [dbo].[HS_DV] ([MaHS], [MaDV]) VALUES (N'HS47 ', N'DV47 ')
GO
INSERT [dbo].[HS_DV] ([MaHS], [MaDV]) VALUES (N'HS47 ', N'DV61 ')
GO
INSERT [dbo].[HS_DV] ([MaHS], [MaDV]) VALUES (N'HS47 ', N'DV64 ')
GO
INSERT [dbo].[HS_DV] ([MaHS], [MaDV]) VALUES (N'HS47 ', N'DV77 ')
GO
INSERT [dbo].[HS_DV] ([MaHS], [MaDV]) VALUES (N'HS47 ', N'DV93 ')
GO
INSERT [dbo].[HS_DV] ([MaHS], [MaDV]) VALUES (N'HS48 ', N'DV07 ')
GO
INSERT [dbo].[HS_DV] ([MaHS], [MaDV]) VALUES (N'HS48 ', N'DV16 ')
GO
INSERT [dbo].[HS_DV] ([MaHS], [MaDV]) VALUES (N'HS48 ', N'DV26 ')
GO
INSERT [dbo].[HS_DV] ([MaHS], [MaDV]) VALUES (N'HS48 ', N'DV39 ')
GO
INSERT [dbo].[HS_DV] ([MaHS], [MaDV]) VALUES (N'HS48 ', N'DV48 ')
GO
INSERT [dbo].[HS_DV] ([MaHS], [MaDV]) VALUES (N'HS48 ', N'DV49 ')
GO
INSERT [dbo].[HS_DV] ([MaHS], [MaDV]) VALUES (N'HS48 ', N'DV59 ')
GO
INSERT [dbo].[HS_DV] ([MaHS], [MaDV]) VALUES (N'HS48 ', N'DV63 ')
GO
INSERT [dbo].[HS_DV] ([MaHS], [MaDV]) VALUES (N'HS48 ', N'DV90 ')
GO
INSERT [dbo].[HS_DV] ([MaHS], [MaDV]) VALUES (N'HS48 ', N'DV95 ')
GO
INSERT [dbo].[HS_DV] ([MaHS], [MaDV]) VALUES (N'HS49 ', N'DV01 ')
GO
INSERT [dbo].[HS_DV] ([MaHS], [MaDV]) VALUES (N'HS49 ', N'DV07 ')
GO
INSERT [dbo].[HS_DV] ([MaHS], [MaDV]) VALUES (N'HS49 ', N'DV16 ')
GO
INSERT [dbo].[HS_DV] ([MaHS], [MaDV]) VALUES (N'HS49 ', N'DV26 ')
GO
INSERT [dbo].[HS_DV] ([MaHS], [MaDV]) VALUES (N'HS49 ', N'DV34 ')
GO
INSERT [dbo].[HS_DV] ([MaHS], [MaDV]) VALUES (N'HS49 ', N'DV39 ')
GO
INSERT [dbo].[HS_DV] ([MaHS], [MaDV]) VALUES (N'HS49 ', N'DV49 ')
GO
INSERT [dbo].[HS_DV] ([MaHS], [MaDV]) VALUES (N'HS49 ', N'DV59 ')
GO
INSERT [dbo].[HS_DV] ([MaHS], [MaDV]) VALUES (N'HS49 ', N'DV71 ')
GO
INSERT [dbo].[HS_DV] ([MaHS], [MaDV]) VALUES (N'HS49 ', N'DV95 ')
GO
INSERT [dbo].[HS_DV] ([MaHS], [MaDV]) VALUES (N'HS50 ', N'DV08 ')
GO
INSERT [dbo].[HS_DV] ([MaHS], [MaDV]) VALUES (N'HS50 ', N'DV13 ')
GO
INSERT [dbo].[HS_DV] ([MaHS], [MaDV]) VALUES (N'HS50 ', N'DV23 ')
GO
INSERT [dbo].[HS_DV] ([MaHS], [MaDV]) VALUES (N'HS50 ', N'DV32 ')
GO
INSERT [dbo].[HS_DV] ([MaHS], [MaDV]) VALUES (N'HS50 ', N'DV33 ')
GO
INSERT [dbo].[HS_DV] ([MaHS], [MaDV]) VALUES (N'HS50 ', N'DV36 ')
GO
INSERT [dbo].[HS_DV] ([MaHS], [MaDV]) VALUES (N'HS50 ', N'DV47 ')
GO
INSERT [dbo].[HS_DV] ([MaHS], [MaDV]) VALUES (N'HS50 ', N'DV50 ')
GO
INSERT [dbo].[HS_DV] ([MaHS], [MaDV]) VALUES (N'HS50 ', N'DV77 ')
GO
INSERT [dbo].[HS_DV] ([MaHS], [MaDV]) VALUES (N'HS50 ', N'DV89 ')
GO
INSERT [dbo].[HS_DV] ([MaHS], [MaDV]) VALUES (N'HS51 ', N'DV05 ')
GO
INSERT [dbo].[HS_DV] ([MaHS], [MaDV]) VALUES (N'HS51 ', N'DV08 ')
GO
INSERT [dbo].[HS_DV] ([MaHS], [MaDV]) VALUES (N'HS51 ', N'DV13 ')
GO
INSERT [dbo].[HS_DV] ([MaHS], [MaDV]) VALUES (N'HS51 ', N'DV33 ')
GO
INSERT [dbo].[HS_DV] ([MaHS], [MaDV]) VALUES (N'HS51 ', N'DV50 ')
GO
INSERT [dbo].[HS_DV] ([MaHS], [MaDV]) VALUES (N'HS51 ', N'DV51 ')
GO
INSERT [dbo].[HS_DV] ([MaHS], [MaDV]) VALUES (N'HS51 ', N'DV56 ')
GO
INSERT [dbo].[HS_DV] ([MaHS], [MaDV]) VALUES (N'HS51 ', N'DV60 ')
GO
INSERT [dbo].[HS_DV] ([MaHS], [MaDV]) VALUES (N'HS51 ', N'DV70 ')
GO
INSERT [dbo].[HS_DV] ([MaHS], [MaDV]) VALUES (N'HS51 ', N'DV89 ')
GO
INSERT [dbo].[HS_DV] ([MaHS], [MaDV]) VALUES (N'HS52 ', N'DV06 ')
GO
INSERT [dbo].[HS_DV] ([MaHS], [MaDV]) VALUES (N'HS52 ', N'DV11 ')
GO
INSERT [dbo].[HS_DV] ([MaHS], [MaDV]) VALUES (N'HS52 ', N'DV15 ')
GO
INSERT [dbo].[HS_DV] ([MaHS], [MaDV]) VALUES (N'HS52 ', N'DV17 ')
GO
INSERT [dbo].[HS_DV] ([MaHS], [MaDV]) VALUES (N'HS52 ', N'DV52 ')
GO
INSERT [dbo].[HS_DV] ([MaHS], [MaDV]) VALUES (N'HS52 ', N'DV53 ')
GO
INSERT [dbo].[HS_DV] ([MaHS], [MaDV]) VALUES (N'HS52 ', N'DV73 ')
GO
INSERT [dbo].[HS_DV] ([MaHS], [MaDV]) VALUES (N'HS52 ', N'DV75 ')
GO
INSERT [dbo].[HS_DV] ([MaHS], [MaDV]) VALUES (N'HS52 ', N'DV87 ')
GO
INSERT [dbo].[HS_DV] ([MaHS], [MaDV]) VALUES (N'HS52 ', N'DV88 ')
GO
INSERT [dbo].[HS_DV] ([MaHS], [MaDV]) VALUES (N'HS53 ', N'DV05 ')
GO
INSERT [dbo].[HS_DV] ([MaHS], [MaDV]) VALUES (N'HS53 ', N'DV17 ')
GO
INSERT [dbo].[HS_DV] ([MaHS], [MaDV]) VALUES (N'HS53 ', N'DV35 ')
GO
INSERT [dbo].[HS_DV] ([MaHS], [MaDV]) VALUES (N'HS53 ', N'DV51 ')
GO
INSERT [dbo].[HS_DV] ([MaHS], [MaDV]) VALUES (N'HS53 ', N'DV53 ')
GO
INSERT [dbo].[HS_DV] ([MaHS], [MaDV]) VALUES (N'HS53 ', N'DV56 ')
GO
INSERT [dbo].[HS_DV] ([MaHS], [MaDV]) VALUES (N'HS53 ', N'DV60 ')
GO
INSERT [dbo].[HS_DV] ([MaHS], [MaDV]) VALUES (N'HS53 ', N'DV70 ')
GO
INSERT [dbo].[HS_DV] ([MaHS], [MaDV]) VALUES (N'HS53 ', N'DV73 ')
GO
INSERT [dbo].[HS_DV] ([MaHS], [MaDV]) VALUES (N'HS53 ', N'DV94 ')
GO
INSERT [dbo].[HS_DV] ([MaHS], [MaDV]) VALUES (N'HS54 ', N'DV19 ')
GO
INSERT [dbo].[HS_DV] ([MaHS], [MaDV]) VALUES (N'HS54 ', N'DV25 ')
GO
INSERT [dbo].[HS_DV] ([MaHS], [MaDV]) VALUES (N'HS54 ', N'DV28 ')
GO
INSERT [dbo].[HS_DV] ([MaHS], [MaDV]) VALUES (N'HS54 ', N'DV42 ')
GO
INSERT [dbo].[HS_DV] ([MaHS], [MaDV]) VALUES (N'HS54 ', N'DV45 ')
GO
INSERT [dbo].[HS_DV] ([MaHS], [MaDV]) VALUES (N'HS54 ', N'DV54 ')
GO
INSERT [dbo].[HS_DV] ([MaHS], [MaDV]) VALUES (N'HS54 ', N'DV55 ')
GO
INSERT [dbo].[HS_DV] ([MaHS], [MaDV]) VALUES (N'HS54 ', N'DV62 ')
GO
INSERT [dbo].[HS_DV] ([MaHS], [MaDV]) VALUES (N'HS54 ', N'DV91 ')
GO
INSERT [dbo].[HS_DV] ([MaHS], [MaDV]) VALUES (N'HS54 ', N'DV97 ')
GO
INSERT [dbo].[HS_DV] ([MaHS], [MaDV]) VALUES (N'HS55 ', N'DV25 ')
GO
INSERT [dbo].[HS_DV] ([MaHS], [MaDV]) VALUES (N'HS55 ', N'DV28 ')
GO
INSERT [dbo].[HS_DV] ([MaHS], [MaDV]) VALUES (N'HS55 ', N'DV42 ')
GO
INSERT [dbo].[HS_DV] ([MaHS], [MaDV]) VALUES (N'HS55 ', N'DV44 ')
GO
INSERT [dbo].[HS_DV] ([MaHS], [MaDV]) VALUES (N'HS55 ', N'DV45 ')
GO
INSERT [dbo].[HS_DV] ([MaHS], [MaDV]) VALUES (N'HS55 ', N'DV55 ')
GO
INSERT [dbo].[HS_DV] ([MaHS], [MaDV]) VALUES (N'HS55 ', N'DV62 ')
GO
INSERT [dbo].[HS_DV] ([MaHS], [MaDV]) VALUES (N'HS55 ', N'DV91 ')
GO
INSERT [dbo].[HS_DV] ([MaHS], [MaDV]) VALUES (N'HS55 ', N'DV97 ')
GO
INSERT [dbo].[HS_DV] ([MaHS], [MaDV]) VALUES (N'HS55 ', N'DV98 ')
GO
INSERT [dbo].[HS_DV] ([MaHS], [MaDV]) VALUES (N'HS56 ', N'DV08 ')
GO
INSERT [dbo].[HS_DV] ([MaHS], [MaDV]) VALUES (N'HS56 ', N'DV13 ')
GO
INSERT [dbo].[HS_DV] ([MaHS], [MaDV]) VALUES (N'HS56 ', N'DV23 ')
GO
INSERT [dbo].[HS_DV] ([MaHS], [MaDV]) VALUES (N'HS56 ', N'DV32 ')
GO
INSERT [dbo].[HS_DV] ([MaHS], [MaDV]) VALUES (N'HS56 ', N'DV33 ')
GO
INSERT [dbo].[HS_DV] ([MaHS], [MaDV]) VALUES (N'HS56 ', N'DV36 ')
GO
INSERT [dbo].[HS_DV] ([MaHS], [MaDV]) VALUES (N'HS56 ', N'DV47 ')
GO
INSERT [dbo].[HS_DV] ([MaHS], [MaDV]) VALUES (N'HS56 ', N'DV50 ')
GO
INSERT [dbo].[HS_DV] ([MaHS], [MaDV]) VALUES (N'HS56 ', N'DV56 ')
GO
INSERT [dbo].[HS_DV] ([MaHS], [MaDV]) VALUES (N'HS56 ', N'DV89 ')
GO
INSERT [dbo].[HS_DV] ([MaHS], [MaDV]) VALUES (N'HS57 ', N'DV14 ')
GO
INSERT [dbo].[HS_DV] ([MaHS], [MaDV]) VALUES (N'HS57 ', N'DV15 ')
GO
INSERT [dbo].[HS_DV] ([MaHS], [MaDV]) VALUES (N'HS57 ', N'DV43 ')
GO
INSERT [dbo].[HS_DV] ([MaHS], [MaDV]) VALUES (N'HS57 ', N'DV52 ')
GO
INSERT [dbo].[HS_DV] ([MaHS], [MaDV]) VALUES (N'HS57 ', N'DV57 ')
GO
INSERT [dbo].[HS_DV] ([MaHS], [MaDV]) VALUES (N'HS57 ', N'DV58 ')
GO
INSERT [dbo].[HS_DV] ([MaHS], [MaDV]) VALUES (N'HS57 ', N'DV67 ')
GO
INSERT [dbo].[HS_DV] ([MaHS], [MaDV]) VALUES (N'HS57 ', N'DV78 ')
GO
INSERT [dbo].[HS_DV] ([MaHS], [MaDV]) VALUES (N'HS57 ', N'DV83 ')
GO
INSERT [dbo].[HS_DV] ([MaHS], [MaDV]) VALUES (N'HS57 ', N'DV84 ')
GO
INSERT [dbo].[HS_DV] ([MaHS], [MaDV]) VALUES (N'HS58 ', N'DV06 ')
GO
INSERT [dbo].[HS_DV] ([MaHS], [MaDV]) VALUES (N'HS58 ', N'DV11 ')
GO
INSERT [dbo].[HS_DV] ([MaHS], [MaDV]) VALUES (N'HS58 ', N'DV15 ')
GO
INSERT [dbo].[HS_DV] ([MaHS], [MaDV]) VALUES (N'HS58 ', N'DV52 ')
GO
INSERT [dbo].[HS_DV] ([MaHS], [MaDV]) VALUES (N'HS58 ', N'DV53 ')
GO
INSERT [dbo].[HS_DV] ([MaHS], [MaDV]) VALUES (N'HS58 ', N'DV58 ')
GO
INSERT [dbo].[HS_DV] ([MaHS], [MaDV]) VALUES (N'HS58 ', N'DV73 ')
GO
INSERT [dbo].[HS_DV] ([MaHS], [MaDV]) VALUES (N'HS58 ', N'DV75 ')
GO
INSERT [dbo].[HS_DV] ([MaHS], [MaDV]) VALUES (N'HS58 ', N'DV87 ')
GO
INSERT [dbo].[HS_DV] ([MaHS], [MaDV]) VALUES (N'HS58 ', N'DV88 ')
GO
INSERT [dbo].[HS_DV] ([MaHS], [MaDV]) VALUES (N'HS59 ', N'DV01 ')
GO
INSERT [dbo].[HS_DV] ([MaHS], [MaDV]) VALUES (N'HS59 ', N'DV10 ')
GO
INSERT [dbo].[HS_DV] ([MaHS], [MaDV]) VALUES (N'HS59 ', N'DV22 ')
GO
INSERT [dbo].[HS_DV] ([MaHS], [MaDV]) VALUES (N'HS59 ', N'DV31 ')
GO
INSERT [dbo].[HS_DV] ([MaHS], [MaDV]) VALUES (N'HS59 ', N'DV34 ')
GO
INSERT [dbo].[HS_DV] ([MaHS], [MaDV]) VALUES (N'HS59 ', N'DV46 ')
GO
INSERT [dbo].[HS_DV] ([MaHS], [MaDV]) VALUES (N'HS59 ', N'DV59 ')
GO
INSERT [dbo].[HS_DV] ([MaHS], [MaDV]) VALUES (N'HS59 ', N'DV68 ')
GO
INSERT [dbo].[HS_DV] ([MaHS], [MaDV]) VALUES (N'HS59 ', N'DV71 ')
GO
INSERT [dbo].[HS_DV] ([MaHS], [MaDV]) VALUES (N'HS59 ', N'DV92 ')
GO
INSERT [dbo].[HS_DV] ([MaHS], [MaDV]) VALUES (N'HS60 ', N'DV05 ')
GO
INSERT [dbo].[HS_DV] ([MaHS], [MaDV]) VALUES (N'HS60 ', N'DV08 ')
GO
INSERT [dbo].[HS_DV] ([MaHS], [MaDV]) VALUES (N'HS60 ', N'DV13 ')
GO
INSERT [dbo].[HS_DV] ([MaHS], [MaDV]) VALUES (N'HS60 ', N'DV33 ')
GO
INSERT [dbo].[HS_DV] ([MaHS], [MaDV]) VALUES (N'HS60 ', N'DV36 ')
GO
INSERT [dbo].[HS_DV] ([MaHS], [MaDV]) VALUES (N'HS60 ', N'DV50 ')
GO
INSERT [dbo].[HS_DV] ([MaHS], [MaDV]) VALUES (N'HS60 ', N'DV56 ')
GO
INSERT [dbo].[HS_DV] ([MaHS], [MaDV]) VALUES (N'HS60 ', N'DV60 ')
GO
INSERT [dbo].[HS_DV] ([MaHS], [MaDV]) VALUES (N'HS60 ', N'DV70 ')
GO
INSERT [dbo].[HS_DV] ([MaHS], [MaDV]) VALUES (N'HS60 ', N'DV89 ')
GO
INSERT [dbo].[HS_DV] ([MaHS], [MaDV]) VALUES (N'HS61 ', N'DV00 ')
GO
INSERT [dbo].[HS_DV] ([MaHS], [MaDV]) VALUES (N'HS61 ', N'DV04 ')
GO
INSERT [dbo].[HS_DV] ([MaHS], [MaDV]) VALUES (N'HS61 ', N'DV09 ')
GO
INSERT [dbo].[HS_DV] ([MaHS], [MaDV]) VALUES (N'HS61 ', N'DV20 ')
GO
INSERT [dbo].[HS_DV] ([MaHS], [MaDV]) VALUES (N'HS61 ', N'DV24 ')
GO
INSERT [dbo].[HS_DV] ([MaHS], [MaDV]) VALUES (N'HS61 ', N'DV27 ')
GO
INSERT [dbo].[HS_DV] ([MaHS], [MaDV]) VALUES (N'HS61 ', N'DV41 ')
GO
INSERT [dbo].[HS_DV] ([MaHS], [MaDV]) VALUES (N'HS61 ', N'DV61 ')
GO
INSERT [dbo].[HS_DV] ([MaHS], [MaDV]) VALUES (N'HS61 ', N'DV80 ')
GO
INSERT [dbo].[HS_DV] ([MaHS], [MaDV]) VALUES (N'HS61 ', N'DV93 ')
GO
INSERT [dbo].[HS_DV] ([MaHS], [MaDV]) VALUES (N'HS62 ', N'DV02 ')
GO
INSERT [dbo].[HS_DV] ([MaHS], [MaDV]) VALUES (N'HS62 ', N'DV29 ')
GO
INSERT [dbo].[HS_DV] ([MaHS], [MaDV]) VALUES (N'HS62 ', N'DV44 ')
GO
INSERT [dbo].[HS_DV] ([MaHS], [MaDV]) VALUES (N'HS62 ', N'DV62 ')
GO
INSERT [dbo].[HS_DV] ([MaHS], [MaDV]) VALUES (N'HS62 ', N'DV65 ')
GO
INSERT [dbo].[HS_DV] ([MaHS], [MaDV]) VALUES (N'HS62 ', N'DV79 ')
GO
INSERT [dbo].[HS_DV] ([MaHS], [MaDV]) VALUES (N'HS62 ', N'DV82 ')
GO
INSERT [dbo].[HS_DV] ([MaHS], [MaDV]) VALUES (N'HS62 ', N'DV85 ')
GO
INSERT [dbo].[HS_DV] ([MaHS], [MaDV]) VALUES (N'HS62 ', N'DV98 ')
GO
INSERT [dbo].[HS_DV] ([MaHS], [MaDV]) VALUES (N'HS62 ', N'DV99 ')
GO
INSERT [dbo].[HS_DV] ([MaHS], [MaDV]) VALUES (N'HS63 ', N'DV01 ')
GO
INSERT [dbo].[HS_DV] ([MaHS], [MaDV]) VALUES (N'HS63 ', N'DV07 ')
GO
INSERT [dbo].[HS_DV] ([MaHS], [MaDV]) VALUES (N'HS63 ', N'DV16 ')
GO
INSERT [dbo].[HS_DV] ([MaHS], [MaDV]) VALUES (N'HS63 ', N'DV26 ')
GO
INSERT [dbo].[HS_DV] ([MaHS], [MaDV]) VALUES (N'HS63 ', N'DV39 ')
GO
INSERT [dbo].[HS_DV] ([MaHS], [MaDV]) VALUES (N'HS63 ', N'DV49 ')
GO
INSERT [dbo].[HS_DV] ([MaHS], [MaDV]) VALUES (N'HS63 ', N'DV59 ')
GO
INSERT [dbo].[HS_DV] ([MaHS], [MaDV]) VALUES (N'HS63 ', N'DV63 ')
GO
INSERT [dbo].[HS_DV] ([MaHS], [MaDV]) VALUES (N'HS63 ', N'DV71 ')
GO
INSERT [dbo].[HS_DV] ([MaHS], [MaDV]) VALUES (N'HS63 ', N'DV95 ')
GO
INSERT [dbo].[HS_DV] ([MaHS], [MaDV]) VALUES (N'HS64 ', N'DV04 ')
GO
INSERT [dbo].[HS_DV] ([MaHS], [MaDV]) VALUES (N'HS64 ', N'DV09 ')
GO
INSERT [dbo].[HS_DV] ([MaHS], [MaDV]) VALUES (N'HS64 ', N'DV20 ')
GO
INSERT [dbo].[HS_DV] ([MaHS], [MaDV]) VALUES (N'HS64 ', N'DV24 ')
GO
INSERT [dbo].[HS_DV] ([MaHS], [MaDV]) VALUES (N'HS64 ', N'DV27 ')
GO
INSERT [dbo].[HS_DV] ([MaHS], [MaDV]) VALUES (N'HS64 ', N'DV41 ')
GO
INSERT [dbo].[HS_DV] ([MaHS], [MaDV]) VALUES (N'HS64 ', N'DV61 ')
GO
INSERT [dbo].[HS_DV] ([MaHS], [MaDV]) VALUES (N'HS64 ', N'DV64 ')
GO
INSERT [dbo].[HS_DV] ([MaHS], [MaDV]) VALUES (N'HS64 ', N'DV80 ')
GO
INSERT [dbo].[HS_DV] ([MaHS], [MaDV]) VALUES (N'HS64 ', N'DV93 ')
GO
INSERT [dbo].[HS_DV] ([MaHS], [MaDV]) VALUES (N'HS65 ', N'DV03 ')
GO
INSERT [dbo].[HS_DV] ([MaHS], [MaDV]) VALUES (N'HS65 ', N'DV29 ')
GO
INSERT [dbo].[HS_DV] ([MaHS], [MaDV]) VALUES (N'HS65 ', N'DV48 ')
GO
INSERT [dbo].[HS_DV] ([MaHS], [MaDV]) VALUES (N'HS65 ', N'DV63 ')
GO
INSERT [dbo].[HS_DV] ([MaHS], [MaDV]) VALUES (N'HS65 ', N'DV65 ')
GO
INSERT [dbo].[HS_DV] ([MaHS], [MaDV]) VALUES (N'HS65 ', N'DV66 ')
GO
INSERT [dbo].[HS_DV] ([MaHS], [MaDV]) VALUES (N'HS65 ', N'DV79 ')
GO
INSERT [dbo].[HS_DV] ([MaHS], [MaDV]) VALUES (N'HS65 ', N'DV82 ')
GO
INSERT [dbo].[HS_DV] ([MaHS], [MaDV]) VALUES (N'HS65 ', N'DV90 ')
GO
INSERT [dbo].[HS_DV] ([MaHS], [MaDV]) VALUES (N'HS65 ', N'DV96 ')
GO
INSERT [dbo].[HS_DV] ([MaHS], [MaDV]) VALUES (N'HS66 ', N'DV07 ')
GO
INSERT [dbo].[HS_DV] ([MaHS], [MaDV]) VALUES (N'HS66 ', N'DV16 ')
GO
INSERT [dbo].[HS_DV] ([MaHS], [MaDV]) VALUES (N'HS66 ', N'DV26 ')
GO
INSERT [dbo].[HS_DV] ([MaHS], [MaDV]) VALUES (N'HS66 ', N'DV39 ')
GO
INSERT [dbo].[HS_DV] ([MaHS], [MaDV]) VALUES (N'HS66 ', N'DV48 ')
GO
INSERT [dbo].[HS_DV] ([MaHS], [MaDV]) VALUES (N'HS66 ', N'DV49 ')
GO
INSERT [dbo].[HS_DV] ([MaHS], [MaDV]) VALUES (N'HS66 ', N'DV63 ')
GO
INSERT [dbo].[HS_DV] ([MaHS], [MaDV]) VALUES (N'HS66 ', N'DV66 ')
GO
INSERT [dbo].[HS_DV] ([MaHS], [MaDV]) VALUES (N'HS66 ', N'DV90 ')
GO
INSERT [dbo].[HS_DV] ([MaHS], [MaDV]) VALUES (N'HS66 ', N'DV95 ')
GO
INSERT [dbo].[HS_DV] ([MaHS], [MaDV]) VALUES (N'HS67 ', N'DV06 ')
GO
INSERT [dbo].[HS_DV] ([MaHS], [MaDV]) VALUES (N'HS67 ', N'DV11 ')
GO
INSERT [dbo].[HS_DV] ([MaHS], [MaDV]) VALUES (N'HS67 ', N'DV15 ')
GO
INSERT [dbo].[HS_DV] ([MaHS], [MaDV]) VALUES (N'HS67 ', N'DV52 ')
GO
INSERT [dbo].[HS_DV] ([MaHS], [MaDV]) VALUES (N'HS67 ', N'DV58 ')
GO
INSERT [dbo].[HS_DV] ([MaHS], [MaDV]) VALUES (N'HS67 ', N'DV67 ')
GO
INSERT [dbo].[HS_DV] ([MaHS], [MaDV]) VALUES (N'HS67 ', N'DV75 ')
GO
INSERT [dbo].[HS_DV] ([MaHS], [MaDV]) VALUES (N'HS67 ', N'DV83 ')
GO
INSERT [dbo].[HS_DV] ([MaHS], [MaDV]) VALUES (N'HS67 ', N'DV87 ')
GO
INSERT [dbo].[HS_DV] ([MaHS], [MaDV]) VALUES (N'HS67 ', N'DV88 ')
GO
INSERT [dbo].[HS_DV] ([MaHS], [MaDV]) VALUES (N'HS68 ', N'DV10 ')
GO
INSERT [dbo].[HS_DV] ([MaHS], [MaDV]) VALUES (N'HS68 ', N'DV12 ')
GO
INSERT [dbo].[HS_DV] ([MaHS], [MaDV]) VALUES (N'HS68 ', N'DV18 ')
GO
INSERT [dbo].[HS_DV] ([MaHS], [MaDV]) VALUES (N'HS68 ', N'DV22 ')
GO
INSERT [dbo].[HS_DV] ([MaHS], [MaDV]) VALUES (N'HS68 ', N'DV30 ')
GO
INSERT [dbo].[HS_DV] ([MaHS], [MaDV]) VALUES (N'HS68 ', N'DV37 ')
GO
INSERT [dbo].[HS_DV] ([MaHS], [MaDV]) VALUES (N'HS68 ', N'DV40 ')
GO
INSERT [dbo].[HS_DV] ([MaHS], [MaDV]) VALUES (N'HS68 ', N'DV68 ')
GO
INSERT [dbo].[HS_DV] ([MaHS], [MaDV]) VALUES (N'HS68 ', N'DV74 ')
GO
INSERT [dbo].[HS_DV] ([MaHS], [MaDV]) VALUES (N'HS68 ', N'DV86 ')
GO
INSERT [dbo].[HS_DV] ([MaHS], [MaDV]) VALUES (N'HS69 ', N'DV14 ')
GO
INSERT [dbo].[HS_DV] ([MaHS], [MaDV]) VALUES (N'HS69 ', N'DV43 ')
GO
INSERT [dbo].[HS_DV] ([MaHS], [MaDV]) VALUES (N'HS69 ', N'DV52 ')
GO
INSERT [dbo].[HS_DV] ([MaHS], [MaDV]) VALUES (N'HS69 ', N'DV57 ')
GO
INSERT [dbo].[HS_DV] ([MaHS], [MaDV]) VALUES (N'HS69 ', N'DV58 ')
GO
INSERT [dbo].[HS_DV] ([MaHS], [MaDV]) VALUES (N'HS69 ', N'DV67 ')
GO
INSERT [dbo].[HS_DV] ([MaHS], [MaDV]) VALUES (N'HS69 ', N'DV69 ')
GO
INSERT [dbo].[HS_DV] ([MaHS], [MaDV]) VALUES (N'HS69 ', N'DV78 ')
GO
INSERT [dbo].[HS_DV] ([MaHS], [MaDV]) VALUES (N'HS69 ', N'DV83 ')
GO
INSERT [dbo].[HS_DV] ([MaHS], [MaDV]) VALUES (N'HS69 ', N'DV84 ')
GO
INSERT [dbo].[HS_DV] ([MaHS], [MaDV]) VALUES (N'HS70 ', N'DV05 ')
GO
INSERT [dbo].[HS_DV] ([MaHS], [MaDV]) VALUES (N'HS70 ', N'DV08 ')
GO
INSERT [dbo].[HS_DV] ([MaHS], [MaDV]) VALUES (N'HS70 ', N'DV13 ')
GO
INSERT [dbo].[HS_DV] ([MaHS], [MaDV]) VALUES (N'HS70 ', N'DV23 ')
GO
INSERT [dbo].[HS_DV] ([MaHS], [MaDV]) VALUES (N'HS70 ', N'DV33 ')
GO
INSERT [dbo].[HS_DV] ([MaHS], [MaDV]) VALUES (N'HS70 ', N'DV36 ')
GO
INSERT [dbo].[HS_DV] ([MaHS], [MaDV]) VALUES (N'HS70 ', N'DV50 ')
GO
INSERT [dbo].[HS_DV] ([MaHS], [MaDV]) VALUES (N'HS70 ', N'DV56 ')
GO
INSERT [dbo].[HS_DV] ([MaHS], [MaDV]) VALUES (N'HS70 ', N'DV70 ')
GO
INSERT [dbo].[HS_DV] ([MaHS], [MaDV]) VALUES (N'HS70 ', N'DV89 ')
GO
INSERT [dbo].[HS_DV] ([MaHS], [MaDV]) VALUES (N'HS71 ', N'DV01 ')
GO
INSERT [dbo].[HS_DV] ([MaHS], [MaDV]) VALUES (N'HS71 ', N'DV10 ')
GO
INSERT [dbo].[HS_DV] ([MaHS], [MaDV]) VALUES (N'HS71 ', N'DV22 ')
GO
INSERT [dbo].[HS_DV] ([MaHS], [MaDV]) VALUES (N'HS71 ', N'DV31 ')
GO
INSERT [dbo].[HS_DV] ([MaHS], [MaDV]) VALUES (N'HS71 ', N'DV34 ')
GO
INSERT [dbo].[HS_DV] ([MaHS], [MaDV]) VALUES (N'HS71 ', N'DV46 ')
GO
INSERT [dbo].[HS_DV] ([MaHS], [MaDV]) VALUES (N'HS71 ', N'DV68 ')
GO
INSERT [dbo].[HS_DV] ([MaHS], [MaDV]) VALUES (N'HS71 ', N'DV71 ')
GO
INSERT [dbo].[HS_DV] ([MaHS], [MaDV]) VALUES (N'HS71 ', N'DV86 ')
GO
INSERT [dbo].[HS_DV] ([MaHS], [MaDV]) VALUES (N'HS71 ', N'DV92 ')
GO
INSERT [dbo].[HS_DV] ([MaHS], [MaDV]) VALUES (N'HS72 ', N'DV19 ')
GO
INSERT [dbo].[HS_DV] ([MaHS], [MaDV]) VALUES (N'HS72 ', N'DV25 ')
GO
INSERT [dbo].[HS_DV] ([MaHS], [MaDV]) VALUES (N'HS72 ', N'DV42 ')
GO
INSERT [dbo].[HS_DV] ([MaHS], [MaDV]) VALUES (N'HS72 ', N'DV54 ')
GO
INSERT [dbo].[HS_DV] ([MaHS], [MaDV]) VALUES (N'HS72 ', N'DV55 ')
GO
INSERT [dbo].[HS_DV] ([MaHS], [MaDV]) VALUES (N'HS72 ', N'DV72 ')
GO
INSERT [dbo].[HS_DV] ([MaHS], [MaDV]) VALUES (N'HS72 ', N'DV76 ')
GO
INSERT [dbo].[HS_DV] ([MaHS], [MaDV]) VALUES (N'HS72 ', N'DV81 ')
GO
INSERT [dbo].[HS_DV] ([MaHS], [MaDV]) VALUES (N'HS72 ', N'DV91 ')
GO
INSERT [dbo].[HS_DV] ([MaHS], [MaDV]) VALUES (N'HS72 ', N'DV97 ')
GO
INSERT [dbo].[HS_DV] ([MaHS], [MaDV]) VALUES (N'HS73 ', N'DV05 ')
GO
INSERT [dbo].[HS_DV] ([MaHS], [MaDV]) VALUES (N'HS73 ', N'DV17 ')
GO
INSERT [dbo].[HS_DV] ([MaHS], [MaDV]) VALUES (N'HS73 ', N'DV35 ')
GO
INSERT [dbo].[HS_DV] ([MaHS], [MaDV]) VALUES (N'HS73 ', N'DV50 ')
GO
INSERT [dbo].[HS_DV] ([MaHS], [MaDV]) VALUES (N'HS73 ', N'DV51 ')
GO
INSERT [dbo].[HS_DV] ([MaHS], [MaDV]) VALUES (N'HS73 ', N'DV56 ')
GO
INSERT [dbo].[HS_DV] ([MaHS], [MaDV]) VALUES (N'HS73 ', N'DV60 ')
GO
INSERT [dbo].[HS_DV] ([MaHS], [MaDV]) VALUES (N'HS73 ', N'DV70 ')
GO
INSERT [dbo].[HS_DV] ([MaHS], [MaDV]) VALUES (N'HS73 ', N'DV73 ')
GO
INSERT [dbo].[HS_DV] ([MaHS], [MaDV]) VALUES (N'HS73 ', N'DV94 ')
GO
INSERT [dbo].[HS_DV] ([MaHS], [MaDV]) VALUES (N'HS74 ', N'DV12 ')
GO
INSERT [dbo].[HS_DV] ([MaHS], [MaDV]) VALUES (N'HS74 ', N'DV14 ')
GO
INSERT [dbo].[HS_DV] ([MaHS], [MaDV]) VALUES (N'HS74 ', N'DV18 ')
GO
INSERT [dbo].[HS_DV] ([MaHS], [MaDV]) VALUES (N'HS74 ', N'DV30 ')
GO
INSERT [dbo].[HS_DV] ([MaHS], [MaDV]) VALUES (N'HS74 ', N'DV37 ')
GO
INSERT [dbo].[HS_DV] ([MaHS], [MaDV]) VALUES (N'HS74 ', N'DV40 ')
GO
INSERT [dbo].[HS_DV] ([MaHS], [MaDV]) VALUES (N'HS74 ', N'DV43 ')
GO
INSERT [dbo].[HS_DV] ([MaHS], [MaDV]) VALUES (N'HS74 ', N'DV57 ')
GO
INSERT [dbo].[HS_DV] ([MaHS], [MaDV]) VALUES (N'HS74 ', N'DV69 ')
GO
INSERT [dbo].[HS_DV] ([MaHS], [MaDV]) VALUES (N'HS74 ', N'DV74 ')
GO
INSERT [dbo].[HS_DV] ([MaHS], [MaDV]) VALUES (N'HS75 ', N'DV11 ')
GO
INSERT [dbo].[HS_DV] ([MaHS], [MaDV]) VALUES (N'HS75 ', N'DV17 ')
GO
INSERT [dbo].[HS_DV] ([MaHS], [MaDV]) VALUES (N'HS75 ', N'DV35 ')
GO
INSERT [dbo].[HS_DV] ([MaHS], [MaDV]) VALUES (N'HS75 ', N'DV51 ')
GO
INSERT [dbo].[HS_DV] ([MaHS], [MaDV]) VALUES (N'HS75 ', N'DV53 ')
GO
INSERT [dbo].[HS_DV] ([MaHS], [MaDV]) VALUES (N'HS75 ', N'DV60 ')
GO
INSERT [dbo].[HS_DV] ([MaHS], [MaDV]) VALUES (N'HS75 ', N'DV70 ')
GO
INSERT [dbo].[HS_DV] ([MaHS], [MaDV]) VALUES (N'HS75 ', N'DV73 ')
GO
INSERT [dbo].[HS_DV] ([MaHS], [MaDV]) VALUES (N'HS75 ', N'DV75 ')
GO
INSERT [dbo].[HS_DV] ([MaHS], [MaDV]) VALUES (N'HS75 ', N'DV94 ')
GO
INSERT [dbo].[HS_DV] ([MaHS], [MaDV]) VALUES (N'HS76 ', N'DV19 ')
GO
INSERT [dbo].[HS_DV] ([MaHS], [MaDV]) VALUES (N'HS76 ', N'DV25 ')
GO
INSERT [dbo].[HS_DV] ([MaHS], [MaDV]) VALUES (N'HS76 ', N'DV28 ')
GO
INSERT [dbo].[HS_DV] ([MaHS], [MaDV]) VALUES (N'HS76 ', N'DV42 ')
GO
INSERT [dbo].[HS_DV] ([MaHS], [MaDV]) VALUES (N'HS76 ', N'DV45 ')
GO
INSERT [dbo].[HS_DV] ([MaHS], [MaDV]) VALUES (N'HS76 ', N'DV54 ')
GO
INSERT [dbo].[HS_DV] ([MaHS], [MaDV]) VALUES (N'HS76 ', N'DV55 ')
GO
INSERT [dbo].[HS_DV] ([MaHS], [MaDV]) VALUES (N'HS76 ', N'DV76 ')
GO
INSERT [dbo].[HS_DV] ([MaHS], [MaDV]) VALUES (N'HS76 ', N'DV91 ')
GO
INSERT [dbo].[HS_DV] ([MaHS], [MaDV]) VALUES (N'HS76 ', N'DV97 ')
GO
INSERT [dbo].[HS_DV] ([MaHS], [MaDV]) VALUES (N'HS77 ', N'DV04 ')
GO
INSERT [dbo].[HS_DV] ([MaHS], [MaDV]) VALUES (N'HS77 ', N'DV09 ')
GO
INSERT [dbo].[HS_DV] ([MaHS], [MaDV]) VALUES (N'HS77 ', N'DV20 ')
GO
INSERT [dbo].[HS_DV] ([MaHS], [MaDV]) VALUES (N'HS77 ', N'DV24 ')
GO
INSERT [dbo].[HS_DV] ([MaHS], [MaDV]) VALUES (N'HS77 ', N'DV27 ')
GO
INSERT [dbo].[HS_DV] ([MaHS], [MaDV]) VALUES (N'HS77 ', N'DV41 ')
GO
INSERT [dbo].[HS_DV] ([MaHS], [MaDV]) VALUES (N'HS77 ', N'DV61 ')
GO
INSERT [dbo].[HS_DV] ([MaHS], [MaDV]) VALUES (N'HS77 ', N'DV64 ')
GO
INSERT [dbo].[HS_DV] ([MaHS], [MaDV]) VALUES (N'HS77 ', N'DV77 ')
GO
INSERT [dbo].[HS_DV] ([MaHS], [MaDV]) VALUES (N'HS77 ', N'DV93 ')
GO
INSERT [dbo].[HS_DV] ([MaHS], [MaDV]) VALUES (N'HS78 ', N'DV06 ')
GO
INSERT [dbo].[HS_DV] ([MaHS], [MaDV]) VALUES (N'HS78 ', N'DV15 ')
GO
INSERT [dbo].[HS_DV] ([MaHS], [MaDV]) VALUES (N'HS78 ', N'DV52 ')
GO
INSERT [dbo].[HS_DV] ([MaHS], [MaDV]) VALUES (N'HS78 ', N'DV58 ')
GO
INSERT [dbo].[HS_DV] ([MaHS], [MaDV]) VALUES (N'HS78 ', N'DV67 ')
GO
INSERT [dbo].[HS_DV] ([MaHS], [MaDV]) VALUES (N'HS78 ', N'DV75 ')
GO
INSERT [dbo].[HS_DV] ([MaHS], [MaDV]) VALUES (N'HS78 ', N'DV78 ')
GO
INSERT [dbo].[HS_DV] ([MaHS], [MaDV]) VALUES (N'HS78 ', N'DV83 ')
GO
INSERT [dbo].[HS_DV] ([MaHS], [MaDV]) VALUES (N'HS78 ', N'DV87 ')
GO
INSERT [dbo].[HS_DV] ([MaHS], [MaDV]) VALUES (N'HS78 ', N'DV88 ')
GO
INSERT [dbo].[HS_DV] ([MaHS], [MaDV]) VALUES (N'HS79 ', N'DV03 ')
GO
INSERT [dbo].[HS_DV] ([MaHS], [MaDV]) VALUES (N'HS79 ', N'DV07 ')
GO
INSERT [dbo].[HS_DV] ([MaHS], [MaDV]) VALUES (N'HS79 ', N'DV48 ')
GO
INSERT [dbo].[HS_DV] ([MaHS], [MaDV]) VALUES (N'HS79 ', N'DV49 ')
GO
INSERT [dbo].[HS_DV] ([MaHS], [MaDV]) VALUES (N'HS79 ', N'DV63 ')
GO
INSERT [dbo].[HS_DV] ([MaHS], [MaDV]) VALUES (N'HS79 ', N'DV66 ')
GO
INSERT [dbo].[HS_DV] ([MaHS], [MaDV]) VALUES (N'HS79 ', N'DV79 ')
GO
INSERT [dbo].[HS_DV] ([MaHS], [MaDV]) VALUES (N'HS79 ', N'DV82 ')
GO
INSERT [dbo].[HS_DV] ([MaHS], [MaDV]) VALUES (N'HS79 ', N'DV90 ')
GO
INSERT [dbo].[HS_DV] ([MaHS], [MaDV]) VALUES (N'HS79 ', N'DV96 ')
GO
INSERT [dbo].[HS_DV] ([MaHS], [MaDV]) VALUES (N'HS80 ', N'DV00 ')
GO
INSERT [dbo].[HS_DV] ([MaHS], [MaDV]) VALUES (N'HS80 ', N'DV19 ')
GO
INSERT [dbo].[HS_DV] ([MaHS], [MaDV]) VALUES (N'HS80 ', N'DV21 ')
GO
INSERT [dbo].[HS_DV] ([MaHS], [MaDV]) VALUES (N'HS80 ', N'DV38 ')
GO
INSERT [dbo].[HS_DV] ([MaHS], [MaDV]) VALUES (N'HS80 ', N'DV54 ')
GO
INSERT [dbo].[HS_DV] ([MaHS], [MaDV]) VALUES (N'HS80 ', N'DV55 ')
GO
INSERT [dbo].[HS_DV] ([MaHS], [MaDV]) VALUES (N'HS80 ', N'DV72 ')
GO
INSERT [dbo].[HS_DV] ([MaHS], [MaDV]) VALUES (N'HS80 ', N'DV76 ')
GO
INSERT [dbo].[HS_DV] ([MaHS], [MaDV]) VALUES (N'HS80 ', N'DV80 ')
GO
INSERT [dbo].[HS_DV] ([MaHS], [MaDV]) VALUES (N'HS80 ', N'DV81 ')
GO
INSERT [dbo].[HS_DV] ([MaHS], [MaDV]) VALUES (N'HS81 ', N'DV19 ')
GO
INSERT [dbo].[HS_DV] ([MaHS], [MaDV]) VALUES (N'HS81 ', N'DV25 ')
GO
INSERT [dbo].[HS_DV] ([MaHS], [MaDV]) VALUES (N'HS81 ', N'DV28 ')
GO
INSERT [dbo].[HS_DV] ([MaHS], [MaDV]) VALUES (N'HS81 ', N'DV42 ')
GO
INSERT [dbo].[HS_DV] ([MaHS], [MaDV]) VALUES (N'HS81 ', N'DV54 ')
GO
INSERT [dbo].[HS_DV] ([MaHS], [MaDV]) VALUES (N'HS81 ', N'DV55 ')
GO
INSERT [dbo].[HS_DV] ([MaHS], [MaDV]) VALUES (N'HS81 ', N'DV76 ')
GO
INSERT [dbo].[HS_DV] ([MaHS], [MaDV]) VALUES (N'HS81 ', N'DV81 ')
GO
INSERT [dbo].[HS_DV] ([MaHS], [MaDV]) VALUES (N'HS81 ', N'DV91 ')
GO
INSERT [dbo].[HS_DV] ([MaHS], [MaDV]) VALUES (N'HS81 ', N'DV97 ')
GO
INSERT [dbo].[HS_DV] ([MaHS], [MaDV]) VALUES (N'HS82 ', N'DV03 ')
GO
INSERT [dbo].[HS_DV] ([MaHS], [MaDV]) VALUES (N'HS82 ', N'DV07 ')
GO
INSERT [dbo].[HS_DV] ([MaHS], [MaDV]) VALUES (N'HS82 ', N'DV16 ')
GO
INSERT [dbo].[HS_DV] ([MaHS], [MaDV]) VALUES (N'HS82 ', N'DV48 ')
GO
INSERT [dbo].[HS_DV] ([MaHS], [MaDV]) VALUES (N'HS82 ', N'DV49 ')
GO
INSERT [dbo].[HS_DV] ([MaHS], [MaDV]) VALUES (N'HS82 ', N'DV63 ')
GO
INSERT [dbo].[HS_DV] ([MaHS], [MaDV]) VALUES (N'HS82 ', N'DV66 ')
GO
INSERT [dbo].[HS_DV] ([MaHS], [MaDV]) VALUES (N'HS82 ', N'DV82 ')
GO
INSERT [dbo].[HS_DV] ([MaHS], [MaDV]) VALUES (N'HS82 ', N'DV90 ')
GO
INSERT [dbo].[HS_DV] ([MaHS], [MaDV]) VALUES (N'HS82 ', N'DV96 ')
GO
INSERT [dbo].[HS_DV] ([MaHS], [MaDV]) VALUES (N'HS83 ', N'DV06 ')
GO
INSERT [dbo].[HS_DV] ([MaHS], [MaDV]) VALUES (N'HS83 ', N'DV11 ')
GO
INSERT [dbo].[HS_DV] ([MaHS], [MaDV]) VALUES (N'HS83 ', N'DV15 ')
GO
INSERT [dbo].[HS_DV] ([MaHS], [MaDV]) VALUES (N'HS83 ', N'DV52 ')
GO
INSERT [dbo].[HS_DV] ([MaHS], [MaDV]) VALUES (N'HS83 ', N'DV53 ')
GO
INSERT [dbo].[HS_DV] ([MaHS], [MaDV]) VALUES (N'HS83 ', N'DV58 ')
GO
INSERT [dbo].[HS_DV] ([MaHS], [MaDV]) VALUES (N'HS83 ', N'DV75 ')
GO
INSERT [dbo].[HS_DV] ([MaHS], [MaDV]) VALUES (N'HS83 ', N'DV83 ')
GO
INSERT [dbo].[HS_DV] ([MaHS], [MaDV]) VALUES (N'HS83 ', N'DV87 ')
GO
INSERT [dbo].[HS_DV] ([MaHS], [MaDV]) VALUES (N'HS83 ', N'DV88 ')
GO
INSERT [dbo].[HS_DV] ([MaHS], [MaDV]) VALUES (N'HS84 ', N'DV06 ')
GO
INSERT [dbo].[HS_DV] ([MaHS], [MaDV]) VALUES (N'HS84 ', N'DV15 ')
GO
INSERT [dbo].[HS_DV] ([MaHS], [MaDV]) VALUES (N'HS84 ', N'DV52 ')
GO
INSERT [dbo].[HS_DV] ([MaHS], [MaDV]) VALUES (N'HS84 ', N'DV58 ')
GO
INSERT [dbo].[HS_DV] ([MaHS], [MaDV]) VALUES (N'HS84 ', N'DV67 ')
GO
INSERT [dbo].[HS_DV] ([MaHS], [MaDV]) VALUES (N'HS84 ', N'DV78 ')
GO
INSERT [dbo].[HS_DV] ([MaHS], [MaDV]) VALUES (N'HS84 ', N'DV83 ')
GO
INSERT [dbo].[HS_DV] ([MaHS], [MaDV]) VALUES (N'HS84 ', N'DV84 ')
GO
INSERT [dbo].[HS_DV] ([MaHS], [MaDV]) VALUES (N'HS84 ', N'DV87 ')
GO
INSERT [dbo].[HS_DV] ([MaHS], [MaDV]) VALUES (N'HS84 ', N'DV88 ')
GO
INSERT [dbo].[HS_DV] ([MaHS], [MaDV]) VALUES (N'HS85 ', N'DV03 ')
GO
INSERT [dbo].[HS_DV] ([MaHS], [MaDV]) VALUES (N'HS85 ', N'DV29 ')
GO
INSERT [dbo].[HS_DV] ([MaHS], [MaDV]) VALUES (N'HS85 ', N'DV48 ')
GO
INSERT [dbo].[HS_DV] ([MaHS], [MaDV]) VALUES (N'HS85 ', N'DV65 ')
GO
INSERT [dbo].[HS_DV] ([MaHS], [MaDV]) VALUES (N'HS85 ', N'DV66 ')
GO
INSERT [dbo].[HS_DV] ([MaHS], [MaDV]) VALUES (N'HS85 ', N'DV79 ')
GO
INSERT [dbo].[HS_DV] ([MaHS], [MaDV]) VALUES (N'HS85 ', N'DV82 ')
GO
INSERT [dbo].[HS_DV] ([MaHS], [MaDV]) VALUES (N'HS85 ', N'DV85 ')
GO
INSERT [dbo].[HS_DV] ([MaHS], [MaDV]) VALUES (N'HS85 ', N'DV96 ')
GO
INSERT [dbo].[HS_DV] ([MaHS], [MaDV]) VALUES (N'HS85 ', N'DV99 ')
GO
INSERT [dbo].[HS_DV] ([MaHS], [MaDV]) VALUES (N'HS86 ', N'DV12 ')
GO
INSERT [dbo].[HS_DV] ([MaHS], [MaDV]) VALUES (N'HS86 ', N'DV18 ')
GO
INSERT [dbo].[HS_DV] ([MaHS], [MaDV]) VALUES (N'HS86 ', N'DV30 ')
GO
INSERT [dbo].[HS_DV] ([MaHS], [MaDV]) VALUES (N'HS86 ', N'DV37 ')
GO
INSERT [dbo].[HS_DV] ([MaHS], [MaDV]) VALUES (N'HS86 ', N'DV40 ')
GO
INSERT [dbo].[HS_DV] ([MaHS], [MaDV]) VALUES (N'HS86 ', N'DV43 ')
GO
INSERT [dbo].[HS_DV] ([MaHS], [MaDV]) VALUES (N'HS86 ', N'DV57 ')
GO
INSERT [dbo].[HS_DV] ([MaHS], [MaDV]) VALUES (N'HS86 ', N'DV69 ')
GO
INSERT [dbo].[HS_DV] ([MaHS], [MaDV]) VALUES (N'HS86 ', N'DV74 ')
GO
INSERT [dbo].[HS_DV] ([MaHS], [MaDV]) VALUES (N'HS86 ', N'DV86 ')
GO
INSERT [dbo].[HS_DV] ([MaHS], [MaDV]) VALUES (N'HS87 ', N'DV06 ')
GO
INSERT [dbo].[HS_DV] ([MaHS], [MaDV]) VALUES (N'HS87 ', N'DV11 ')
GO
INSERT [dbo].[HS_DV] ([MaHS], [MaDV]) VALUES (N'HS87 ', N'DV17 ')
GO
INSERT [dbo].[HS_DV] ([MaHS], [MaDV]) VALUES (N'HS87 ', N'DV35 ')
GO
INSERT [dbo].[HS_DV] ([MaHS], [MaDV]) VALUES (N'HS87 ', N'DV51 ')
GO
INSERT [dbo].[HS_DV] ([MaHS], [MaDV]) VALUES (N'HS87 ', N'DV53 ')
GO
INSERT [dbo].[HS_DV] ([MaHS], [MaDV]) VALUES (N'HS87 ', N'DV73 ')
GO
INSERT [dbo].[HS_DV] ([MaHS], [MaDV]) VALUES (N'HS87 ', N'DV75 ')
GO
INSERT [dbo].[HS_DV] ([MaHS], [MaDV]) VALUES (N'HS87 ', N'DV87 ')
GO
INSERT [dbo].[HS_DV] ([MaHS], [MaDV]) VALUES (N'HS87 ', N'DV94 ')
GO
INSERT [dbo].[HS_DV] ([MaHS], [MaDV]) VALUES (N'HS88 ', N'DV06 ')
GO
INSERT [dbo].[HS_DV] ([MaHS], [MaDV]) VALUES (N'HS88 ', N'DV11 ')
GO
INSERT [dbo].[HS_DV] ([MaHS], [MaDV]) VALUES (N'HS88 ', N'DV17 ')
GO
INSERT [dbo].[HS_DV] ([MaHS], [MaDV]) VALUES (N'HS88 ', N'DV35 ')
GO
INSERT [dbo].[HS_DV] ([MaHS], [MaDV]) VALUES (N'HS88 ', N'DV53 ')
GO
INSERT [dbo].[HS_DV] ([MaHS], [MaDV]) VALUES (N'HS88 ', N'DV73 ')
GO
INSERT [dbo].[HS_DV] ([MaHS], [MaDV]) VALUES (N'HS88 ', N'DV75 ')
GO
INSERT [dbo].[HS_DV] ([MaHS], [MaDV]) VALUES (N'HS88 ', N'DV87 ')
GO
INSERT [dbo].[HS_DV] ([MaHS], [MaDV]) VALUES (N'HS88 ', N'DV88 ')
GO
INSERT [dbo].[HS_DV] ([MaHS], [MaDV]) VALUES (N'HS88 ', N'DV94 ')
GO
INSERT [dbo].[HS_DV] ([MaHS], [MaDV]) VALUES (N'HS89 ', N'DV13 ')
GO
INSERT [dbo].[HS_DV] ([MaHS], [MaDV]) VALUES (N'HS89 ', N'DV23 ')
GO
INSERT [dbo].[HS_DV] ([MaHS], [MaDV]) VALUES (N'HS89 ', N'DV32 ')
GO
INSERT [dbo].[HS_DV] ([MaHS], [MaDV]) VALUES (N'HS89 ', N'DV33 ')
GO
INSERT [dbo].[HS_DV] ([MaHS], [MaDV]) VALUES (N'HS89 ', N'DV36 ')
GO
INSERT [dbo].[HS_DV] ([MaHS], [MaDV]) VALUES (N'HS89 ', N'DV47 ')
GO
INSERT [dbo].[HS_DV] ([MaHS], [MaDV]) VALUES (N'HS89 ', N'DV61 ')
GO
INSERT [dbo].[HS_DV] ([MaHS], [MaDV]) VALUES (N'HS89 ', N'DV64 ')
GO
INSERT [dbo].[HS_DV] ([MaHS], [MaDV]) VALUES (N'HS89 ', N'DV77 ')
GO
INSERT [dbo].[HS_DV] ([MaHS], [MaDV]) VALUES (N'HS89 ', N'DV89 ')
GO
INSERT [dbo].[HS_DV] ([MaHS], [MaDV]) VALUES (N'HS90 ', N'DV07 ')
GO
INSERT [dbo].[HS_DV] ([MaHS], [MaDV]) VALUES (N'HS90 ', N'DV16 ')
GO
INSERT [dbo].[HS_DV] ([MaHS], [MaDV]) VALUES (N'HS90 ', N'DV26 ')
GO
INSERT [dbo].[HS_DV] ([MaHS], [MaDV]) VALUES (N'HS90 ', N'DV39 ')
GO
INSERT [dbo].[HS_DV] ([MaHS], [MaDV]) VALUES (N'HS90 ', N'DV49 ')
GO
INSERT [dbo].[HS_DV] ([MaHS], [MaDV]) VALUES (N'HS90 ', N'DV59 ')
GO
INSERT [dbo].[HS_DV] ([MaHS], [MaDV]) VALUES (N'HS90 ', N'DV63 ')
GO
INSERT [dbo].[HS_DV] ([MaHS], [MaDV]) VALUES (N'HS90 ', N'DV71 ')
GO
INSERT [dbo].[HS_DV] ([MaHS], [MaDV]) VALUES (N'HS90 ', N'DV90 ')
GO
INSERT [dbo].[HS_DV] ([MaHS], [MaDV]) VALUES (N'HS90 ', N'DV95 ')
GO
INSERT [dbo].[HS_DV] ([MaHS], [MaDV]) VALUES (N'HS91 ', N'DV02 ')
GO
INSERT [dbo].[HS_DV] ([MaHS], [MaDV]) VALUES (N'HS91 ', N'DV25 ')
GO
INSERT [dbo].[HS_DV] ([MaHS], [MaDV]) VALUES (N'HS91 ', N'DV28 ')
GO
INSERT [dbo].[HS_DV] ([MaHS], [MaDV]) VALUES (N'HS91 ', N'DV42 ')
GO
INSERT [dbo].[HS_DV] ([MaHS], [MaDV]) VALUES (N'HS91 ', N'DV44 ')
GO
INSERT [dbo].[HS_DV] ([MaHS], [MaDV]) VALUES (N'HS91 ', N'DV45 ')
GO
INSERT [dbo].[HS_DV] ([MaHS], [MaDV]) VALUES (N'HS91 ', N'DV62 ')
GO
INSERT [dbo].[HS_DV] ([MaHS], [MaDV]) VALUES (N'HS91 ', N'DV91 ')
GO
INSERT [dbo].[HS_DV] ([MaHS], [MaDV]) VALUES (N'HS91 ', N'DV97 ')
GO
INSERT [dbo].[HS_DV] ([MaHS], [MaDV]) VALUES (N'HS91 ', N'DV98 ')
GO
INSERT [dbo].[HS_DV] ([MaHS], [MaDV]) VALUES (N'HS92 ', N'DV10 ')
GO
INSERT [dbo].[HS_DV] ([MaHS], [MaDV]) VALUES (N'HS92 ', N'DV12 ')
GO
INSERT [dbo].[HS_DV] ([MaHS], [MaDV]) VALUES (N'HS92 ', N'DV22 ')
GO
INSERT [dbo].[HS_DV] ([MaHS], [MaDV]) VALUES (N'HS92 ', N'DV30 ')
GO
INSERT [dbo].[HS_DV] ([MaHS], [MaDV]) VALUES (N'HS92 ', N'DV40 ')
GO
INSERT [dbo].[HS_DV] ([MaHS], [MaDV]) VALUES (N'HS92 ', N'DV46 ')
GO
INSERT [dbo].[HS_DV] ([MaHS], [MaDV]) VALUES (N'HS92 ', N'DV68 ')
GO
INSERT [dbo].[HS_DV] ([MaHS], [MaDV]) VALUES (N'HS92 ', N'DV74 ')
GO
INSERT [dbo].[HS_DV] ([MaHS], [MaDV]) VALUES (N'HS92 ', N'DV86 ')
GO
INSERT [dbo].[HS_DV] ([MaHS], [MaDV]) VALUES (N'HS92 ', N'DV92 ')
GO
INSERT [dbo].[HS_DV] ([MaHS], [MaDV]) VALUES (N'HS93 ', N'DV00 ')
GO
INSERT [dbo].[HS_DV] ([MaHS], [MaDV]) VALUES (N'HS93 ', N'DV04 ')
GO
INSERT [dbo].[HS_DV] ([MaHS], [MaDV]) VALUES (N'HS93 ', N'DV09 ')
GO
INSERT [dbo].[HS_DV] ([MaHS], [MaDV]) VALUES (N'HS93 ', N'DV20 ')
GO
INSERT [dbo].[HS_DV] ([MaHS], [MaDV]) VALUES (N'HS93 ', N'DV21 ')
GO
INSERT [dbo].[HS_DV] ([MaHS], [MaDV]) VALUES (N'HS93 ', N'DV24 ')
GO
INSERT [dbo].[HS_DV] ([MaHS], [MaDV]) VALUES (N'HS93 ', N'DV27 ')
GO
INSERT [dbo].[HS_DV] ([MaHS], [MaDV]) VALUES (N'HS93 ', N'DV38 ')
GO
INSERT [dbo].[HS_DV] ([MaHS], [MaDV]) VALUES (N'HS93 ', N'DV80 ')
GO
INSERT [dbo].[HS_DV] ([MaHS], [MaDV]) VALUES (N'HS93 ', N'DV93 ')
GO
INSERT [dbo].[HS_DV] ([MaHS], [MaDV]) VALUES (N'HS94 ', N'DV05 ')
GO
INSERT [dbo].[HS_DV] ([MaHS], [MaDV]) VALUES (N'HS94 ', N'DV08 ')
GO
INSERT [dbo].[HS_DV] ([MaHS], [MaDV]) VALUES (N'HS94 ', N'DV35 ')
GO
INSERT [dbo].[HS_DV] ([MaHS], [MaDV]) VALUES (N'HS94 ', N'DV50 ')
GO
INSERT [dbo].[HS_DV] ([MaHS], [MaDV]) VALUES (N'HS94 ', N'DV51 ')
GO
INSERT [dbo].[HS_DV] ([MaHS], [MaDV]) VALUES (N'HS94 ', N'DV56 ')
GO
INSERT [dbo].[HS_DV] ([MaHS], [MaDV]) VALUES (N'HS94 ', N'DV60 ')
GO
INSERT [dbo].[HS_DV] ([MaHS], [MaDV]) VALUES (N'HS94 ', N'DV70 ')
GO
INSERT [dbo].[HS_DV] ([MaHS], [MaDV]) VALUES (N'HS94 ', N'DV89 ')
GO
INSERT [dbo].[HS_DV] ([MaHS], [MaDV]) VALUES (N'HS94 ', N'DV94 ')
GO
INSERT [dbo].[HS_DV] ([MaHS], [MaDV]) VALUES (N'HS95 ', N'DV01 ')
GO
INSERT [dbo].[HS_DV] ([MaHS], [MaDV]) VALUES (N'HS95 ', N'DV10 ')
GO
INSERT [dbo].[HS_DV] ([MaHS], [MaDV]) VALUES (N'HS95 ', N'DV31 ')
GO
INSERT [dbo].[HS_DV] ([MaHS], [MaDV]) VALUES (N'HS95 ', N'DV34 ')
GO
INSERT [dbo].[HS_DV] ([MaHS], [MaDV]) VALUES (N'HS95 ', N'DV46 ')
GO
INSERT [dbo].[HS_DV] ([MaHS], [MaDV]) VALUES (N'HS95 ', N'DV59 ')
GO
INSERT [dbo].[HS_DV] ([MaHS], [MaDV]) VALUES (N'HS95 ', N'DV68 ')
GO
INSERT [dbo].[HS_DV] ([MaHS], [MaDV]) VALUES (N'HS95 ', N'DV71 ')
GO
INSERT [dbo].[HS_DV] ([MaHS], [MaDV]) VALUES (N'HS95 ', N'DV92 ')
GO
INSERT [dbo].[HS_DV] ([MaHS], [MaDV]) VALUES (N'HS95 ', N'DV95 ')
GO
INSERT [dbo].[HS_DV] ([MaHS], [MaDV]) VALUES (N'HS96 ', N'DV03 ')
GO
INSERT [dbo].[HS_DV] ([MaHS], [MaDV]) VALUES (N'HS96 ', N'DV07 ')
GO
INSERT [dbo].[HS_DV] ([MaHS], [MaDV]) VALUES (N'HS96 ', N'DV16 ')
GO
INSERT [dbo].[HS_DV] ([MaHS], [MaDV]) VALUES (N'HS96 ', N'DV39 ')
GO
INSERT [dbo].[HS_DV] ([MaHS], [MaDV]) VALUES (N'HS96 ', N'DV48 ')
GO
INSERT [dbo].[HS_DV] ([MaHS], [MaDV]) VALUES (N'HS96 ', N'DV49 ')
GO
INSERT [dbo].[HS_DV] ([MaHS], [MaDV]) VALUES (N'HS96 ', N'DV63 ')
GO
INSERT [dbo].[HS_DV] ([MaHS], [MaDV]) VALUES (N'HS96 ', N'DV66 ')
GO
INSERT [dbo].[HS_DV] ([MaHS], [MaDV]) VALUES (N'HS96 ', N'DV90 ')
GO
INSERT [dbo].[HS_DV] ([MaHS], [MaDV]) VALUES (N'HS96 ', N'DV96 ')
GO
INSERT [dbo].[HS_DV] ([MaHS], [MaDV]) VALUES (N'HS97 ', N'DV02 ')
GO
INSERT [dbo].[HS_DV] ([MaHS], [MaDV]) VALUES (N'HS97 ', N'DV25 ')
GO
INSERT [dbo].[HS_DV] ([MaHS], [MaDV]) VALUES (N'HS97 ', N'DV28 ')
GO
INSERT [dbo].[HS_DV] ([MaHS], [MaDV]) VALUES (N'HS97 ', N'DV44 ')
GO
INSERT [dbo].[HS_DV] ([MaHS], [MaDV]) VALUES (N'HS97 ', N'DV45 ')
GO
INSERT [dbo].[HS_DV] ([MaHS], [MaDV]) VALUES (N'HS97 ', N'DV62 ')
GO
INSERT [dbo].[HS_DV] ([MaHS], [MaDV]) VALUES (N'HS97 ', N'DV85 ')
GO
INSERT [dbo].[HS_DV] ([MaHS], [MaDV]) VALUES (N'HS97 ', N'DV97 ')
GO
INSERT [dbo].[HS_DV] ([MaHS], [MaDV]) VALUES (N'HS97 ', N'DV98 ')
GO
INSERT [dbo].[HS_DV] ([MaHS], [MaDV]) VALUES (N'HS97 ', N'DV99 ')
GO
INSERT [dbo].[HS_DV] ([MaHS], [MaDV]) VALUES (N'HS98 ', N'DV02 ')
GO
INSERT [dbo].[HS_DV] ([MaHS], [MaDV]) VALUES (N'HS98 ', N'DV03 ')
GO
INSERT [dbo].[HS_DV] ([MaHS], [MaDV]) VALUES (N'HS98 ', N'DV29 ')
GO
INSERT [dbo].[HS_DV] ([MaHS], [MaDV]) VALUES (N'HS98 ', N'DV65 ')
GO
INSERT [dbo].[HS_DV] ([MaHS], [MaDV]) VALUES (N'HS98 ', N'DV79 ')
GO
INSERT [dbo].[HS_DV] ([MaHS], [MaDV]) VALUES (N'HS98 ', N'DV82 ')
GO
INSERT [dbo].[HS_DV] ([MaHS], [MaDV]) VALUES (N'HS98 ', N'DV85 ')
GO
INSERT [dbo].[HS_DV] ([MaHS], [MaDV]) VALUES (N'HS98 ', N'DV96 ')
GO
INSERT [dbo].[HS_DV] ([MaHS], [MaDV]) VALUES (N'HS98 ', N'DV98 ')
GO
INSERT [dbo].[HS_DV] ([MaHS], [MaDV]) VALUES (N'HS98 ', N'DV99 ')
GO
INSERT [dbo].[HS_DV] ([MaHS], [MaDV]) VALUES (N'HS99 ', N'DV03 ')
GO
INSERT [dbo].[HS_DV] ([MaHS], [MaDV]) VALUES (N'HS99 ', N'DV29 ')
GO
INSERT [dbo].[HS_DV] ([MaHS], [MaDV]) VALUES (N'HS99 ', N'DV48 ')
GO
INSERT [dbo].[HS_DV] ([MaHS], [MaDV]) VALUES (N'HS99 ', N'DV65 ')
GO
INSERT [dbo].[HS_DV] ([MaHS], [MaDV]) VALUES (N'HS99 ', N'DV66 ')
GO
INSERT [dbo].[HS_DV] ([MaHS], [MaDV]) VALUES (N'HS99 ', N'DV79 ')
GO
INSERT [dbo].[HS_DV] ([MaHS], [MaDV]) VALUES (N'HS99 ', N'DV82 ')
GO
INSERT [dbo].[HS_DV] ([MaHS], [MaDV]) VALUES (N'HS99 ', N'DV90 ')
GO
INSERT [dbo].[HS_DV] ([MaHS], [MaDV]) VALUES (N'HS99 ', N'DV96 ')
GO
INSERT [dbo].[HS_DV] ([MaHS], [MaDV]) VALUES (N'HS99 ', N'DV99 ')
GO
INSERT [dbo].[HoaDon] ([MaHS], [TongTien], [TinhTrangThanhToan]) VALUES (N'HS00 ', CAST(3632781.10 AS Decimal(10, 2)), N' thanh ton')
GO
INSERT [dbo].[HoaDon] ([MaHS], [TongTien], [TinhTrangThanhToan]) VALUES (N'HS01 ', CAST(975487.84 AS Decimal(10, 2)), N'Chua thanh ton')
GO
INSERT [dbo].[HoaDon] ([MaHS], [TongTien], [TinhTrangThanhToan]) VALUES (N'HS02 ', CAST(1726428.34 AS Decimal(10, 2)), N'Chua thanh ton')
GO
INSERT [dbo].[HoaDon] ([MaHS], [TongTien], [TinhTrangThanhToan]) VALUES (N'HS03 ', CAST(1210299.92 AS Decimal(10, 2)), N'Chua thanh ton')
GO
INSERT [dbo].[HoaDon] ([MaHS], [TongTien], [TinhTrangThanhToan]) VALUES (N'HS04 ', CAST(8461348.18 AS Decimal(10, 2)), N'Chua thanh ton')
GO
INSERT [dbo].[HoaDon] ([MaHS], [TongTien], [TinhTrangThanhToan]) VALUES (N'HS05 ', CAST(5285654.95 AS Decimal(10, 2)), N'Chua thanh ton')
GO
INSERT [dbo].[HoaDon] ([MaHS], [TongTien], [TinhTrangThanhToan]) VALUES (N'HS06 ', CAST(6527770.92 AS Decimal(10, 2)), N' thanh ton')
GO
INSERT [dbo].[HoaDon] ([MaHS], [TongTien], [TinhTrangThanhToan]) VALUES (N'HS07 ', CAST(5789435.21 AS Decimal(10, 2)), N' thanh ton')
GO
INSERT [dbo].[HoaDon] ([MaHS], [TongTien], [TinhTrangThanhToan]) VALUES (N'HS08 ', CAST(7902947.56 AS Decimal(10, 2)), N'Chua thanh ton')
GO
INSERT [dbo].[HoaDon] ([MaHS], [TongTien], [TinhTrangThanhToan]) VALUES (N'HS09 ', CAST(9701729.78 AS Decimal(10, 2)), N' thanh ton')
GO
INSERT [dbo].[HoaDon] ([MaHS], [TongTien], [TinhTrangThanhToan]) VALUES (N'HS10 ', CAST(5736305.90 AS Decimal(10, 2)), N' thanh ton')
GO
INSERT [dbo].[HoaDon] ([MaHS], [TongTien], [TinhTrangThanhToan]) VALUES (N'HS11 ', CAST(2331297.05 AS Decimal(10, 2)), N'Chua thanh ton')
GO
INSERT [dbo].[HoaDon] ([MaHS], [TongTien], [TinhTrangThanhToan]) VALUES (N'HS12 ', CAST(2900482.37 AS Decimal(10, 2)), N' thanh ton')
GO
INSERT [dbo].[HoaDon] ([MaHS], [TongTien], [TinhTrangThanhToan]) VALUES (N'HS13 ', CAST(7275933.44 AS Decimal(10, 2)), N' thanh ton')
GO
INSERT [dbo].[HoaDon] ([MaHS], [TongTien], [TinhTrangThanhToan]) VALUES (N'HS14 ', CAST(4360148.61 AS Decimal(10, 2)), N' thanh ton')
GO
INSERT [dbo].[HoaDon] ([MaHS], [TongTien], [TinhTrangThanhToan]) VALUES (N'HS15 ', CAST(3845794.91 AS Decimal(10, 2)), N'Chua thanh ton')
GO
INSERT [dbo].[HoaDon] ([MaHS], [TongTien], [TinhTrangThanhToan]) VALUES (N'HS16 ', CAST(5983666.54 AS Decimal(10, 2)), N'Chua thanh ton')
GO
INSERT [dbo].[HoaDon] ([MaHS], [TongTien], [TinhTrangThanhToan]) VALUES (N'HS17 ', CAST(2761941.58 AS Decimal(10, 2)), N'Chua thanh ton')
GO
INSERT [dbo].[HoaDon] ([MaHS], [TongTien], [TinhTrangThanhToan]) VALUES (N'HS18 ', CAST(6979708.82 AS Decimal(10, 2)), N'Chua thanh ton')
GO
INSERT [dbo].[HoaDon] ([MaHS], [TongTien], [TinhTrangThanhToan]) VALUES (N'HS19 ', CAST(9791272.50 AS Decimal(10, 2)), N'Chua thanh ton')
GO
INSERT [dbo].[HoaDon] ([MaHS], [TongTien], [TinhTrangThanhToan]) VALUES (N'HS20 ', CAST(249592.06 AS Decimal(10, 2)), N'Chua thanh ton')
GO
INSERT [dbo].[HoaDon] ([MaHS], [TongTien], [TinhTrangThanhToan]) VALUES (N'HS21 ', CAST(6211096.19 AS Decimal(10, 2)), N' thanh ton')
GO
INSERT [dbo].[HoaDon] ([MaHS], [TongTien], [TinhTrangThanhToan]) VALUES (N'HS22 ', CAST(2738867.11 AS Decimal(10, 2)), N'Chua thanh ton')
GO
INSERT [dbo].[HoaDon] ([MaHS], [TongTien], [TinhTrangThanhToan]) VALUES (N'HS23 ', CAST(9705140.90 AS Decimal(10, 2)), N'Chua thanh ton')
GO
INSERT [dbo].[HoaDon] ([MaHS], [TongTien], [TinhTrangThanhToan]) VALUES (N'HS24 ', CAST(7385669.00 AS Decimal(10, 2)), N'Chua thanh ton')
GO
INSERT [dbo].[HoaDon] ([MaHS], [TongTien], [TinhTrangThanhToan]) VALUES (N'HS25 ', CAST(2511437.45 AS Decimal(10, 2)), N' thanh ton')
GO
INSERT [dbo].[HoaDon] ([MaHS], [TongTien], [TinhTrangThanhToan]) VALUES (N'HS26 ', CAST(4794950.94 AS Decimal(10, 2)), N' thanh ton')
GO
INSERT [dbo].[HoaDon] ([MaHS], [TongTien], [TinhTrangThanhToan]) VALUES (N'HS27 ', CAST(6894389.59 AS Decimal(10, 2)), N'Chua thanh ton')
GO
INSERT [dbo].[HoaDon] ([MaHS], [TongTien], [TinhTrangThanhToan]) VALUES (N'HS28 ', CAST(4462904.50 AS Decimal(10, 2)), N' thanh ton')
GO
INSERT [dbo].[HoaDon] ([MaHS], [TongTien], [TinhTrangThanhToan]) VALUES (N'HS29 ', CAST(2076002.94 AS Decimal(10, 2)), N'Chua thanh ton')
GO
INSERT [dbo].[HoaDon] ([MaHS], [TongTien], [TinhTrangThanhToan]) VALUES (N'HS30 ', CAST(733878.25 AS Decimal(10, 2)), N'Chua thanh ton')
GO
INSERT [dbo].[HoaDon] ([MaHS], [TongTien], [TinhTrangThanhToan]) VALUES (N'HS31 ', CAST(8775850.39 AS Decimal(10, 2)), N' thanh ton')
GO
INSERT [dbo].[HoaDon] ([MaHS], [TongTien], [TinhTrangThanhToan]) VALUES (N'HS32 ', CAST(9085412.33 AS Decimal(10, 2)), N' thanh ton')
GO
INSERT [dbo].[HoaDon] ([MaHS], [TongTien], [TinhTrangThanhToan]) VALUES (N'HS33 ', CAST(6815719.81 AS Decimal(10, 2)), N'Chua thanh ton')
GO
INSERT [dbo].[HoaDon] ([MaHS], [TongTien], [TinhTrangThanhToan]) VALUES (N'HS34 ', CAST(9181199.78 AS Decimal(10, 2)), N' thanh ton')
GO
INSERT [dbo].[HoaDon] ([MaHS], [TongTien], [TinhTrangThanhToan]) VALUES (N'HS35 ', CAST(8149929.02 AS Decimal(10, 2)), N' thanh ton')
GO
INSERT [dbo].[HoaDon] ([MaHS], [TongTien], [TinhTrangThanhToan]) VALUES (N'HS36 ', CAST(5078729.44 AS Decimal(10, 2)), N' thanh ton')
GO
INSERT [dbo].[HoaDon] ([MaHS], [TongTien], [TinhTrangThanhToan]) VALUES (N'HS37 ', CAST(4989848.55 AS Decimal(10, 2)), N' thanh ton')
GO
INSERT [dbo].[HoaDon] ([MaHS], [TongTien], [TinhTrangThanhToan]) VALUES (N'HS38 ', CAST(3353114.41 AS Decimal(10, 2)), N' thanh ton')
GO
INSERT [dbo].[HoaDon] ([MaHS], [TongTien], [TinhTrangThanhToan]) VALUES (N'HS39 ', CAST(4508666.54 AS Decimal(10, 2)), N' thanh ton')
GO
INSERT [dbo].[HoaDon] ([MaHS], [TongTien], [TinhTrangThanhToan]) VALUES (N'HS40 ', CAST(5196034.96 AS Decimal(10, 2)), N'Chua thanh ton')
GO
INSERT [dbo].[HoaDon] ([MaHS], [TongTien], [TinhTrangThanhToan]) VALUES (N'HS41 ', CAST(6601954.61 AS Decimal(10, 2)), N'Chua thanh ton')
GO
INSERT [dbo].[HoaDon] ([MaHS], [TongTien], [TinhTrangThanhToan]) VALUES (N'HS42 ', CAST(6720038.51 AS Decimal(10, 2)), NULL)
GO
INSERT [dbo].[HoaDon] ([MaHS], [TongTien], [TinhTrangThanhToan]) VALUES (N'HS43 ', CAST(3149723.36 AS Decimal(10, 2)), N'Chua thanh ton')
GO
INSERT [dbo].[HoaDon] ([MaHS], [TongTien], [TinhTrangThanhToan]) VALUES (N'HS44 ', CAST(7338512.41 AS Decimal(10, 2)), N' thanh ton')
GO
INSERT [dbo].[HoaDon] ([MaHS], [TongTien], [TinhTrangThanhToan]) VALUES (N'HS45 ', CAST(7026248.00 AS Decimal(10, 2)), N'Chua thanh ton')
GO
INSERT [dbo].[HoaDon] ([MaHS], [TongTien], [TinhTrangThanhToan]) VALUES (N'HS46 ', CAST(3995386.97 AS Decimal(10, 2)), N' thanh ton')
GO
INSERT [dbo].[HoaDon] ([MaHS], [TongTien], [TinhTrangThanhToan]) VALUES (N'HS47 ', CAST(899586.66 AS Decimal(10, 2)), N'Chua thanh ton')
GO
INSERT [dbo].[HoaDon] ([MaHS], [TongTien], [TinhTrangThanhToan]) VALUES (N'HS48 ', CAST(7909811.70 AS Decimal(10, 2)), N'Chua thanh ton')
GO
INSERT [dbo].[HoaDon] ([MaHS], [TongTien], [TinhTrangThanhToan]) VALUES (N'HS49 ', CAST(6684849.72 AS Decimal(10, 2)), N'Chua thanh ton')
GO
INSERT [dbo].[HoaDon] ([MaHS], [TongTien], [TinhTrangThanhToan]) VALUES (N'HS50 ', CAST(9559307.02 AS Decimal(10, 2)), N'Chua thanh ton')
GO
INSERT [dbo].[HoaDon] ([MaHS], [TongTien], [TinhTrangThanhToan]) VALUES (N'HS51 ', CAST(6221257.00 AS Decimal(10, 2)), N' thanh ton')
GO
INSERT [dbo].[HoaDon] ([MaHS], [TongTien], [TinhTrangThanhToan]) VALUES (N'HS52 ', CAST(1199198.00 AS Decimal(10, 2)), N' thanh ton')
GO
INSERT [dbo].[HoaDon] ([MaHS], [TongTien], [TinhTrangThanhToan]) VALUES (N'HS53 ', CAST(5882209.09 AS Decimal(10, 2)), N' thanh ton')
GO
INSERT [dbo].[HoaDon] ([MaHS], [TongTien], [TinhTrangThanhToan]) VALUES (N'HS54 ', CAST(3437933.91 AS Decimal(10, 2)), N' thanh ton')
GO
INSERT [dbo].[HoaDon] ([MaHS], [TongTien], [TinhTrangThanhToan]) VALUES (N'HS55 ', CAST(3110952.78 AS Decimal(10, 2)), N'Chua thanh ton')
GO
INSERT [dbo].[HoaDon] ([MaHS], [TongTien], [TinhTrangThanhToan]) VALUES (N'HS56 ', CAST(7513545.16 AS Decimal(10, 2)), N'Chua thanh ton')
GO
INSERT [dbo].[HoaDon] ([MaHS], [TongTien], [TinhTrangThanhToan]) VALUES (N'HS57 ', CAST(5508341.26 AS Decimal(10, 2)), N'Chua thanh ton')
GO
INSERT [dbo].[HoaDon] ([MaHS], [TongTien], [TinhTrangThanhToan]) VALUES (N'HS58 ', CAST(1981460.79 AS Decimal(10, 2)), N'Chua thanh ton')
GO
INSERT [dbo].[HoaDon] ([MaHS], [TongTien], [TinhTrangThanhToan]) VALUES (N'HS59 ', CAST(5552787.67 AS Decimal(10, 2)), N' thanh ton')
GO
INSERT [dbo].[HoaDon] ([MaHS], [TongTien], [TinhTrangThanhToan]) VALUES (N'HS60 ', CAST(4740292.65 AS Decimal(10, 2)), N'Chua thanh ton')
GO
INSERT [dbo].[HoaDon] ([MaHS], [TongTien], [TinhTrangThanhToan]) VALUES (N'HS61 ', CAST(2630586.83 AS Decimal(10, 2)), N'Chua thanh ton')
GO
INSERT [dbo].[HoaDon] ([MaHS], [TongTien], [TinhTrangThanhToan]) VALUES (N'HS62 ', CAST(2772944.53 AS Decimal(10, 2)), N'Chua thanh ton')
GO
INSERT [dbo].[HoaDon] ([MaHS], [TongTien], [TinhTrangThanhToan]) VALUES (N'HS63 ', CAST(7879211.82 AS Decimal(10, 2)), N'Chua thanh ton')
GO
INSERT [dbo].[HoaDon] ([MaHS], [TongTien], [TinhTrangThanhToan]) VALUES (N'HS64 ', CAST(1745227.57 AS Decimal(10, 2)), N'Chua thanh ton')
GO
INSERT [dbo].[HoaDon] ([MaHS], [TongTien], [TinhTrangThanhToan]) VALUES (N'HS65 ', CAST(4300838.84 AS Decimal(10, 2)), N'Chua thanh ton')
GO
INSERT [dbo].[HoaDon] ([MaHS], [TongTien], [TinhTrangThanhToan]) VALUES (N'HS66 ', CAST(1642403.12 AS Decimal(10, 2)), N'Chua thanh ton')
GO
INSERT [dbo].[HoaDon] ([MaHS], [TongTien], [TinhTrangThanhToan]) VALUES (N'HS67 ', CAST(1273758.07 AS Decimal(10, 2)), N'Chua thanh ton')
GO
INSERT [dbo].[HoaDon] ([MaHS], [TongTien], [TinhTrangThanhToan]) VALUES (N'HS68 ', CAST(4905519.95 AS Decimal(10, 2)), N'Chua thanh ton')
GO
INSERT [dbo].[HoaDon] ([MaHS], [TongTien], [TinhTrangThanhToan]) VALUES (N'HS69 ', CAST(6898254.22 AS Decimal(10, 2)), N' thanh ton')
GO
INSERT [dbo].[HoaDon] ([MaHS], [TongTien], [TinhTrangThanhToan]) VALUES (N'HS70 ', CAST(8080615.97 AS Decimal(10, 2)), N' thanh ton')
GO
INSERT [dbo].[HoaDon] ([MaHS], [TongTien], [TinhTrangThanhToan]) VALUES (N'HS71 ', CAST(1925863.24 AS Decimal(10, 2)), N' thanh ton')
GO
INSERT [dbo].[HoaDon] ([MaHS], [TongTien], [TinhTrangThanhToan]) VALUES (N'HS72 ', CAST(2200684.10 AS Decimal(10, 2)), N' thanh ton')
GO
INSERT [dbo].[HoaDon] ([MaHS], [TongTien], [TinhTrangThanhToan]) VALUES (N'HS73 ', CAST(1885724.74 AS Decimal(10, 2)), N'Chua thanh ton')
GO
INSERT [dbo].[HoaDon] ([MaHS], [TongTien], [TinhTrangThanhToan]) VALUES (N'HS74 ', CAST(4561932.51 AS Decimal(10, 2)), N' thanh ton')
GO
INSERT [dbo].[HoaDon] ([MaHS], [TongTien], [TinhTrangThanhToan]) VALUES (N'HS75 ', CAST(9954237.97 AS Decimal(10, 2)), N' thanh ton')
GO
INSERT [dbo].[HoaDon] ([MaHS], [TongTien], [TinhTrangThanhToan]) VALUES (N'HS76 ', CAST(2384057.99 AS Decimal(10, 2)), N' thanh ton')
GO
INSERT [dbo].[HoaDon] ([MaHS], [TongTien], [TinhTrangThanhToan]) VALUES (N'HS77 ', CAST(9000325.28 AS Decimal(10, 2)), N' thanh ton')
GO
INSERT [dbo].[HoaDon] ([MaHS], [TongTien], [TinhTrangThanhToan]) VALUES (N'HS78 ', CAST(3558768.93 AS Decimal(10, 2)), N'Chua thanh ton')
GO
INSERT [dbo].[HoaDon] ([MaHS], [TongTien], [TinhTrangThanhToan]) VALUES (N'HS79 ', CAST(191174.90 AS Decimal(10, 2)), N' thanh ton')
GO
INSERT [dbo].[HoaDon] ([MaHS], [TongTien], [TinhTrangThanhToan]) VALUES (N'HS80 ', CAST(4870331.16 AS Decimal(10, 2)), N' thanh ton')
GO
INSERT [dbo].[HoaDon] ([MaHS], [TongTien], [TinhTrangThanhToan]) VALUES (N'HS81 ', CAST(5756943.06 AS Decimal(10, 2)), N' thanh ton')
GO
INSERT [dbo].[HoaDon] ([MaHS], [TongTien], [TinhTrangThanhToan]) VALUES (N'HS82 ', CAST(3249851.05 AS Decimal(10, 2)), N'Chua thanh ton')
GO
INSERT [dbo].[HoaDon] ([MaHS], [TongTien], [TinhTrangThanhToan]) VALUES (N'HS83 ', CAST(1895530.78 AS Decimal(10, 2)), N'Chua thanh ton')
GO
INSERT [dbo].[HoaDon] ([MaHS], [TongTien], [TinhTrangThanhToan]) VALUES (N'HS84 ', CAST(8950833.06 AS Decimal(10, 2)), N' thanh ton')
GO
INSERT [dbo].[HoaDon] ([MaHS], [TongTien], [TinhTrangThanhToan]) VALUES (N'HS85 ', CAST(7331128.80 AS Decimal(10, 2)), N' thanh ton')
GO
INSERT [dbo].[HoaDon] ([MaHS], [TongTien], [TinhTrangThanhToan]) VALUES (N'HS86 ', CAST(3307352.37 AS Decimal(10, 2)), N'Chua thanh ton')
GO
INSERT [dbo].[HoaDon] ([MaHS], [TongTien], [TinhTrangThanhToan]) VALUES (N'HS87 ', CAST(2203524.79 AS Decimal(10, 2)), N'Chua thanh ton')
GO
INSERT [dbo].[HoaDon] ([MaHS], [TongTien], [TinhTrangThanhToan]) VALUES (N'HS88 ', CAST(135188.79 AS Decimal(10, 2)), N'Chua thanh ton')
GO
INSERT [dbo].[HoaDon] ([MaHS], [TongTien], [TinhTrangThanhToan]) VALUES (N'HS89 ', CAST(7080470.61 AS Decimal(10, 2)), N' thanh ton')
GO
INSERT [dbo].[HoaDon] ([MaHS], [TongTien], [TinhTrangThanhToan]) VALUES (N'HS90 ', CAST(2011754.77 AS Decimal(10, 2)), N'Chua thanh ton')
GO
INSERT [dbo].[HoaDon] ([MaHS], [TongTien], [TinhTrangThanhToan]) VALUES (N'HS91 ', CAST(1725006.73 AS Decimal(10, 2)), N' thanh ton')
GO
INSERT [dbo].[HoaDon] ([MaHS], [TongTien], [TinhTrangThanhToan]) VALUES (N'HS92 ', CAST(9560546.19 AS Decimal(10, 2)), N'Chua thanh ton')
GO
INSERT [dbo].[HoaDon] ([MaHS], [TongTien], [TinhTrangThanhToan]) VALUES (N'HS93 ', CAST(8367094.32 AS Decimal(10, 2)), N' thanh ton')
GO
INSERT [dbo].[HoaDon] ([MaHS], [TongTien], [TinhTrangThanhToan]) VALUES (N'HS94 ', CAST(850940.50 AS Decimal(10, 2)), N' thanh ton')
GO
INSERT [dbo].[HoaDon] ([MaHS], [TongTien], [TinhTrangThanhToan]) VALUES (N'HS95 ', CAST(6890735.45 AS Decimal(10, 2)), N' thanh ton')
GO
INSERT [dbo].[HoaDon] ([MaHS], [TongTien], [TinhTrangThanhToan]) VALUES (N'HS96 ', CAST(2298174.12 AS Decimal(10, 2)), N' thanh ton')
GO
INSERT [dbo].[HoaDon] ([MaHS], [TongTien], [TinhTrangThanhToan]) VALUES (N'HS97 ', CAST(7892960.01 AS Decimal(10, 2)), N'Chua thanh ton')
GO
INSERT [dbo].[HoaDon] ([MaHS], [TongTien], [TinhTrangThanhToan]) VALUES (N'HS98 ', CAST(4587804.83 AS Decimal(10, 2)), N'Chua thanh ton')
GO
INSERT [dbo].[HoaDon] ([MaHS], [TongTien], [TinhTrangThanhToan]) VALUES (N'HS99 ', CAST(4997107.39 AS Decimal(10, 2)), N'Chua thanh ton')
GO
